Tournament,Year,Age,Belt,Gender,Weight Class,Placing,Competitor Name,Academy Name
Campeonato Brasileiro de Jiu-Jitsu,1994,Adult,Black,Male,Light Feather,1,Alberto Santos,Carlson Gracie
Campeonato Brasileiro de Jiu-Jitsu,1994,Adult,Black,Male,Feather,1,Royler Gracie,Gracie
Campeonato Brasileiro de Jiu-Jitsu,1994,Adult,Black,Male,Light,1,Renzo Gracie,Gracie Barra
Campeonato Brasileiro de Jiu-Jitsu,1994,Adult,Black,Male,Middle,1,Ailson Brites,Carlson Gracie
Campeonato Brasileiro de Jiu-Jitsu,1994,Adult,Black,Male,Medium Heavy,1,Amauri Bitetti,Carlson Gracie
Campeonato Brasileiro de Jiu-Jitsu,1994,Adult,Black,Male,Heavy,1,Fabio Gurgel,Master
Campeonato Brasileiro de Jiu-Jitsu,1994,Adult,Black,Male,Super Heavy,1,Murilo Bustamante,Carlson Gracie
Campeonato Brasileiro de Jiu-Jitsu,1994,Adult,Black,Male,Ultra Heavy,1,Rogerio Olegario,Osvaldo Alves
Campeonato Brasileiro de Jiu-Jitsu,1994,Adult,Black,Male,Open Class,1,Murilo Bustamante,Carlson Gracie
Campeonato Brasileiro de Jiu-Jitsu,1994,Adult,Black,Male,Light Feather,2,Vinicius Campbello,Master
Campeonato Brasileiro de Jiu-Jitsu,1994,Adult,Black,Male,Feather,2,Alexandre Carneiro,Gracie Barra
Campeonato Brasileiro de Jiu-Jitsu,1994,Adult,Black,Male,Light,2,Luiz Carlos Valoair,Carlson Gracie
Campeonato Brasileiro de Jiu-Jitsu,1994,Adult,Black,Male,Middle,2,Roberto Correa,Gracie Barra
Campeonato Brasileiro de Jiu-Jitsu,1994,Adult,Black,Male,Medium Heavy,2,Marcelo Figueiredo,Borges
Campeonato Brasileiro de Jiu-Jitsu,1994,Adult,Black,Male,Heavy,2,Sergio Souza,Carlson Gracie
Campeonato Brasileiro de Jiu-Jitsu,1994,Adult,Black,Male,Super Heavy,2,Leonardo C. Branco,Master
Campeonato Brasileiro de Jiu-Jitsu,1994,Adult,Black,Male,Ultra Heavy,2,Ronald Bauer,Bauer
Campeonato Brasileiro de Jiu-Jitsu,1994,Adult,Black,Male,Open Class,2,Amauri Bitetti,Carlson Gracie
Campeonato Brasileiro de Jiu-Jitsu,1996,Adult,Black,Male,Rooster,1,Marcos Barreto,Monir
Campeonato Brasileiro de Jiu-Jitsu,1996,Adult,Black,Male,Light Feather,1,Helio Moreira,Gracie Barra
Campeonato Brasileiro de Jiu-Jitsu,1996,Adult,Black,Male,Feather,1,Alexandre Carneiro,Gracie Barra
Campeonato Brasileiro de Jiu-Jitsu,1996,Adult,Black,Male,Light,1,Eduardo Galvão,Gracie Barra
Campeonato Brasileiro de Jiu-Jitsu,1996,Adult,Black,Male,Middle,1,Eduardo Conceição,Alliance
Campeonato Brasileiro de Jiu-Jitsu,1996,Adult,Black,Male,Medium Heavy,1,Antonio Shembi,Gracie Barra
Campeonato Brasileiro de Jiu-Jitsu,1996,Adult,Black,Male,Heavy,1,Fabio Gurgel,Alliance
Campeonato Brasileiro de Jiu-Jitsu,1996,Adult,Black,Male,Super Heavy,1,Roberto Magalhães,Gracie Barra
Campeonato Brasileiro de Jiu-Jitsu,1996,Adult,Black,Male,Ultra Heavy,1,Daniel Simoes,Gracie Barra
Campeonato Brasileiro de Jiu-Jitsu,1996,Adult,Black,Male,Open Class,1,Antônio Shambri,Gracie Barra
Campeonato Brasileiro de Jiu-Jitsu,1996,Adult,Black,Male,Light Feather,2,Ivanilson,Nova Uniao
Campeonato Brasileiro de Jiu-Jitsu,1996,Adult,Black,Male,Feather,2,Marcio Feitosa,Gracie Barra
Campeonato Brasileiro de Jiu-Jitsu,1996,Adult,Black,Male,Light,2,Paulo Barroso,Gracie Humaita
Campeonato Brasileiro de Jiu-Jitsu,1996,Adult,Black,Male,Middle,2,Roberto Correa,Gracie Barra
Campeonato Brasileiro de Jiu-Jitsu,1996,Adult,Black,Male,Medium Heavy,2,Anderson Xavier,Alliance
Campeonato Brasileiro de Jiu-Jitsu,1996,Adult,Black,Male,Heavy,2,Francisco Bueno,Nova Uniao
Campeonato Brasileiro de Jiu-Jitsu,1996,Adult,Black,Male,Super Heavy,2,Saulo Ribeiro,Gracie Humaita
Campeonato Brasileiro de Jiu-Jitsu,1996,Adult,Black,Male,Ultra Heavy,2,Bayard Paoli,Alliance
Campeonato Brasileiro de Jiu-Jitsu,1996,Adult,Black,Male,Open Class,2,Leo Dalla,Jorge Pereira
Campeonato Brasileiro de Jiu-Jitsu,1996,Adult,Black,Male,Feather,3,Paulo Coelho,Gracie Humaita
Campeonato Brasileiro de Jiu-Jitsu,1996,Adult,Black,Male,Feather,3,Otavio Couto,Alliance
Campeonato Brasileiro de Jiu-Jitsu,1996,Adult,Black,Male,Light,3,Paulo Guilhobel,Jorge Pereira
Campeonato Brasileiro de Jiu-Jitsu,1996,Adult,Black,Male,Light,3,Manoel Neto,Carlson Team
Campeonato Brasileiro de Jiu-Jitsu,1996,Adult,Black,Male,Middle,3,Rogerio Olegario,Equipe 3
Campeonato Brasileiro de Jiu-Jitsu,1996,Adult,Black,Male,Medium Heavy,3,Leo Dalla,Jorge Pereira
Campeonato Brasileiro de Jiu-Jitsu,1996,Adult,Black,Male,Medium Heavy,3,Ricardo Pinho,Gracie Barra
Campeonato Brasileiro de Jiu-Jitsu,1996,Adult,Black,Male,Heavy,3,Roberto Ferreira,Wall Street
Campeonato Brasileiro de Jiu-Jitsu,1996,Adult,Black,Male,Heavy,3,Marcus Vinicius,Oriente
Campeonato Brasileiro de Jiu-Jitsu,1996,Adult,Black,Male,Super Heavy,3,Carlos Pedro,Nova Uniao
Campeonato Brasileiro de Jiu-Jitsu,1996,Adult,Black,Male,Super Heavy,3,Ricardo Herlliote,Gracie Barra
Campeonato Brasileiro de Jiu-Jitsu,1996,Adult,Black,Male,Ultra Heavy,3,Artur Ignarra,Dojo
Campeonato Brasileiro de Jiu-Jitsu,1996,Adult,Black,Male,Ultra Heavy,3,Celso Castro,De La Riva
Campeonato Brasileiro de Jiu-Jitsu,1996,Adult,Black,Male,Open Class,3,Daniel Simoes,Gracie Barra
Campeonato Brasileiro de Jiu-Jitsu,1997,Adult,Black,Male,Light Feather,1,Fredson Alves,Gracie Humaita
Campeonato Brasileiro de Jiu-Jitsu,1997,Adult,Black,Male,Feather,1,Paulo Coelho,Gracie Humaita
Campeonato Brasileiro de Jiu-Jitsu,1997,Adult,Black,Male,Light,1,Eduardo Galvão,Gracie Barra
Campeonato Brasileiro de Jiu-Jitsu,1997,Adult,Black,Male,Middle,1,Rafael Correa,Gracie Barra
Campeonato Brasileiro de Jiu-Jitsu,1997,Adult,Black,Male,Medium Heavy,1,Ryan Gracie,Gracie Barra
Campeonato Brasileiro de Jiu-Jitsu,1997,Adult,Black,Male,Heavy,1,Eduardo de Lima,Gracie Barra
Campeonato Brasileiro de Jiu-Jitsu,1997,Adult,Black,Male,Super Heavy,1,Bruno Severiano,Gracie Barra
Campeonato Brasileiro de Jiu-Jitsu,1997,Adult,Black,Male,Ultra Heavy,1,Daniel Simoes,Gracie Barra
Campeonato Brasileiro de Jiu-Jitsu,1997,Adult,Black,Male,Open Class,1,Roberto Correa,Gracie Barra
Campeonato Brasileiro de Jiu-Jitsu,1997,Adult,Black,Male,Light Feather,2,Thiago Asfora,Top Team
Campeonato Brasileiro de Jiu-Jitsu,1997,Adult,Black,Male,Feather,2,Garcia D'areilla,Osvaldo Alves
Campeonato Brasileiro de Jiu-Jitsu,1997,Adult,Black,Male,Light,2,Luiz Henrique,Gracie Barra
Campeonato Brasileiro de Jiu-Jitsu,1997,Adult,Black,Male,Middle,2,Eduardo Manno,Gracie Humaita
Campeonato Brasileiro de Jiu-Jitsu,1997,Adult,Black,Male,Medium Heavy,2,Roberto Correa,Gracie Barra
Campeonato Brasileiro de Jiu-Jitsu,1997,Adult,Black,Male,Heavy,2,Antonio Novaes,Gracie Barra
Campeonato Brasileiro de Jiu-Jitsu,1997,Adult,Black,Male,Super Heavy,2,Roberto Magalhãees,Gracie Barra
Campeonato Brasileiro de Jiu-Jitsu,1997,Adult,Black,Male,Ultra Heavy,2,Romel Cardoso,Gracie Barra
Campeonato Brasileiro de Jiu-Jitsu,1997,Adult,Black,Male,Open Class,2,Bruno Severiano,Gracie Barra
Campeonato Brasileiro de Jiu-Jitsu,1997,Adult,Black,Male,Light,3,Liboni,Liboni
Campeonato Brasileiro de Jiu-Jitsu,1997,Adult,Black,Male,Light,3,Alexandre Albuquerque,Gracie Barra Bh
Campeonato Brasileiro de Jiu-Jitsu,1997,Adult,Black,Male,Middle,3,Sergio Amaral,Carlos Henrique
Campeonato Brasileiro de Jiu-Jitsu,1997,Adult,Black,Male,Medium Heavy,3,Roberto Ferreira,Wall Street
Campeonato Brasileiro de Jiu-Jitsu,1997,Adult,Black,Male,Medium Heavy,3,Mario Saraiva,Kioto
Campeonato Brasileiro de Jiu-Jitsu,1997,Adult,Black,Male,Super Heavy,3,Marcelo Yogi,Gracie Ipanema
Campeonato Brasileiro de Jiu-Jitsu,1997,Adult,Black,Male,Super Heavy,3,Guilherme Santos,Guilherme Santos
Campeonato Brasileiro de Jiu-Jitsu,1997,Adult,Black,Male,Ultra Heavy,3,ssed Naked,Osvaldo Alves
Campeonato Brasileiro de Jiu-Jitsu,1997,Adult,Black,Male,Ultra Heavy,3,Marcelo Valente,Carlos Henrique
Campeonato Brasileiro de Jiu-Jitsu,1997,Adult,Black,Male,Open Class,3,Roberto Ferreira,Wall Street
Campeonato Brasileiro de Jiu-Jitsu,1997,Adult,Black,Male,Open Class,3,Fredson Alves,Gracie Humaita
Campeonato Brasileiro de Jiu-Jitsu,1998,Adult,Black,Male,Rooster,1,Marcelo Pereira,Nova Uniao
Campeonato Brasileiro de Jiu-Jitsu,1998,Adult,Black,Male,Light Feather,1,Robson Moura,Nova Uniao
Campeonato Brasileiro de Jiu-Jitsu,1998,Adult,Black,Male,Feather,1,Vitor Ribeiro,Nova Uniao
Campeonato Brasileiro de Jiu-Jitsu,1998,Adult,Black,Male,Light,1,Marcio Feitosa,Gracie Barra
Campeonato Brasileiro de Jiu-Jitsu,1998,Adult,Black,Male,Middle,1,Leonardo Vieira,Alliance
Campeonato Brasileiro de Jiu-Jitsu,1998,Adult,Black,Male,Medium Heavy,1,Saulo Ribeiro,G. Humaita/Iate
Campeonato Brasileiro de Jiu-Jitsu,1998,Adult,Black,Male,Heavy,1,Amaury Bitetti,Carlson Gracie
Campeonato Brasileiro de Jiu-Jitsu,1998,Adult,Black,Male,Super Heavy,1,Renato Ferro,Cralson Gracie
Campeonato Brasileiro de Jiu-Jitsu,1998,Adult,Black,Male,Ultra Heavy,1,Luiz Guilherme,Jorge Pereira
Campeonato Brasileiro de Jiu-Jitsu,1998,Adult,Black,Male,Open Class,1,Saulo Ribeiro,G.Humaita/Iate
Campeonato Brasileiro de Jiu-Jitsu,1998,Adult,Black,Male,Rooster,2,Hunderson De Oliveira,Leão Dourado MG
Campeonato Brasileiro de Jiu-Jitsu,1998,Adult,Black,Male,Light Feather,2,Vinicius Cruz,Carlson Gracie
Campeonato Brasileiro de Jiu-Jitsu,1998,Adult,Black,Male,Feather,2,Fredson Alves,G.Humaita/Iate
Campeonato Brasileiro de Jiu-Jitsu,1998,Adult,Black,Male,Light,2,Marco Aurelio,Carlson Gracie
Campeonato Brasileiro de Jiu-Jitsu,1998,Adult,Black,Male,Middle,2,Paulo Guilhobel,Jorge Pereira
Campeonato Brasileiro de Jiu-Jitsu,1998,Adult,Black,Male,Medium Heavy,2,Murilo Rupp,Carlson Gracie
Campeonato Brasileiro de Jiu-Jitsu,1998,Adult,Black,Male,Heavy,2,Murilo Bustamante,Carlson Gracie
Campeonato Brasileiro de Jiu-Jitsu,1998,Adult,Black,Male,Super Heavy,2,Pericles Laudier,Alliance
Campeonato Brasileiro de Jiu-Jitsu,1998,Adult,Black,Male,Ultra Heavy,2,Otavio Duarte,Jorge Pereira
Campeonato Brasileiro de Jiu-Jitsu,1998,Adult,Black,Male,Open Class,2,Otavio Duarte,Jorge Pereira
Campeonato Brasileiro de Jiu-Jitsu,1998,Adult,Black,Male,Light Feather,3,Jefferson Alvaro,West Team
Campeonato Brasileiro de Jiu-Jitsu,1998,Adult,Black,Male,Light Feather,3,Luis Renato,Gracie Humaita
Campeonato Brasileiro de Jiu-Jitsu,1998,Adult,Black,Male,Feather,3,Otavio Couto,Alliance
Campeonato Brasileiro de Jiu-Jitsu,1998,Adult,Black,Male,Feather,3,Suian Queiroz,Carlson Gracie
Campeonato Brasileiro de Jiu-Jitsu,1998,Adult,Black,Male,Light,3,Cesar Rocha,Carlson Gracie
Campeonato Brasileiro de Jiu-Jitsu,1998,Adult,Black,Male,Light,3,Wander Braga,Jorge Pereira
Campeonato Brasileiro de Jiu-Jitsu,1998,Adult,Black,Male,Middle,3,Pedro Duarte,Carlson Gracie
Campeonato Brasileiro de Jiu-Jitsu,1998,Adult,Black,Male,Middle,3,Antonio Shembri,Gracie Barra
Campeonato Brasileiro de Jiu-Jitsu,1998,Adult,Black,Male,Medium Heavy,3,Jose Marcelo,Carlson Gracie
Campeonato Brasileiro de Jiu-Jitsu,1998,Adult,Black,Male,Heavy,3,Anderson Xavier,Alliance
Campeonato Brasileiro de Jiu-Jitsu,1998,Adult,Black,Male,Heavy,3,Leonardo Dalla,Jorge Pereira
Campeonato Brasileiro de Jiu-Jitsu,1998,Adult,Black,Male,Super Heavy,3,Mauro Santos,Gracie Barra
Campeonato Brasileiro de Jiu-Jitsu,1998,Adult,Black,Male,Ultra Heavy,3,Rafael Carino,Nova Uniao
Campeonato Brasileiro de Jiu-Jitsu,1998,Adult,Black,Male,Ultra Heavy,3,Mario Sucata,Cralson Gracie
Campeonato Brasileiro de Jiu-Jitsu,1998,Adult,Black,Male,Open Class,3,Eduardo Galvão,Gracie Barra
Campeonato Brasileiro de Jiu-Jitsu,1998,Adult,Black,Male,Open Class,3,Jose Mario Sperry,Carlson Gracie
Campeonato Brasileiro de Jiu-Jitsu,1998,Adult,Black,Female,Light Feather,1,Patricia Lage,Roberto Lage SP
Campeonato Brasileiro de Jiu-Jitsu,1998,Adult,Black,Female,Open Class,1,Patricia Lage,Roberto Lage SP
Campeonato Brasileiro de Jiu-Jitsu,1999,Adult,Black,Male,Rooster,1,Marcelo Pereira,Nova Uniao
Campeonato Brasileiro de Jiu-Jitsu,1999,Adult,Black,Male,Light Feather,1,Bruno Ximenes,Carlson Gracie
Campeonato Brasileiro de Jiu-Jitsu,1999,Adult,Black,Male,Feather,1,Marcos Barbosa,Godoi/Macaco
Campeonato Brasileiro de Jiu-Jitsu,1999,Adult,Black,Male,Light,1,Marcio Feitosa,Gracie Barra
Campeonato Brasileiro de Jiu-Jitsu,1999,Adult,Black,Male,Middle,1,Eduardo Galvão,Gracie Barra
Campeonato Brasileiro de Jiu-Jitsu,1999,Adult,Black,Male,Medium Heavy,1,Eduardo Conceição,Alliance
Campeonato Brasileiro de Jiu-Jitsu,1999,Adult,Black,Male,Heavy,1,Rodrigo Medeiros,Alliance
Campeonato Brasileiro de Jiu-Jitsu,1999,Adult,Black,Male,Super Heavy,1,Daniel Simoes,Gracie Barra
Campeonato Brasileiro de Jiu-Jitsu,1999,Adult,Black,Male,Ultra Heavy,1,Luiz Guilherme,Jorge Pereira
Campeonato Brasileiro de Jiu-Jitsu,1999,Adult,Black,Male,Open Class,1,Murilo Bustamante,Carlson Gracie
Campeonato Brasileiro de Jiu-Jitsu,1999,Adult,Black,Male,Rooster,2,Pablo Fragata,Carlson Gracie
Campeonato Brasileiro de Jiu-Jitsu,1999,Adult,Black,Male,Light Feather,2,Marcelo Ferreira,Carlson Gracie
Campeonato Brasileiro de Jiu-Jitsu,1999,Adult,Black,Male,Feather,2,Alexandre Carneiro,Gracie Barra
Campeonato Brasileiro de Jiu-Jitsu,1999,Adult,Black,Male,Light,2,Vitor Ribeiro,Nova Uniao
Campeonato Brasileiro de Jiu-Jitsu,1999,Adult,Black,Male,Middle,2,****,****
Campeonato Brasileiro de Jiu-Jitsu,1999,Adult,Black,Male,Medium Heavy,2,Givanildo Santana,Equilibrio
Campeonato Brasileiro de Jiu-Jitsu,1999,Adult,Black,Male,Heavy,2,Paulo Filho,Carlson Gracie
Campeonato Brasileiro de Jiu-Jitsu,1999,Adult,Black,Male,Super Heavy,2,Alexandre Dantas,Dojo / Machado
Campeonato Brasileiro de Jiu-Jitsu,1999,Adult,Black,Male,Ultra Heavy,2,Otavio Duarte,Jorge Pereira
Campeonato Brasileiro de Jiu-Jitsu,1999,Adult,Black,Male,Open Class,2,Claudio Moreno,Alliance
Campeonato Brasileiro de Jiu-Jitsu,1999,Adult,Black,Male,Light Feather,3,Robson Medeiros,Pitbull
Campeonato Brasileiro de Jiu-Jitsu,1999,Adult,Black,Male,Light Feather,3,Ney Cunha,Carlson Gracie / Lagoa
Campeonato Brasileiro de Jiu-Jitsu,1999,Adult,Black,Male,Feather,3,Otavio Couto,Alliance
Campeonato Brasileiro de Jiu-Jitsu,1999,Adult,Black,Male,Feather,3,Yuki Nakai,Paraestra
Campeonato Brasileiro de Jiu-Jitsu,1999,Adult,Black,Male,Light,3,Mauro Chueng,Carlson Gracie
Campeonato Brasileiro de Jiu-Jitsu,1999,Adult,Black,Male,Light,3,Rogerio Gaetano,Carlson Gracie / Lagoa
Campeonato Brasileiro de Jiu-Jitsu,1999,Adult,Black,Male,Middle,3,Roberto Atalla,Carlson Gracie
Campeonato Brasileiro de Jiu-Jitsu,1999,Adult,Black,Male,Middle,3,****,****
Campeonato Brasileiro de Jiu-Jitsu,1999,Adult,Black,Male,Medium Heavy,3,Leonardo Dalla,Jorge Pereira
Campeonato Brasileiro de Jiu-Jitsu,1999,Adult,Black,Male,Medium Heavy,3,Cassio Werneck,Tanque J-J
Campeonato Brasileiro de Jiu-Jitsu,1999,Adult,Black,Male,Heavy,3,Renato Ferro,Carlson Gracie
Campeonato Brasileiro de Jiu-Jitsu,1999,Adult,Black,Male,Heavy,3,Marcel Fereira,Carlson Gracie /Lagoa
Campeonato Brasileiro de Jiu-Jitsu,1999,Adult,Black,Male,Super Heavy,3,Gabriel Gonzaga,Jorge Pereira
Campeonato Brasileiro de Jiu-Jitsu,1999,Adult,Black,Male,Super Heavy,3,Ricardo Reis,Tanque
Campeonato Brasileiro de Jiu-Jitsu,1999,Adult,Black,Male,Ultra Heavy,3,Jose Mario Maccord,Alliance
Campeonato Brasileiro de Jiu-Jitsu,1999,Adult,Black,Male,Ultra Heavy,3,Philipe Lira,Pitbull
Campeonato Brasileiro de Jiu-Jitsu,1999,Adult,Black,Male,Open Class,3,Luis Guilherme,Jorge Pereira
Campeonato Brasileiro de Jiu-Jitsu,1999,Adult,Black,Male,Open Class,3,Otavio Duarte,Jorge Pereira
Campeonato Brasileiro de Jiu-Jitsu,2000,Adult,Black,Male,Rooster,1,Pablo Fragata,Bolao J-J
Campeonato Brasileiro de Jiu-Jitsu,2000,Adult,Black,Male,Light Feather,1,Marcos da Matta,Brazilian Top Team
Campeonato Brasileiro de Jiu-Jitsu,2000,Adult,Black,Male,Feather,1,Fredson Paixão,Osvaldo Alves
Campeonato Brasileiro de Jiu-Jitsu,2000,Adult,Black,Male,Light,1,Marcio Feitosa,Gracie Barra
Campeonato Brasileiro de Jiu-Jitsu,2000,Adult,Black,Male,Middle,1,Rodrigo de Boni,Gracie SP
Campeonato Brasileiro de Jiu-Jitsu,2000,Adult,Black,Male,Medium Heavy,1,Fernando Pontes,Godoi/Macaco
Campeonato Brasileiro de Jiu-Jitsu,2000,Adult,Black,Male,Heavy,1,Amauri Bitetti,Carlson Gracie
Campeonato Brasileiro de Jiu-Jitsu,2000,Adult,Black,Male,Super Heavy,1,Marcio da Cruz,Gracie Barra
Campeonato Brasileiro de Jiu-Jitsu,2000,Adult,Black,Male,Ultra Heavy,1,Leonardo Leite,Alliance
Campeonato Brasileiro de Jiu-Jitsu,2000,Adult,Black,Male,Open Class,1,Marcio da Cruz,Gracie Barra
Campeonato Brasileiro de Jiu-Jitsu,2000,Adult,Black,Male,Rooster,2,Joelson de Souza,Gracie Barra
Campeonato Brasileiro de Jiu-Jitsu,2000,Adult,Black,Male,Light Feather,2,Marcos Loureiro,Alliance
Campeonato Brasileiro de Jiu-Jitsu,2000,Adult,Black,Male,Feather,2,Gabriel Leite,Alliance
Campeonato Brasileiro de Jiu-Jitsu,2000,Adult,Black,Male,Light,2,Adriano Lucio,Brazilian Top Team
Campeonato Brasileiro de Jiu-Jitsu,2000,Adult,Black,Male,Middle,2,Fernando Augusto,Alliance
Campeonato Brasileiro de Jiu-Jitsu,2000,Adult,Black,Male,Medium Heavy,2,Roberto Correa,Gracie Barra
Campeonato Brasileiro de Jiu-Jitsu,2000,Adult,Black,Male,Heavy,2,Paulo Filho,Carlson Gracie
Campeonato Brasileiro de Jiu-Jitsu,2000,Adult,Black,Male,Super Heavy,2,Renato Ferro,Brazilian Top Team
Campeonato Brasileiro de Jiu-Jitsu,2000,Adult,Black,Male,Ultra Heavy,2,Otavio Duarte,Big Brothers
Campeonato Brasileiro de Jiu-Jitsu,2000,Adult,Black,Male,Open Class,2,Leo Dalla,Big Brothers
Campeonato Brasileiro de Jiu-Jitsu,2000,Adult,Black,Male,Light Feather,3,Leonardo Xavier,Gracie Humaita
Campeonato Brasileiro de Jiu-Jitsu,2000,Adult,Black,Male,Feather,3,Fredson Alves,Gracie Humaita
Campeonato Brasileiro de Jiu-Jitsu,2000,Adult,Black,Male,Feather,3,Reinaldo Ribeiro,Alliance Sul
Campeonato Brasileiro de Jiu-Jitsu,2000,Adult,Black,Male,Light,3,Rogerio Caetano,Brazilian Top Team
Campeonato Brasileiro de Jiu-Jitsu,2000,Adult,Black,Male,Light,3,Alexandre Izidro,Brazilian Top Team
Campeonato Brasileiro de Jiu-Jitsu,2000,Adult,Black,Male,Middle,3,Bruno Fernandes,Gracie Barra
Campeonato Brasileiro de Jiu-Jitsu,2000,Adult,Black,Male,Middle,3,Aldo de Oliveira,Gracie Leblon
Campeonato Brasileiro de Jiu-Jitsu,2000,Adult,Black,Male,Medium Heavy,3,Jefferson Moura,Gracie Barra
Campeonato Brasileiro de Jiu-Jitsu,2000,Adult,Black,Male,Medium Heavy,3,Jorge Patino,Godoi/Macaco
Campeonato Brasileiro de Jiu-Jitsu,2000,Adult,Black,Male,Heavy,3,Fabio Leopoldo,Gracie Barra
Campeonato Brasileiro de Jiu-Jitsu,2000,Adult,Black,Male,Heavy,3,Leo Dalla,Big Brothers
Campeonato Brasileiro de Jiu-Jitsu,2000,Adult,Black,Male,Super Heavy,3,Roberto Tozi,Godoi/Macaco
Campeonato Brasileiro de Jiu-Jitsu,2000,Adult,Black,Male,Super Heavy,3,Ismael Souza,Alliance
Campeonato Brasileiro de Jiu-Jitsu,2000,Adult,Black,Male,Ultra Heavy,3,Walter Pinto,De La Riva
Campeonato Brasileiro de Jiu-Jitsu,2000,Adult,Black,Male,Ultra Heavy,3,Marcio Corleta,Winner
Campeonato Brasileiro de Jiu-Jitsu,2000,Adult,Black,Male,Open Class,3,Fernando Pontes,Godoi/Macaco
Campeonato Brasileiro de Jiu-Jitsu,2000,Adult,Black,Male,Open Class,3,Rodrigo Medeiros,Alliance
Campeonato Brasileiro de Jiu-Jitsu,2000,Adult,Black,Female,Feather,1,Janaina Ventura,Carlson Gracie
Campeonato Brasileiro de Jiu-Jitsu,2000,Adult,Black,Female,Open Class,1,Janaina Ventura,Carlson Gracie
Campeonato Brasileiro de Jiu-Jitsu,2001,Adult,Black,Male,Rooster,1,Bernardo Pitel,Nova Uniao
Campeonato Brasileiro de Jiu-Jitsu,2001,Adult,Black,Male,Light Feather,1,Daniel Felipe,Nova Uniao
Campeonato Brasileiro de Jiu-Jitsu,2001,Adult,Black,Male,Feather,1,Fredson Paixão,Gracie Barra
Campeonato Brasileiro de Jiu-Jitsu,2001,Adult,Black,Male,Light,1,Rodrigo Antonio,Nova Uniao
Campeonato Brasileiro de Jiu-Jitsu,2001,Adult,Black,Male,Middle,1,Fernando Augusto,Alliance
Campeonato Brasileiro de Jiu-Jitsu,2001,Adult,Black,Male,Medium Heavy,1,Jefferson Moura,Gracie Barra
Campeonato Brasileiro de Jiu-Jitsu,2001,Adult,Black,Male,Heavy,1,Fabio Leopoldo,Gracie Barra
Campeonato Brasileiro de Jiu-Jitsu,2001,Adult,Black,Male,Super Heavy,1,Roberto Tozi,Godoi/Macaco
Campeonato Brasileiro de Jiu-Jitsu,2001,Adult,Black,Male,Ultra Heavy,1,Marcio Cruz,Gracie Barra
Campeonato Brasileiro de Jiu-Jitsu,2001,Adult,Black,Male,Open Class,1,Fernando Augusto,Alliance
Campeonato Brasileiro de Jiu-Jitsu,2001,Adult,Black,Male,Rooster,2,Joelson Souza,Gracie Barra
Campeonato Brasileiro de Jiu-Jitsu,2001,Adult,Black,Male,Light Feather,2,Robson Escaleira,Gracie Barra
Campeonato Brasileiro de Jiu-Jitsu,2001,Adult,Black,Male,Feather,2,Reinaldo Ribeiro,Castello Branco
Campeonato Brasileiro de Jiu-Jitsu,2001,Adult,Black,Male,Light,2,Marcio Feitosa,Gracie Barra
Campeonato Brasileiro de Jiu-Jitsu,2001,Adult,Black,Male,Middle,2,Bruno Severiano,Gracie Barra
Campeonato Brasileiro de Jiu-Jitsu,2001,Adult,Black,Male,Medium Heavy,2,Givanildo Santana,Lotus Club
Campeonato Brasileiro de Jiu-Jitsu,2001,Adult,Black,Male,Heavy,2,Roger Coelho,Godoi/Macaco
Campeonato Brasileiro de Jiu-Jitsu,2001,Adult,Black,Male,Super Heavy,2,Alexandre Dantas,Gracie Barra
Campeonato Brasileiro de Jiu-Jitsu,2001,Adult,Black,Male,Ultra Heavy,2,Carlos Alberto Dos Santos,Brazilian Top Team
Campeonato Brasileiro de Jiu-Jitsu,2001,Adult,Black,Male,Open Class,2,Marcio Cruz,Gracie Barra
Campeonato Brasileiro de Jiu-Jitsu,2001,Adult,Black,Male,Rooster,3,Sergio Torres,Nova Uniao
Campeonato Brasileiro de Jiu-Jitsu,2001,Adult,Black,Male,Light Feather,3,́lvaro Bombadilha,Ugf
Campeonato Brasileiro de Jiu-Jitsu,2001,Adult,Black,Male,Light Feather,3,Marco Antonio,Ugf
Campeonato Brasileiro de Jiu-Jitsu,2001,Adult,Black,Male,Feather,3,Alexandre Pimentel,Ugf
Campeonato Brasileiro de Jiu-Jitsu,2001,Adult,Black,Male,Feather,3,Aparecido Farias,Nova Uniao
Campeonato Brasileiro de Jiu-Jitsu,2001,Adult,Black,Male,Light,3,Bruno De Paula,Alliance
Campeonato Brasileiro de Jiu-Jitsu,2001,Adult,Black,Male,Light,3,Alex Oliveira,Nova Uniao
Campeonato Brasileiro de Jiu-Jitsu,2001,Adult,Black,Male,Middle,3,Eduardo Santoro,Cia Paulista
Campeonato Brasileiro de Jiu-Jitsu,2001,Adult,Black,Male,Middle,3,Adriano Ribeiro,Liberi
Campeonato Brasileiro de Jiu-Jitsu,2001,Adult,Black,Male,Medium Heavy,3,Vinicius Amaral,Ugf
Campeonato Brasileiro de Jiu-Jitsu,2001,Adult,Black,Male,Medium Heavy,3,Eduardo Conceição,Alliance
Campeonato Brasileiro de Jiu-Jitsu,2001,Adult,Black,Male,Heavy,3,Paulo Streckert,Maromba
Campeonato Brasileiro de Jiu-Jitsu,2001,Adult,Black,Male,Heavy,3,Gabriel Vella,Gracie Sp
Campeonato Brasileiro de Jiu-Jitsu,2001,Adult,Black,Male,Super Heavy,3,Leonardo Lima,Gracie Barra Bh
Campeonato Brasileiro de Jiu-Jitsu,2001,Adult,Black,Male,Super Heavy,3,Rodrigo Ribeiro,Gracie Barra Bh
Campeonato Brasileiro de Jiu-Jitsu,2001,Adult,Black,Male,Ultra Heavy,3,Philipe Lira,Gracie Barra
Campeonato Brasileiro de Jiu-Jitsu,2001,Adult,Black,Male,Ultra Heavy,3,Leonardo Ribeiro,Crezio De Souza
Campeonato Brasileiro de Jiu-Jitsu,2001,Adult,Black,Male,Open Class,3,Eduardo Santoro,Cia Paulista
Campeonato Brasileiro de Jiu-Jitsu,2001,Adult,Black,Male,Open Class,3,Eduardo Conceição,Alliance
Campeonato Brasileiro de Jiu-Jitsu,2001,Adult,Black,Female,Super Heavy,1,Erica Paes,Gracie Barra
Campeonato Brasileiro de Jiu-Jitsu,2001,Adult,Black,Female,Open Class,1,Erica Paes,Gracie Barra
Campeonato Brasileiro de Jiu-Jitsu,2002,Adulto,Preta,Masculino,Galo,1,Marcos Norat,Gracie Humaita
Campeonato Brasileiro de Jiu-Jitsu,2002,Adulto,Preta,Masculino,Pluma,1,Bibiano Fernandes,Gracie Barra
Campeonato Brasileiro de Jiu-Jitsu,2002,Adulto,Preta,Masculino,Pena,1,Fredson Paixão,Gracie Barra
Campeonato Brasileiro de Jiu-Jitsu,2002,Adulto,Preta,Masculino,Leve,1,Rafael Barbosa,B Top Team
Campeonato Brasileiro de Jiu-Jitsu,2002,Adulto,Preta,Masculino,Medio,1,Gustavo Muggiati,Gracie Barra
Campeonato Brasileiro de Jiu-Jitsu,2002,Adulto,Preta,Masculino,Meio Pesado,1,Marcel Lousado,Godoi JJ Club
Campeonato Brasileiro de Jiu-Jitsu,2002,Adulto,Preta,Masculino,Pesado,1,Roger Coelho,Macaco Gold Team
Campeonato Brasileiro de Jiu-Jitsu,2002,Adulto,Preta,Masculino,Super Pesado,1,Roberto Tozi,Godoi JJ Club
Campeonato Brasileiro de Jiu-Jitsu,2002,Adulto,Preta,Masculino,Pesadissimo,1,Vinicius Antunes,Gracie Barra
Campeonato Brasileiro de Jiu-Jitsu,2002,Adulto,Preta,Masculino,Absoluto,1,Alexandre Dantas,Gracie Barra
Campeonato Brasileiro de Jiu-Jitsu,2002,Adulto,Preta,Masculino,Galo,2,Marcos Pereira,Carlson Gracie
Campeonato Brasileiro de Jiu-Jitsu,2002,Adulto,Preta,Masculino,Pluma,2,Robson Medeiros,Gracie Barra
Campeonato Brasileiro de Jiu-Jitsu,2002,Adulto,Preta,Masculino,Pena,2,Reinaldo Ribeiro,Castello Branco
Campeonato Brasileiro de Jiu-Jitsu,2002,Adulto,Preta,Masculino,Leve,2,Crezio de Souza,Crezio de Souza
Campeonato Brasileiro de Jiu-Jitsu,2002,Adulto,Preta,Masculino,Medio,2,Marcos Bello,UGF
Campeonato Brasileiro de Jiu-Jitsu,2002,Adulto,Preta,Masculino,Meio Pesado,2,Givanildo Santana,Equilibrio
Campeonato Brasileiro de Jiu-Jitsu,2002,Adulto,Preta,Masculino,Pesado,2,Roberto Godoi,Godoi JJ Club
Campeonato Brasileiro de Jiu-Jitsu,2002,Adulto,Preta,Masculino,Super Pesado,2,Felipe Pederneiras,Gracie Florianopolis
Campeonato Brasileiro de Jiu-Jitsu,2002,Adulto,Preta,Masculino,Pesadissimo,2,Daniel Saraiva,Otavio de Almeida
Campeonato Brasileiro de Jiu-Jitsu,2002,Adulto,Preta,Masculino,Absoluto,2,Felipe Pederneiras,Gracie Florianopolis
Campeonato Brasileiro de Jiu-Jitsu,2002,Adulto,Preta,Masculino,Pluma,3,Alexandre Lima,Infight
Campeonato Brasileiro de Jiu-Jitsu,2002,Adulto,Preta,Masculino,Pluma,3,Luiz Nahum Habay,Gracie Recreio
Campeonato Brasileiro de Jiu-Jitsu,2002,Adulto,Preta,Masculino,Pena,3,Pablo Rodrigo,Infight
Campeonato Brasileiro de Jiu-Jitsu,2002,Adulto,Preta,Masculino,Pena,3,Gabriel Willcox,Carlson Gracie
Campeonato Brasileiro de Jiu-Jitsu,2002,Adulto,Preta,Masculino,Leve,3,Eduardo Cadena,Infight
Campeonato Brasileiro de Jiu-Jitsu,2002,Adulto,Preta,Masculino,Leve,3,Carlos Eduardo,Cia Paulista
Campeonato Brasileiro de Jiu-Jitsu,2002,Adulto,Preta,Masculino,Medio,3,Adriano Pires,Liberi/Gracie Barra
Campeonato Brasileiro de Jiu-Jitsu,2002,Adulto,Preta,Masculino,Medio,3,Aldo Januario,Gracie Barra
Campeonato Brasileiro de Jiu-Jitsu,2002,Adulto,Preta,Masculino,Meio Pesado,3,Luciano Bartman,Infight
Campeonato Brasileiro de Jiu-Jitsu,2002,Adulto,Preta,Masculino,Meio Pesado,3,Demian Maia,Jacaré
Campeonato Brasileiro de Jiu-Jitsu,2002,Adulto,Preta,Masculino,Pesado,3,Pedro Galiza,B Top Team
Campeonato Brasileiro de Jiu-Jitsu,2002,Adulto,Preta,Masculino,Pesado,3,Henrique Ceza,Mario Sucata
Campeonato Brasileiro de Jiu-Jitsu,2002,Adulto,Preta,Masculino,Super Pesado,3,Mauro Santos,Gracie Barra
Campeonato Brasileiro de Jiu-Jitsu,2002,Adulto,Preta,Masculino,Super Pesado,3,Alexandre Dantas,Gracie Barra
Campeonato Brasileiro de Jiu-Jitsu,2002,Adulto,Preta,Masculino,Absoluto,3,Marcelo Garcia,Alliance
Campeonato Brasileiro de Jiu-Jitsu,2002,Adulto,Preta,Masculino,Absoluto,3,Antonio Sergio,UGF
Campeonato Brasileiro de Jiu-Jitsu,2002,Adulto,Preta,Feminino,Pena,1,Bianca Andrade,Diojone
Campeonato Brasileiro de Jiu-Jitsu,2002,Adulto,Preta,Feminino,Leve,1,Janaina Ventura,G Barra
Campeonato Brasileiro de Jiu-Jitsu,2002,Adulto,Preta,Feminino,Meio Pesado,1,Carla Hipolito,UGF
Campeonato Brasileiro de Jiu-Jitsu,2002,Adulto,Preta,Feminino,Absoluto,1,Janaina Ventura,G Barra
Campeonato Brasileiro de Jiu-Jitsu,2002,Adulto,Preta,Feminino,Pena,2,Leticia Ribeiro,G Humaita
Campeonato Brasileiro de Jiu-Jitsu,2002,Adulto,Preta,Feminino,Absoluto,2,Karla Hipolito,UGF
Campeonato Brasileiro de Jiu-Jitsu,2002,Adulto,Preta,Feminino,Absoluto,3,Bianca Andrade,Diojone
Campeonato Brasileiro de Jiu-Jitsu,2003,Adult,Black,Male,Rooster,1,Daniel Moreno,Fabricio
Campeonato Brasileiro de Jiu-Jitsu,2003,Adult,Black,Male,Light Feather,1,Bibiano Fernandes,Gracie Barra
Campeonato Brasileiro de Jiu-Jitsu,2003,Adult,Black,Male,Feather,1,Fredson Paixão,Gracie Barra
Campeonato Brasileiro de Jiu-Jitsu,2003,Adult,Black,Male,Light,1,Marcio Feitosa,Gracie Barra
Campeonato Brasileiro de Jiu-Jitsu,2003,Adult,Black,Male,Middle,1,Felipe Simão,Gracie Barra
Campeonato Brasileiro de Jiu-Jitsu,2003,Adult,Black,Male,Medium Heavy,1,Rodrigo Pinheiro,Gracie Humaita
Campeonato Brasileiro de Jiu-Jitsu,2003,Adult,Black,Male,Heavy,1,Eduardo Teles,Master
Campeonato Brasileiro de Jiu-Jitsu,2003,Adult,Black,Male,Super Heavy,1,Roberto Tozi,Godoi JJ Club
Campeonato Brasileiro de Jiu-Jitsu,2003,Adult,Black,Male,Ultra Heavy,1,Alex Santos,Ipanema JJ Club
Campeonato Brasileiro de Jiu-Jitsu,2003,Adult,Black,Male,Open Class,1,Fernando Augusto,Master
Campeonato Brasileiro de Jiu-Jitsu,2003,Adult,Black,Male,Rooster,2,Luiz Antonio,Carlson Gracie UGF
Campeonato Brasileiro de Jiu-Jitsu,2003,Adult,Black,Male,Light Feather,2,Carlos Holanda,Gracie Barra
Campeonato Brasileiro de Jiu-Jitsu,2003,Adult,Black,Male,Feather,2,Fredson Alves,Gracie Humaita
Campeonato Brasileiro de Jiu-Jitsu,2003,Adult,Black,Male,Light,2,Alexandre Pimentel,Nova Geracao UGF
Campeonato Brasileiro de Jiu-Jitsu,2003,Adult,Black,Male,Middle,2,Adriano Ribeiro,Gracie Barra
Campeonato Brasileiro de Jiu-Jitsu,2003,Adult,Black,Male,Medium Heavy,2,Delson Heleno,Gracie Barra
Campeonato Brasileiro de Jiu-Jitsu,2003,Adult,Black,Male,Heavy,2,Austregesilo Jr,Brazilian Top Team
Campeonato Brasileiro de Jiu-Jitsu,2003,Adult,Black,Male,Super Heavy,2,Vitor Viana,Master
Campeonato Brasileiro de Jiu-Jitsu,2003,Adult,Black,Male,Open Class,2,Roberto Tozi,Godoi JJ Club
Campeonato Brasileiro de Jiu-Jitsu,2003,Adult,Black,Male,Rooster,3,Alcenor Alves,Master
Campeonato Brasileiro de Jiu-Jitsu,2003,Adult,Black,Male,Rooster,3,Takeo Tani,Gracie Barra
Campeonato Brasileiro de Jiu-Jitsu,2003,Adult,Black,Male,Light Feather,3,Alvaro Bobadilha,Carlson Gracie UGF
Campeonato Brasileiro de Jiu-Jitsu,2003,Adult,Black,Male,Light Feather,3,Marcelo dos Santos,Infight
Campeonato Brasileiro de Jiu-Jitsu,2003,Adult,Black,Male,Feather,3,Bernardo Otero,Master
Campeonato Brasileiro de Jiu-Jitsu,2003,Adult,Black,Male,Feather,3,Denilson Pimenta,Carlson Gracie UGF
Campeonato Brasileiro de Jiu-Jitsu,2003,Adult,Black,Male,Light,3,Pedro Vianna,Brazilian Top Team
Campeonato Brasileiro de Jiu-Jitsu,2003,Adult,Black,Male,Light,3,Rafael Barbosa,Brazilian Top Team
Campeonato Brasileiro de Jiu-Jitsu,2003,Adult,Black,Male,Middle,3,Fabricio Cam̵es,Gracie Humaita
Campeonato Brasileiro de Jiu-Jitsu,2003,Adult,Black,Male,Medium Heavy,3,Marcelo Azevedo,Gracie Barra BH
Campeonato Brasileiro de Jiu-Jitsu,2003,Adult,Black,Male,Medium Heavy,3,Antonio Sergio,Gracie Barra BH
Campeonato Brasileiro de Jiu-Jitsu,2003,Adult,Black,Male,Heavy,3,Vinicius Antunes,Gracie Barra BH
Campeonato Brasileiro de Jiu-Jitsu,2003,Adult,Black,Male,Heavy,3,Fabrine Ganheiros,Gracie Barra
Campeonato Brasileiro de Jiu-Jitsu,2003,Adult,Black,Male,Super Heavy,3,Matheus Miranda,Master
Campeonato Brasileiro de Jiu-Jitsu,2003,Adult,Black,Male,Super Heavy,3,Adriano Camolesi,Godoi JJ Club
Campeonato Brasileiro de Jiu-Jitsu,2003,Adult,Black,Male,Open Class,3,Antonio Sergio,Carlson Gracie UGF
Campeonato Brasileiro de Jiu-Jitsu,2003,Adult,Black,Male,Open Class,3,Marcel Louzada,Master
Campeonato Brasileiro de Jiu-Jitsu,2003,Adult,Black,Female,Feather,1,Bianca Barreto,Diojone JJ
Campeonato Brasileiro de Jiu-Jitsu,2003,Adult,Black,Female,Light,1,Ana Paula Ferraz,Anibal
Campeonato Brasileiro de Jiu-Jitsu,2003,Adult,Black,Female,Middle,1,Mariana Azevedo,Osvaldo Alves
Campeonato Brasileiro de Jiu-Jitsu,2003,Adult,Black,Female,Ultra Heavy,1,Erica Paes,Gracie Barra
Campeonato Brasileiro de Jiu-Jitsu,2003,Adult,Black,Female,Open Class,1,Mariana Azevedo,Osvaldo Alves
Campeonato Brasileiro de Jiu-Jitsu,2003,Adult,Black,Female,Open Class,2,Bianca Andrade,Diojone JJ
Campeonato Brasileiro de Jiu-Jitsu,2003,Adult,Black,Female,Open Class,3,Ana Paula Ferraz,Anibal
Campeonato Brasileiro de Jiu-Jitsu,2004,Adult,Black,Male,Rooster,1,Daniel Otero,Fabrício
Campeonato Brasileiro de Jiu-Jitsu,2004,Adult,Black,Male,Light Feather,1,Carlos Holanda,Gracie Barra
Campeonato Brasileiro de Jiu-Jitsu,2004,Adult,Black,Male,Feather,1,Fredson Paixão,Gracie Barra
Campeonato Brasileiro de Jiu-Jitsu,2004,Adult,Black,Male,Light,1,Rodrigo Magalhães,Gracie Barra
Campeonato Brasileiro de Jiu-Jitsu,2004,Adult,Black,Male,Middle,1,Marcelo Garcia,Alliance
Campeonato Brasileiro de Jiu-Jitsu,2004,Adult,Black,Male,Medium Heavy,1,Ronaldo Souza,Brazza
Campeonato Brasileiro de Jiu-Jitsu,2004,Adult,Black,Male,Heavy,1,Alexandre Ribeiro,Gracie Humaita
Campeonato Brasileiro de Jiu-Jitsu,2004,Adult,Black,Male,Super Heavy,1,Eric Vanderlei,Gracie Barra
Campeonato Brasileiro de Jiu-Jitsu,2004,Adult,Black,Male,Ultra Heavy,1,Claudio Godoi,Brazilian Top Team
Campeonato Brasileiro de Jiu-Jitsu,2004,Adult,Black,Male,Open Class,1,Alexandre Ribeiro,Gracie Humaita
Campeonato Brasileiro de Jiu-Jitsu,2004,Adult,Black,Male,Rooster,2,Felipe Costa e Silva,Brazza
Campeonato Brasileiro de Jiu-Jitsu,2004,Adult,Black,Male,Light Feather,2,Robson Medeiros,Gracie Barra Pitbull
Campeonato Brasileiro de Jiu-Jitsu,2004,Adult,Black,Male,Feather,2,Fredson Alves,Gracie Humaita
Campeonato Brasileiro de Jiu-Jitsu,2004,Adult,Black,Male,Light,2,Alexandre Pimentel,Nova Geracao UGF
Campeonato Brasileiro de Jiu-Jitsu,2004,Adult,Black,Male,Middle,2,Flavio Serafim,Brazilian Top Team
Campeonato Brasileiro de Jiu-Jitsu,2004,Adult,Black,Male,Medium Heavy,2,Marcel Louzada,Brazza
Campeonato Brasileiro de Jiu-Jitsu,2004,Adult,Black,Male,Heavy,2,Jefferson Moura,Gracie Barra
Campeonato Brasileiro de Jiu-Jitsu,2004,Adult,Black,Male,Super Heavy,2,Roberto Tozi,Brazilian Top Team
Campeonato Brasileiro de Jiu-Jitsu,2004,Adult,Black,Male,Ultra Heavy,2,Marco Vilela,Gracie Barra
Campeonato Brasileiro de Jiu-Jitsu,2004,Adult,Black,Male,Open Class,2,Marcelo Garcia,Alliance
Campeonato Brasileiro de Jiu-Jitsu,2004,Adult,Black,Male,Rooster,3,Marcos Norat,Gracie Humaita
Campeonato Brasileiro de Jiu-Jitsu,2004,Adult,Black,Male,Rooster,3,Rodrigo Aleixo,Gracie Humaita
Campeonato Brasileiro de Jiu-Jitsu,2004,Adult,Black,Male,Light Feather,3,Marco Antonio,Nova Geracao UGF
Campeonato Brasileiro de Jiu-Jitsu,2004,Adult,Black,Male,Light Feather,3,Marcelo dos Santos,Infight
Campeonato Brasileiro de Jiu-Jitsu,2004,Adult,Black,Male,Feather,3,Gabriel Willcox,UGF
Campeonato Brasileiro de Jiu-Jitsu,2004,Adult,Black,Male,Feather,3,Cicero Barbosa,Barbosa JJ
Campeonato Brasileiro de Jiu-Jitsu,2004,Adult,Black,Male,Light,3,Ricardo Luiz Silva,Caveirinha Team
Campeonato Brasileiro de Jiu-Jitsu,2004,Adult,Black,Male,Light,3,Carlos Eduardo Vieira,Cia Paulista
Campeonato Brasileiro de Jiu-Jitsu,2004,Adult,Black,Male,Middle,3,Felipe Simão,Gracie Barra
Campeonato Brasileiro de Jiu-Jitsu,2004,Adult,Black,Male,Middle,3,Bruno Fernandes,Gracie Barra
Campeonato Brasileiro de Jiu-Jitsu,2004,Adult,Black,Male,Medium Heavy,3,Givanildo Santana,Lotus Club
Campeonato Brasileiro de Jiu-Jitsu,2004,Adult,Black,Male,Medium Heavy,3,Rodrigo Pinheiro,Gracie Humaita
Campeonato Brasileiro de Jiu-Jitsu,2004,Adult,Black,Male,Heavy,3,Pedro Duarte,Brazilian Top Team
Campeonato Brasileiro de Jiu-Jitsu,2004,Adult,Black,Male,Heavy,3,Fabio Nascimento,Lotus Club
Campeonato Brasileiro de Jiu-Jitsu,2004,Adult,Black,Male,Super Heavy,3,Arthur Cesar,UGF
Campeonato Brasileiro de Jiu-Jitsu,2004,Adult,Black,Male,Super Heavy,3,Denis Gomes,Athaíde Jr
Campeonato Brasileiro de Jiu-Jitsu,2004,Adult,Black,Male,Ultra Heavy,3,Francisco Jr,Gracie Barra
Campeonato Brasileiro de Jiu-Jitsu,2004,Adult,Black,Male,Ultra Heavy,3,Marcio Corleta,Behring
Campeonato Brasileiro de Jiu-Jitsu,2004,Adult,Black,Male,Open Class,3,Roberto Tozi,Brazilian Top Team
Campeonato Brasileiro de Jiu-Jitsu,2004,Adult,Black,Male,Open Class,3,Eric Vanderlei,Gracie Barra
Campeonato Brasileiro de Jiu-Jitsu,2004,Adult,Black,Female,Feather,1,Bianca Andrade Barreto,Gracie Barra/Osvaldo
Campeonato Brasileiro de Jiu-Jitsu,2004,Adult,Black,Female,Light,1,Hannette Quadros,UGF
Campeonato Brasileiro de Jiu-Jitsu,2004,Adult,Black,Female,Open Class,1,Mariana Coelho,Gracie Barra/Osvaldo
Campeonato Brasileiro de Jiu-Jitsu,2004,Adult,Black,Female,Light,2,Mariana Coelho,Gracie Barra/Osvaldo
Campeonato Brasileiro de Jiu-Jitsu,2004,Adult,Black,Female,Open Class,2,Bianca Andrade Barreto,Gracie Barra/Osvaldo
Campeonato Brasileiro de Jiu-Jitsu,2005,Adult,Black,Male,Rooster,1,Gabriel Morais,Monteiro
Campeonato Brasileiro de Jiu-Jitsu,2005,Adult,Black,Male,Light Feather,1,Bernardo Pitel,Fernando Boi
Campeonato Brasileiro de Jiu-Jitsu,2005,Adult,Black,Male,Feather,1,Bruno Frazato,Brazilian Top Team
Campeonato Brasileiro de Jiu-Jitsu,2005,Adult,Black,Male,Light,1,Carlos Eduardo Vieira,Cia Paulista
Campeonato Brasileiro de Jiu-Jitsu,2005,Adult,Black,Male,Middle,1,Andre Galvao,Tt Jiu-Jitsu
Campeonato Brasileiro de Jiu-Jitsu,2005,Adult,Black,Male,Medium Heavy,1,Rodrigo Pinheiro,Gracie Humaita
Campeonato Brasileiro de Jiu-Jitsu,2005,Adult,Black,Male,Heavy,1,Fernando Marques,Fernando Boi
Campeonato Brasileiro de Jiu-Jitsu,2005,Adult,Black,Male,Super Heavy,1,Roberto Tozi,Brazilian Top Team
Campeonato Brasileiro de Jiu-Jitsu,2005,Adult,Black,Male,Ultra Heavy,1,Luis Felipe Teodoro,Brazilian Top Team
Campeonato Brasileiro de Jiu-Jitsu,2005,Adult,Black,Male,Open Class,1,Andre Galvao,Tt Jiu-Jitsu
Campeonato Brasileiro de Jiu-Jitsu,2005,Adult,Black,Male,Rooster,2,Geremias Maia,Gracie Barra
Campeonato Brasileiro de Jiu-Jitsu,2005,Adult,Black,Male,Light Feather,2,Wilson Reis,Brazilian Top Team
Campeonato Brasileiro de Jiu-Jitsu,2005,Adult,Black,Male,Feather,2,Cicero Costa,Barbosa Jj
Campeonato Brasileiro de Jiu-Jitsu,2005,Adult,Black,Male,Light,2,Celso Vinicius,Gracie Barra
Campeonato Brasileiro de Jiu-Jitsu,2005,Adult,Black,Male,Middle,2,Felipe Perez Simao,Gracie Barra Bh
Campeonato Brasileiro de Jiu-Jitsu,2005,Adult,Black,Male,Medium Heavy,2,Fernando Paradeda,Brazilian Top Team
Campeonato Brasileiro de Jiu-Jitsu,2005,Adult,Black,Male,Heavy,2,Jefferson Moura,Gracie Barra
Campeonato Brasileiro de Jiu-Jitsu,2005,Adult,Black,Male,Super Heavy,2,Eduardo Telles,Tt Jiu-Jitsu
Campeonato Brasileiro de Jiu-Jitsu,2005,Adult,Black,Male,Ultra Heavy,2,Francisco Fernandes,Gracie Barra
Campeonato Brasileiro de Jiu-Jitsu,2005,Adult,Black,Male,Open Class,2,Lucio Rodrigues,Gracie Barra
Campeonato Brasileiro de Jiu-Jitsu,2005,Adult,Black,Male,Rooster,3,Felipe Costa,Brasa
Campeonato Brasileiro de Jiu-Jitsu,2005,Adult,Black,Male,Light Feather,3,Leandro Lopes,Brazilian Top Team
Campeonato Brasileiro de Jiu-Jitsu,2005,Adult,Black,Male,Light Feather,3,Rodrigo Aleixo,Gracie Humaita
Campeonato Brasileiro de Jiu-Jitsu,2005,Adult,Black,Male,Feather,3,Augusto Mendes,Kioto
Campeonato Brasileiro de Jiu-Jitsu,2005,Adult,Black,Male,Feather,3,Alexandre Pimentel,Pedro Gama Filho
Campeonato Brasileiro de Jiu-Jitsu,2005,Adult,Black,Male,Light,3,Teodoro Canal,Ugf
Campeonato Brasileiro de Jiu-Jitsu,2005,Adult,Black,Male,Light,3,Rafael La Porta,Ugf
Campeonato Brasileiro de Jiu-Jitsu,2005,Adult,Black,Male,Middle,3,Adriano Pires,Liberi/Gracie Barra
Campeonato Brasileiro de Jiu-Jitsu,2005,Adult,Black,Male,Middle,3,Delson Heleno,Gracie Barra
Campeonato Brasileiro de Jiu-Jitsu,2005,Adult,Black,Male,Medium Heavy,3,Raphael Abi-Rihan,Carlson Gracie Team
Campeonato Brasileiro de Jiu-Jitsu,2005,Adult,Black,Male,Medium Heavy,3,Jose Roberto,Tata Team
Campeonato Brasileiro de Jiu-Jitsu,2005,Adult,Black,Male,Heavy,3,Fabio Leopoldo,Gracie Sp
Campeonato Brasileiro de Jiu-Jitsu,2005,Adult,Black,Male,Heavy,3,Roberto Godoi,Brazilian Top Team
Campeonato Brasileiro de Jiu-Jitsu,2005,Adult,Black,Male,Super Heavy,3,Adriano Camolesi,Brazilian Top Team
Campeonato Brasileiro de Jiu-Jitsu,2005,Adult,Black,Male,Super Heavy,3,Roberto De Abreu,Pedro Gama Filho
Campeonato Brasileiro de Jiu-Jitsu,2005,Adult,Black,Male,Ultra Heavy,3,Arthur Cesar,Pedro Gama Filho
Campeonato Brasileiro de Jiu-Jitsu,2005,Adult,Black,Male,Ultra Heavy,3,Phelipe Lira,Gracie Barra Pitbull
Campeonato Brasileiro de Jiu-Jitsu,2005,Adult,Black,Male,Open Class,3,Felipe Simão,Gracie Barra Bh
Campeonato Brasileiro de Jiu-Jitsu,2005,Adult,Black,Male,Open Class,3,Fernando Marques,Fernando Boi
Campeonato Brasileiro de Jiu-Jitsu,2005,Adult,Black,Female,Feather,1,Bianca Andrade Barreto,Gracie Barra
Campeonato Brasileiro de Jiu-Jitsu,2005,Adult,Black,Female,Middle,1,Polyana Lago,Osvaldo Alves
Campeonato Brasileiro de Jiu-Jitsu,2005,Adult,Black,Female,Super Heavy,1,Luzia Fernandes,Gracie Barra
Campeonato Brasileiro de Jiu-Jitsu,2005,Adult,Black,Female,Open Class,1,Bianca Andrade Barreto,Gracie Barra
Campeonato Brasileiro de Jiu-Jitsu,2005,Adult,Black,Female,Open Class,2,Polyana Lago,Osvaldo Alves
Campeonato Brasileiro de Jiu-Jitsu,2005,Adult,Black,Female,Open Class,3,Luzia Fernandes,Gracie Barra
Campeonato Brasileiro de Jiu-Jitsu,2006,Adult,Black,Male,Rooster,1,Gabriel Moraes,Monteiro
Campeonato Brasileiro de Jiu-Jitsu,2006,Adult,Black,Male,Light Feather,1,Carlos Vieira,Osvaldo Alves
Campeonato Brasileiro de Jiu-Jitsu,2006,Adult,Black,Male,Feather,1,Bruno Frazato,Brazilian Top Team
Campeonato Brasileiro de Jiu-Jitsu,2006,Adult,Black,Male,Light,1,Alexandre Pimentel,Nova Geracao
Campeonato Brasileiro de Jiu-Jitsu,2006,Adult,Black,Male,Middle,1,Marcelo Garcia,Alliance
Campeonato Brasileiro de Jiu-Jitsu,2006,Adult,Black,Male,Medium Heavy,1,Romulo Barral,Gracie Barra BH
Campeonato Brasileiro de Jiu-Jitsu,2006,Adult,Black,Male,Heavy,1,Jefferson Moura,Gracie Barra
Campeonato Brasileiro de Jiu-Jitsu,2006,Adult,Black,Male,Super Heavy,1,Rodrigo Medeiro,Brasa
Campeonato Brasileiro de Jiu-Jitsu,2006,Adult,Black,Male,Ultra Heavy,1,Adriano Camonesi,Brazilian Top Team
Campeonato Brasileiro de Jiu-Jitsu,2006,Adult,Black,Male,Open Class,1,Marcelo Garcia,Alliance
Campeonato Brasileiro de Jiu-Jitsu,2006,Adult,Black,Male,Rooster,2,Daniel Otero,Fabrício
Campeonato Brasileiro de Jiu-Jitsu,2006,Adult,Black,Male,Light Feather,2,Sebastian Lalli,Equipe 1
Campeonato Brasileiro de Jiu-Jitsu,2006,Adult,Black,Male,Feather,2,Jonatas Gurgel,Fernando Boi
Campeonato Brasileiro de Jiu-Jitsu,2006,Adult,Black,Male,Light,2,Tiago Dias,Barbosa JJ
Campeonato Brasileiro de Jiu-Jitsu,2006,Adult,Black,Male,Middle,2,Andre Galvao,TT Jiu-Jitsu
Campeonato Brasileiro de Jiu-Jitsu,2006,Adult,Black,Male,Medium Heavy,2,Fabio Trindade,Monteiro
Campeonato Brasileiro de Jiu-Jitsu,2006,Adult,Black,Male,Heavy,2,Eduardo Telles,TT Jiu-Jitsu
Campeonato Brasileiro de Jiu-Jitsu,2006,Adult,Black,Male,Super Heavy,2,Mauro Santos,Gracie Barra
Campeonato Brasileiro de Jiu-Jitsu,2006,Adult,Black,Male,Ultra Heavy,2,Luiz Theodoro,Brazilian Top Team
Campeonato Brasileiro de Jiu-Jitsu,2006,Adult,Black,Male,Open Class,2,Demian Maia,Brasa
Campeonato Brasileiro de Jiu-Jitsu,2006,Adult,Black,Male,Rooster,3,Geremias Maia,Gracie Barra Pitbull
Campeonato Brasileiro de Jiu-Jitsu,2006,Adult,Black,Male,Light Feather,3,Leandro Martins,TT Jiu-Jitsu
Campeonato Brasileiro de Jiu-Jitsu,2006,Adult,Black,Male,Light Feather,3,Leonardo Rodrigues,Casquinha
Campeonato Brasileiro de Jiu-Jitsu,2006,Adult,Black,Male,Feather,3,Gabriel Willcox,Brazilian Fight
Campeonato Brasileiro de Jiu-Jitsu,2006,Adult,Black,Male,Feather,3,Rodrigo Ranieri,Brasa
Campeonato Brasileiro de Jiu-Jitsu,2006,Adult,Black,Male,Light,3,Rafael Barbosa,Brazilian Top Team
Campeonato Brasileiro de Jiu-Jitsu,2006,Adult,Black,Male,Light,3,Diego Martins,Infight
Campeonato Brasileiro de Jiu-Jitsu,2006,Adult,Black,Male,Middle,3,Jorge Britto,Gracie Humaita
Campeonato Brasileiro de Jiu-Jitsu,2006,Adult,Black,Male,Middle,3,Gustavo Camios,Sul JJ
Campeonato Brasileiro de Jiu-Jitsu,2006,Adult,Black,Male,Medium Heavy,3,Raphael Abi-Rihaw,Carlson Gracie Team
Campeonato Brasileiro de Jiu-Jitsu,2006,Adult,Black,Male,Medium Heavy,3,Demian Maia,Brasa
Campeonato Brasileiro de Jiu-Jitsu,2006,Adult,Black,Male,Heavy,3,Tiago Gaia,DDR Jiu-Jitsu
Campeonato Brasileiro de Jiu-Jitsu,2006,Adult,Black,Male,Heavy,3,Rigoney Castro,Gracie Humaita
Campeonato Brasileiro de Jiu-Jitsu,2006,Adult,Black,Male,Super Heavy,3,Roberto Tozi,Tozi
Campeonato Brasileiro de Jiu-Jitsu,2006,Adult,Black,Male,Super Heavy,3,Roberto Abreu,Nova Geracao
Campeonato Brasileiro de Jiu-Jitsu,2006,Adult,Black,Male,Ultra Heavy,3,Mauro Paulino,BTT/Godoi
Campeonato Brasileiro de Jiu-Jitsu,2006,Adult,Black,Male,Ultra Heavy,3,Adriano Pires,Liberi/Gracie Barra
Campeonato Brasileiro de Jiu-Jitsu,2006,Adult,Black,Male,Open Class,3,Fernando D'Piedro,Alliance
Campeonato Brasileiro de Jiu-Jitsu,2006,Adult,Black,Male,Open Class,3,Andre Galvao,TT Jiu-Jitsu
Campeonato Brasileiro de Jiu-Jitsu,2006,Adult,Black,Female,Light Feather,1,Elizangela Meirelis,Gaviao
Campeonato Brasileiro de Jiu-Jitsu,2006,Adult,Black,Female,Feather,1,Bianca Andrade,Gracie Barra
Campeonato Brasileiro de Jiu-Jitsu,2006,Adult,Black,Female,Light,1,Juliana Gonçalves,Osvaldo Alves
Campeonato Brasileiro de Jiu-Jitsu,2006,Adult,Black,Female,Open Class,1,Bianca Andrade,Gracie Barra
Campeonato Brasileiro de Jiu-Jitsu,2006,Adult,Black,Female,Feather,2,Rosalina Ferreira,Gaviao
Campeonato Brasileiro de Jiu-Jitsu,2006,Adult,Black,Female,Open Class,2,Rosalina Ferreira,Gaviao
Campeonato Brasileiro de Jiu-Jitsu,2006,Adult,Black,Female,Open Class,3,Elizangela Meirelis,Gaviao
Campeonato Brasileiro de Jiu-Jitsu,2007,Adult,Black,Male,Rooster,1,Felipe Costa,Brasa
Campeonato Brasileiro de Jiu-Jitsu,2007,Adult,Black,Male,Light Feather,1,Bernardo Pitel,Joao Roque Jj
Campeonato Brasileiro de Jiu-Jitsu,2007,Adult,Black,Male,Feather,1,Jonathas Gurgel,Joao Roque Jj
Campeonato Brasileiro de Jiu-Jitsu,2007,Adult,Black,Male,Light,1,Celso Vinicius,Gordo Jj
Campeonato Brasileiro de Jiu-Jitsu,2007,Adult,Black,Male,Middle,1,Murilo Santana,Barbosa Jj
Campeonato Brasileiro de Jiu-Jitsu,2007,Adult,Black,Male,Medium Heavy,1,Romulo Barral,Gracie Barra Bh
Campeonato Brasileiro de Jiu-Jitsu,2007,Adult,Black,Male,Heavy,1,Roberto Tozi,Godoi Jj Club
Campeonato Brasileiro de Jiu-Jitsu,2007,Adult,Black,Male,Super Heavy,1,Rafael Lovato,Saulo Ribeiro
Campeonato Brasileiro de Jiu-Jitsu,2007,Adult,Black,Male,Ultra Heavy,1,Luiz Teodoro,Godoi Jj Club
Campeonato Brasileiro de Jiu-Jitsu,2007,Adult,Black,Male,Open Class,1,Luiz Teodoro,Godoi Jj Club
Campeonato Brasileiro de Jiu-Jitsu,2007,Adult,Black,Male,Rooster,2,Rufino Gomes,Brasa
Campeonato Brasileiro de Jiu-Jitsu,2007,Adult,Black,Male,Light Feather,2,Carlos Vieira,Osvaldo Alves
Campeonato Brasileiro de Jiu-Jitsu,2007,Adult,Black,Male,Feather,2,Wilson Reis,Godoi Jj Club
Campeonato Brasileiro de Jiu-Jitsu,2007,Adult,Black,Male,Light,2,Michel Maia,Joao Roque Jj
Campeonato Brasileiro de Jiu-Jitsu,2007,Adult,Black,Male,Middle,2,Robert Fonseca,Asle/Behring
Campeonato Brasileiro de Jiu-Jitsu,2007,Adult,Black,Male,Medium Heavy,2,Alexandre De Souza,Gracie Florianopolis
Campeonato Brasileiro de Jiu-Jitsu,2007,Adult,Black,Male,Heavy,2,Thiago Gaia,Nova Uniao
Campeonato Brasileiro de Jiu-Jitsu,2007,Adult,Black,Male,Super Heavy,2,Roberto Abreu,Nova Geracao Ugf
Campeonato Brasileiro de Jiu-Jitsu,2007,Adult,Black,Male,Ultra Heavy,2,Charles Cachoeira,Crolin Gracie
Campeonato Brasileiro de Jiu-Jitsu,2007,Adult,Black,Male,Open Class,2,Rodrigo Cavaca,Brasa
Campeonato Brasileiro de Jiu-Jitsu,2007,Adult,Black,Male,Rooster,3,Ivaniel Oliveira,Carioca Team
Campeonato Brasileiro de Jiu-Jitsu,2007,Adult,Black,Male,Rooster,3,Caio Terra,Strauch
Campeonato Brasileiro de Jiu-Jitsu,2007,Adult,Black,Male,Light Feather,3,Fabiano Cleto,Gordo Jj
Campeonato Brasileiro de Jiu-Jitsu,2007,Adult,Black,Male,Light Feather,3,Leandro Martins,Brasa
Campeonato Brasileiro de Jiu-Jitsu,2007,Adult,Black,Male,Feather,3,Bruno Frazato,Godoi Jj Club
Campeonato Brasileiro de Jiu-Jitsu,2007,Adult,Black,Male,Feather,3,Heder Medeiros,Brasa
Campeonato Brasileiro de Jiu-Jitsu,2007,Adult,Black,Male,Light,3,Claudio Calasans,Osvaldo Alves
Campeonato Brasileiro de Jiu-Jitsu,2007,Adult,Black,Male,Light,3,Alan Do Nascimento,Brasa
Campeonato Brasileiro de Jiu-Jitsu,2007,Adult,Black,Male,Middle,3,Orlando Zanetti,Godoi Jj Club
Campeonato Brasileiro de Jiu-Jitsu,2007,Adult,Black,Male,Middle,3,Adriano Silva,Barbosa Jj
Campeonato Brasileiro de Jiu-Jitsu,2007,Adult,Black,Male,Medium Heavy,3,Rogel Alexander,Alliance
Campeonato Brasileiro de Jiu-Jitsu,2007,Adult,Black,Male,Medium Heavy,3,Tarsis Humphreys,Alliance
Campeonato Brasileiro de Jiu-Jitsu,2007,Adult,Black,Male,Heavy,3,Igor Silva,Brasa
Campeonato Brasileiro de Jiu-Jitsu,2007,Adult,Black,Male,Heavy,3,Andre Luis,Alliance
Campeonato Brasileiro de Jiu-Jitsu,2007,Adult,Black,Male,Super Heavy,3,Rodrigo Medeiros,Brasa
Campeonato Brasileiro de Jiu-Jitsu,2007,Adult,Black,Male,Super Heavy,3,Antonio Braga,Gracie Barra
Campeonato Brasileiro de Jiu-Jitsu,2007,Adult,Black,Male,Ultra Heavy,3,Francisco Fernandes,Gracie Barra
Campeonato Brasileiro de Jiu-Jitsu,2007,Adult,Black,Male,Ultra Heavy,3,Rodrigo Cavaca,Brasa
Campeonato Brasileiro de Jiu-Jitsu,2007,Adult,Black,Male,Open Class,3,Antonio Braga,Gracie Barra
Campeonato Brasileiro de Jiu-Jitsu,2007,Adult,Black,Male,Open Class,3,Roberto Tozi,Godoi Jj Club
Campeonato Brasileiro de Jiu-Jitsu,2007,Adult,Black,Female,Light Feather,1,Elisangela Meireles,Gaviao
Campeonato Brasileiro de Jiu-Jitsu,2007,Adult,Black,Female,Feather,1,Bianca Andrade,Gracie Barra
Campeonato Brasileiro de Jiu-Jitsu,2007,Adult,Black,Female,Light,1,Rosalind Ferreira,Gaviao
Campeonato Brasileiro de Jiu-Jitsu,2007,Adult,Black,Female,Middle,1,Gilda Maria,Ugf
Campeonato Brasileiro de Jiu-Jitsu,2007,Adult,Black,Female,Medium Heavy,1,Marcela Caiafa,Flavio Teixeira
Campeonato Brasileiro de Jiu-Jitsu,2007,Adult,Black,Female,Ultra Heavy,1,Luana Gomes,Brazilian Fight
Campeonato Brasileiro de Jiu-Jitsu,2007,Adult,Black,Female,Open Class,1,Bianca Andrade,Gracie Barra
Campeonato Brasileiro de Jiu-Jitsu,2007,Adult,Black,Female,Rooster,1,Hellen da Costa Kenupp,Brazilian Top Team
Campeonato Brasileiro de Jiu-Jitsu,2007,Adult,Black,Female,Feather,2,Bruna Gruppi,Behring
Campeonato Brasileiro de Jiu-Jitsu,2007,Adult,Black,Female,Light,2,Leticia Tanabe,Equipe 1
Campeonato Brasileiro de Jiu-Jitsu,2007,Adult,Black,Female,Middle,2,Silvana Abreu,Carlson Gracie Team
Campeonato Brasileiro de Jiu-Jitsu,2007,Adult,Black,Female,Open Class,2,Tania Andrade,Gracie Barra
Campeonato Brasileiro de Jiu-Jitsu,2007,Adult,Black,Female,Feather,3,Michelle,Joao Roque Jj
Campeonato Brasileiro de Jiu-Jitsu,2007,Adult,Black,Female,Feather,3,Michele Nicolini,Brasa
Campeonato Brasileiro de Jiu-Jitsu,2007,Adult,Black,Female,Open Class,3,Luana Gomes,Brazilian Fight
Campeonato Brasileiro de Jiu-Jitsu,2007,Adult,Black,Female,Open Class,3,Gilda Maria,Ugf
Campeonato Brasileiro de Jiu-Jitsu,2008,Adult,Black,Male,Rooster,1,Bruno Malfacine,UGF
Campeonato Brasileiro de Jiu-Jitsu,2008,Adult,Black,Male,Light Feather,1,Bernardo Pitel,Joao Roque JJ
Campeonato Brasileiro de Jiu-Jitsu,2008,Adult,Black,Male,Feather,1,Marcelino Freitas,Nova Uniao
Campeonato Brasileiro de Jiu-Jitsu,2008,Adult,Black,Male,Light,1,Michael Langhi,Alliance
Campeonato Brasileiro de Jiu-Jitsu,2008,Adult,Black,Male,Middle,1,Alan do Nascimento,Brasa
Campeonato Brasileiro de Jiu-Jitsu,2008,Adult,Black,Male,Medium Heavy,1,Eduardo Santoro,Cia Paulista
Campeonato Brasileiro de Jiu-Jitsu,2008,Adult,Black,Male,Heavy,1,Augusto Ferrari,Barbosa JJ
Campeonato Brasileiro de Jiu-Jitsu,2008,Adult,Black,Male,Super Heavy,1,Antonio Braga Neto,Gordo JJ
Campeonato Brasileiro de Jiu-Jitsu,2008,Adult,Black,Male,Ultra Heavy,1,Rodrigo Cavaca,Brasa
Campeonato Brasileiro de Jiu-Jitsu,2008,Adult,Black,Male,Open Class,1,Alexandre de Souza,Gracie Florianopolis
Campeonato Brasileiro de Jiu-Jitsu,2008,Adult,Black,Male,Rooster,2,Felipe Costa,Brasa
Campeonato Brasileiro de Jiu-Jitsu,2008,Adult,Black,Male,Light Feather,2,Daniel Beleza,Nova Uniao
Campeonato Brasileiro de Jiu-Jitsu,2008,Adult,Black,Male,Feather,2,Bruno Frazatto,Brasa
Campeonato Brasileiro de Jiu-Jitsu,2008,Adult,Black,Male,Light,2,Vinicius Marinho,UGF
Campeonato Brasileiro de Jiu-Jitsu,2008,Adult,Black,Male,Middle,2,Otavio Souza,Gracie Barra PE
Campeonato Brasileiro de Jiu-Jitsu,2008,Adult,Black,Male,Medium Heavy,2,Alexandre de Souza,Gracie Florianopolis
Campeonato Brasileiro de Jiu-Jitsu,2008,Adult,Black,Male,Heavy,2,Mauro Celso Guilherme,Gracie Barra BH
Campeonato Brasileiro de Jiu-Jitsu,2008,Adult,Black,Male,Super Heavy,2,Thiago Gaia,Nova Uniao
Campeonato Brasileiro de Jiu-Jitsu,2008,Adult,Black,Male,Ultra Heavy,2,DESCLASSIFICADO,None
Campeonato Brasileiro de Jiu-Jitsu,2008,Adult,Black,Male,Open Class,2,Antonio Braga Neto,Gordo JJ
Campeonato Brasileiro de Jiu-Jitsu,2008,Adult,Black,Male,Rooster,3,Jussier da Silva,Nova Uniao
Campeonato Brasileiro de Jiu-Jitsu,2008,Adult,Black,Male,Rooster,3,Wekciley Cruz,Nova Uniao
Campeonato Brasileiro de Jiu-Jitsu,2008,Adult,Black,Male,Light Feather,3,Maxmiliano Oliveira,Nova Uniao
Campeonato Brasileiro de Jiu-Jitsu,2008,Adult,Black,Male,Light Feather,3,Gabriel Moraes,Monteiro
Campeonato Brasileiro de Jiu-Jitsu,2008,Adult,Black,Male,Feather,3,Augusto Mendes,Soul Fighters
Campeonato Brasileiro de Jiu-Jitsu,2008,Adult,Black,Male,Feather,3,Teodoro Canal,UGF
Campeonato Brasileiro de Jiu-Jitsu,2008,Adult,Black,Male,Light,3,Cícero Costha,Barbosa JJ
Campeonato Brasileiro de Jiu-Jitsu,2008,Adult,Black,Male,Light,3,Michel Maia,Sul JJ
Campeonato Brasileiro de Jiu-Jitsu,2008,Adult,Black,Male,Middle,3,Diego Gamonal,Brazilian Top Team
Campeonato Brasileiro de Jiu-Jitsu,2008,Adult,Black,Male,Middle,3,Eric Zeeman,Nova Uniao
Campeonato Brasileiro de Jiu-Jitsu,2008,Adult,Black,Male,Medium Heavy,3,Rogel Alexander,Alliance
Campeonato Brasileiro de Jiu-Jitsu,2008,Adult,Black,Male,Medium Heavy,3,Eduardo da Conceição,Brasa
Campeonato Brasileiro de Jiu-Jitsu,2008,Adult,Black,Male,Heavy,3,Bruno Bastos,Nova Uniao
Campeonato Brasileiro de Jiu-Jitsu,2008,Adult,Black,Male,Heavy,3,Igor Silva,Brasa
Campeonato Brasileiro de Jiu-Jitsu,2008,Adult,Black,Male,Super Heavy,3,Arthur Cesar,UGF
Campeonato Brasileiro de Jiu-Jitsu,2008,Adult,Black,Male,Super Heavy,3,Alexandre Pereira,Sul JJ
Campeonato Brasileiro de Jiu-Jitsu,2008,Adult,Black,Male,Ultra Heavy,3,Phelippe Lira,Gracie Barra Pitbull
Campeonato Brasileiro de Jiu-Jitsu,2008,Adult,Black,Male,Ultra Heavy,3,Bruno Matias,Brasa
Campeonato Brasileiro de Jiu-Jitsu,2008,Adult,Black,Male,Open Class,3,Murilo Santana,Barbosa JJ
Campeonato Brasileiro de Jiu-Jitsu,2008,Adult,Black,Male,Open Class,3,Augusto Ferrari,Barbosa JJ
Campeonato Brasileiro de Jiu-Jitsu,2008,Adult,Black,Female,Rooster,1,Hellen Kenupp,Brazilian Top Team
Campeonato Brasileiro de Jiu-Jitsu,2008,Adult,Black,Female,Light Feather,1,Mirian Cardoso,UGF
Campeonato Brasileiro de Jiu-Jitsu,2008,Adult,Black,Female,Feather,1,Bianca Andrade,Gracie Barra Alagoas
Campeonato Brasileiro de Jiu-Jitsu,2008,Adult,Black,Female,Light,1,Kyra Gracie,Gracie Barra
Campeonato Brasileiro de Jiu-Jitsu,2008,Adult,Black,Female,Middle,1,Tania Mabel Andrade,Gracie Barra Alagoas
Campeonato Brasileiro de Jiu-Jitsu,2008,Adult,Black,Female,Medium Heavy,1,Diana Menezes,Bon Sai
Campeonato Brasileiro de Jiu-Jitsu,2008,Adult,Black,Female,Super Heavy,1,Maria do Carmo Paixão,Carmen Cascagrossa
Campeonato Brasileiro de Jiu-Jitsu,2008,Adult,Black,Female,Ultra Heavy,1,Luzia Carmem Fernandes,Gracie Barra Detonando
Campeonato Brasileiro de Jiu-Jitsu,2008,Adult,Black,Female,Open Class,1,Luzia Carmen Fernandes,Gracie Barra Detonando
Campeonato Brasileiro de Jiu-Jitsu,2008,Adult,Black,Female,Light Feather,2,Elizangela Meireles,Gaviao
Campeonato Brasileiro de Jiu-Jitsu,2008,Adult,Black,Female,Feather,2,Michele Tavares,Nova Uniao
Campeonato Brasileiro de Jiu-Jitsu,2008,Adult,Black,Female,Light,2,Luana Alzuguir,Barbosa JJ
Campeonato Brasileiro de Jiu-Jitsu,2008,Adult,Black,Female,Open Class,2,Kyra Gracie,Gracie Barra
Campeonato Brasileiro de Jiu-Jitsu,2008,Adult,Black,Female,Feather,3,Fabiana Borges,Top Brothers
Campeonato Brasileiro de Jiu-Jitsu,2008,Adult,Black,Female,Light,3,Rosalind Ferreira,Gaviao
Campeonato Brasileiro de Jiu-Jitsu,2008,Adult,Black,Female,Light,3,Cristiane Souza,Bon Sai
Campeonato Brasileiro de Jiu-Jitsu,2008,Adult,Black,Female,Open Class,3,Diana Meneses,Bon Sai
Campeonato Brasileiro de Jiu-Jitsu,2008,Adult,Black,Female,Open Class,3,Luana Alzuguir,Barbosa JJ
Campeonato Brasileiro de Jiu-Jitsu,2009,Adulto,Preta,Masculino,Galo,1,BRUNO MALFACINE,Alliance
Campeonato Brasileiro de Jiu-Jitsu,2009,Adulto,Preta,Masculino,Pluma,1,PABLO DA SILVA SANTOS,Gracie Barra
Campeonato Brasileiro de Jiu-Jitsu,2009,Adulto,Preta,Masculino,Pena,1,BRUNO FRAZATTO,Atos
Campeonato Brasileiro de Jiu-Jitsu,2009,Adulto,Preta,Masculino,Leve,1,MICHAEL LANGHI,Alliance
Campeonato Brasileiro de Jiu-Jitsu,2009,Adulto,Preta,Masculino,Medio,1,ALAN DO NASCIMENTO,Check Mat Bjj
Campeonato Brasileiro de Jiu-Jitsu,2009,Adulto,Preta,Masculino,Meio Pesado,1,RAPHAEL ABI-RIHAN,Carlson Gracie Team
Campeonato Brasileiro de Jiu-Jitsu,2009,Adulto,Preta,Masculino,Pesado,1,JEFFERSON MOURA,Gracie Barra
Campeonato Brasileiro de Jiu-Jitsu,2009,Adulto,Preta,Masculino,Super Pesado,1,ANTONIO BRAGA NETO,Gordo JJ
Campeonato Brasileiro de Jiu-Jitsu,2009,Adulto,Preta,Masculino,Pesadissimo,1,LEONARDO LEITE,Alliance
Campeonato Brasileiro de Jiu-Jitsu,2009,Adulto,Preta,Masculino,Absoluto,1,TARSIS HUMPHREYS,Alliance
Campeonato Brasileiro de Jiu-Jitsu,2009,Adulto,Preta,Masculino,Galo,2,IVANIEL OLIVEIRA,Carioca Brazilian JJ
Campeonato Brasileiro de Jiu-Jitsu,2009,Adulto,Preta,Masculino,Pluma,2,PHILIPE FREITAS,Equipe PH
Campeonato Brasileiro de Jiu-Jitsu,2009,Adulto,Preta,Masculino,Pena,2,THEODORO CANAL,GF TEAM
Campeonato Brasileiro de Jiu-Jitsu,2009,Adulto,Preta,Masculino,Leve,2,VINICIUS MARINHO,GF TEAM
Campeonato Brasileiro de Jiu-Jitsu,2009,Adulto,Preta,Masculino,Medio,2,TIAGO ALVES,Barbosa JJ
Campeonato Brasileiro de Jiu-Jitsu,2009,Adulto,Preta,Masculino,Meio Pesado,2,TARSIS HUMPHREUS,Alliance
Campeonato Brasileiro de Jiu-Jitsu,2009,Adulto,Preta,Masculino,Pesado,2,ALEXANDRE CECONI,Rillion Gracie
Campeonato Brasileiro de Jiu-Jitsu,2009,Adulto,Preta,Masculino,Super Pesado,2,MARCEL FORTUNA,Gracie Florianópolis
Campeonato Brasileiro de Jiu-Jitsu,2009,Adulto,Preta,Masculino,Pesadissimo,2,BRUTO MATHIAS,Check Mat Bjj
Campeonato Brasileiro de Jiu-Jitsu,2009,Adulto,Preta,Masculino,Absoluto,2,GABRIEL VELLA,Alliance
Campeonato Brasileiro de Jiu-Jitsu,2009,Adulto,Preta,Masculino,Galo,3,BRUNO CESAR GOMES,Nova União
Campeonato Brasileiro de Jiu-Jitsu,2009,Adulto,Preta,Masculino,Galo,3,FELIPE COSTA,Brasa
Campeonato Brasileiro de Jiu-Jitsu,2009,Adulto,Preta,Masculino,Pluma,3,BERNARDO PITEL,Nova União
Campeonato Brasileiro de Jiu-Jitsu,2009,Adulto,Preta,Masculino,Pluma,3,FABBIO PASSOS ALENCAR,Alliance
Campeonato Brasileiro de Jiu-Jitsu,2009,Adulto,Preta,Masculino,Pena,3,DENILSON PIMENTA,GF TEAM
Campeonato Brasileiro de Jiu-Jitsu,2009,Adulto,Preta,Masculino,Pena,3,LEON BRAZ AMANCIO,Check Mat Bjj
Campeonato Brasileiro de Jiu-Jitsu,2009,Adulto,Preta,Masculino,Leve,3,VAGNER AZEVEDO,CHECK MAT SP
Campeonato Brasileiro de Jiu-Jitsu,2009,Adulto,Preta,Masculino,Leve,3,RAFAEL BARBOSA,Soul Fighters
Campeonato Brasileiro de Jiu-Jitsu,2009,Adulto,Preta,Masculino,Medio,3,MARCELO SANTOS AZEVEDO,Gracie Barra BH
Campeonato Brasileiro de Jiu-Jitsu,2009,Adulto,Preta,Masculino,Medio,3,ROGEL ALEXANDER MONSALVE,Alliance
Campeonato Brasileiro de Jiu-Jitsu,2009,Adulto,Preta,Masculino,Meio Pesado,3,RODRIGO FAJARDO,GRACIE BARRA
Campeonato Brasileiro de Jiu-Jitsu,2009,Adulto,Preta,Masculino,Meio Pesado,3,EDUARDO SANTORO,Cia Paulista
Campeonato Brasileiro de Jiu-Jitsu,2009,Adulto,Preta,Masculino,Pesado,3,AUGUSTO FERRARI,Barbosa JJ
Campeonato Brasileiro de Jiu-Jitsu,2009,Adulto,Preta,Masculino,Pesado,3,FELIPE PACCES,Alliance
Campeonato Brasileiro de Jiu-Jitsu,2009,Adulto,Preta,Masculino,Super Pesado,3,THIAGO GAIA,Nova União
Campeonato Brasileiro de Jiu-Jitsu,2009,Adulto,Preta,Masculino,Super Pesado,3,BRUNO BASTOS,NOVA UNIÃO – N.U.
Campeonato Brasileiro de Jiu-Jitsu,2009,Adulto,Preta,Masculino,Pesadissimo,3,GABRIEL VELLA,Alliance
Campeonato Brasileiro de Jiu-Jitsu,2009,Adulto,Preta,Masculino,Pesadissimo,3,CHARLES MARCON,Crolin Gracie
Campeonato Brasileiro de Jiu-Jitsu,2009,Adulto,Preta,Masculino,Absoluto,3,CHARLES CACHOEIRA,Crolin Gracie
Campeonato Brasileiro de Jiu-Jitsu,2009,Adulto,Preta,Masculino,Absoluto,3,THIAGO GAIA,Nova União
Campeonato Brasileiro de Jiu-Jitsu,2009,Adulto,Preta,Feminino,Pena,1,BIANCA ANDRADE BARRETO,Gracie Barra
Campeonato Brasileiro de Jiu-Jitsu,2009,Adulto,Preta,Feminino,Leve,1,LUANNA ALZUGUIR,Alliance
Campeonato Brasileiro de Jiu-Jitsu,2009,Adulto,Preta,Feminino,Medio,1,SILVANA CRISTINA ABREU,Manimal
Campeonato Brasileiro de Jiu-Jitsu,2009,Adulto,Preta,Feminino,Absoluto,1,DIANA DE SOUZA DE MENEZES,Bon Sai
Campeonato Brasileiro de Jiu-Jitsu,2009,Adulto,Preta,Feminino,Pena,2,MARINA SOARES RIBEIRO,Check Mat Bjj
Campeonato Brasileiro de Jiu-Jitsu,2009,Adulto,Preta,Feminino,Leve,2,LAURIANE MENDES,CMS
Campeonato Brasileiro de Jiu-Jitsu,2009,Adulto,Preta,Feminino,Medio,2,VANESSA OLIVEIRA,GF TEAM
Campeonato Brasileiro de Jiu-Jitsu,2009,Adulto,Preta,Feminino,Absoluto,2,LUANNA ALZUGUIR,Alliance
Campeonato Brasileiro de Jiu-Jitsu,2009,Adulto,Preta,Feminino,Pena,3,ANA MICHELLE TAVARES,Nova União
Campeonato Brasileiro de Jiu-Jitsu,2009,Adulto,Preta,Feminino,Absoluto,3,SILVANA CRISTINA ABREU,Manimal
Campeonato Brasileiro de Jiu-Jitsu,2009,Adulto,Preta,Feminino,Absoluto,3,CAROLINE DE LAZZER,Sul JJ
Campeonato Brasileiro de Jiu-Jitsu,2009,Adulto,Preta,Feminino,Meio Pesado,None,CAROLINE DE LAZZER,Sul JJ
Campeonato Brasileiro de Jiu-Jitsu,2009,Adulto,Preta,Feminino,Pesado,None,DIANA DE SOUZA DE MENEZES,Bon Sai
Campeonato Brasileiro de Jiu-Jitsu,2009,Adulto,Preta,Feminino,Pesadissimo,None,LUZIA FERNANDES,Gracie Barra Detonando
Campeonato Brasileiro de Jiu-Jitsu,2010,Adult,Black,Male,Rooster,1,Bruno Malfacine,Alliance
Campeonato Brasileiro de Jiu-Jitsu,2010,Adult,Black,Male,Light Feather,1,Guilherme Mendes,Atos
Campeonato Brasileiro de Jiu-Jitsu,2010,Adult,Black,Male,Feather,1,Rafael Mendes,Atos
Campeonato Brasileiro de Jiu-Jitsu,2010,Adult,Black,Male,Light,1,Gilbert Burns,Atos
Campeonato Brasileiro de Jiu-Jitsu,2010,Adult,Black,Male,Middle,1,Murilo Silva Ferreira Santana,Barbosa JJ
Campeonato Brasileiro de Jiu-Jitsu,2010,Adult,Black,Male,Medium Heavy,1,Tarsis Humphreys,Alliance
Campeonato Brasileiro de Jiu-Jitsu,2010,Adult,Black,Male,Heavy,1,Alexandre Ceconi,Rillion Gracie
Campeonato Brasileiro de Jiu-Jitsu,2010,Adult,Black,Male,Super Heavy,1,Thiago Gaia,Nova Uniao
Campeonato Brasileiro de Jiu-Jitsu,2010,Adult,Black,Male,Ultra Heavy,1,Rodrigo Cavaca,Checkmat Bjj
Campeonato Brasileiro de Jiu-Jitsu,2010,Adult,Black,Male,Open Class,1,Bernardo Farias,Alliance
Campeonato Brasileiro de Jiu-Jitsu,2010,Adult,Black,Male,Rooster,2,Felipe Costa,Brasa
Campeonato Brasileiro de Jiu-Jitsu,2010,Adult,Black,Male,Light Feather,2,Gabriel Afonso Moraes,ASSOCIACAO MONTEIRO
Campeonato Brasileiro de Jiu-Jitsu,2010,Adult,Black,Male,Feather,2,Rubens Charles Maciel,Alliance
Campeonato Brasileiro de Jiu-Jitsu,2010,Adult,Black,Male,Light,2,Jonathan Torres,LIOYD IRVIN M.A.
Campeonato Brasileiro de Jiu-Jitsu,2010,Adult,Black,Male,Middle,2,Tiago Alves,Barbosa JJ
Campeonato Brasileiro de Jiu-Jitsu,2010,Adult,Black,Male,Medium Heavy,2,Nivaldo Lima,Checkmat Bjj
Campeonato Brasileiro de Jiu-Jitsu,2010,Adult,Black,Male,Heavy,2,Leonardo Nogueira,Alliance
Campeonato Brasileiro de Jiu-Jitsu,2010,Adult,Black,Male,Super Heavy,2,Paulo Tarcisio Jardim,Checkmat Bjj
Campeonato Brasileiro de Jiu-Jitsu,2010,Adult,Black,Male,Ultra Heavy,2,Igor Silva,Brasa
Campeonato Brasileiro de Jiu-Jitsu,2010,Adult,Black,Male,Open Class,2,Rafael Lovato Jr,Ribeiro Jiu-Jitsu
Campeonato Brasileiro de Jiu-Jitsu,2010,Adult,Black,Male,Rooster,3,Leandro Luiz da Silva,Checkmat Bjj
Campeonato Brasileiro de Jiu-Jitsu,2010,Adult,Black,Male,Rooster,3,Ivaniel Cavalcante,Top Brothers
Campeonato Brasileiro de Jiu-Jitsu,2010,Adult,Black,Male,Light Feather,3,Bernardo Pitel,Nova Uniao
Campeonato Brasileiro de Jiu-Jitsu,2010,Adult,Black,Male,Light Feather,3,Laercio Lima Fernandes,Cia Paulista
Campeonato Brasileiro de Jiu-Jitsu,2010,Adult,Black,Male,Feather,3,Cicero Barbosa da Costa,Barbosa JJ
Campeonato Brasileiro de Jiu-Jitsu,2010,Adult,Black,Male,Feather,3,Theodoro Canal,GF TEAM
Campeonato Brasileiro de Jiu-Jitsu,2010,Adult,Black,Male,Light,3,Vitor Henrique de Oliveira,GF TEAM
Campeonato Brasileiro de Jiu-Jitsu,2010,Adult,Black,Male,Light,3,Augusto Lopes Mendes,Soul Fighters
Campeonato Brasileiro de Jiu-Jitsu,2010,Adult,Black,Male,Middle,3,Luis Gustavo Campos,Checkmat Bjj
Campeonato Brasileiro de Jiu-Jitsu,2010,Adult,Black,Male,Middle,3,Victor Del Corso Bonfim,Evolve Gordo Jiu-Jitsu
Campeonato Brasileiro de Jiu-Jitsu,2010,Adult,Black,Male,Medium Heavy,3,Eduardo Teles,Brasa
Campeonato Brasileiro de Jiu-Jitsu,2010,Adult,Black,Male,Medium Heavy,3,Rodrigo Fajardo,Gracie Barra
Campeonato Brasileiro de Jiu-Jitsu,2010,Adult,Black,Male,Heavy,3,Rafael Lovato Jr,Lovatos BJJ
Campeonato Brasileiro de Jiu-Jitsu,2010,Adult,Black,Male,Heavy,3,Bernardo Augusto de Faria,Alliance
Campeonato Brasileiro de Jiu-Jitsu,2010,Adult,Black,Male,Super Heavy,3,Felipe Pacces,Alliance
Campeonato Brasileiro de Jiu-Jitsu,2010,Adult,Black,Male,Super Heavy,3,Thiago Reinaldo de Souza,Asle
Campeonato Brasileiro de Jiu-Jitsu,2010,Adult,Black,Male,Ultra Heavy,3,Josue Braganca,Alliance
Campeonato Brasileiro de Jiu-Jitsu,2010,Adult,Black,Male,Ultra Heavy,3,Antonio Peinado,Alliance
Campeonato Brasileiro de Jiu-Jitsu,2010,Adult,Black,Male,Open Class,3,Tarsis Humphreys,Alliance
Campeonato Brasileiro de Jiu-Jitsu,2010,Adult,Black,Male,Open Class,3,Rodrigo Cavaca,Checkmat Bjj
Campeonato Brasileiro de Jiu-Jitsu,2010,Adult,Black,Female,Rooster,1,Thaizar Albuquerque dos,GF TEAM
Campeonato Brasileiro de Jiu-Jitsu,2010,Adult,Black,Female,Light Feather,1,Elisangela Silva Fernandes,Checkmat Bjj
Campeonato Brasileiro de Jiu-Jitsu,2010,Adult,Black,Female,Feather,1,Bianca Andrade Barreto,Gracie Barra
Campeonato Brasileiro de Jiu-Jitsu,2010,Adult,Black,Female,Light,1,Barbara Gomes dos Santos,Queiroz Saude
Campeonato Brasileiro de Jiu-Jitsu,2010,Adult,Black,Female,Middle,1,Luanna Alzuiguir,Alliance
Campeonato Brasileiro de Jiu-Jitsu,2010,Adult,Black,Female,Medium Heavy,1,Fernanda Mazzelli,STRIKER JJ / GOES
Campeonato Brasileiro de Jiu-Jitsu,2010,Adult,Black,Female,Ultra Heavy,1,Luzia Carmen Fernandes,Gracie Barra
Campeonato Brasileiro de Jiu-Jitsu,2010,Adult,Black,Female,Open Class,1,Luzia Carmen Fernandes,Gracie Barra
Campeonato Brasileiro de Jiu-Jitsu,2010,Adult,Black,Female,Light Feather,2,Roberta Parisini,Alliance
Campeonato Brasileiro de Jiu-Jitsu,2010,Adult,Black,Female,Feather,2,Vanessa Maria da Silva,Gracie Barra
Campeonato Brasileiro de Jiu-Jitsu,2010,Adult,Black,Female,Light,2,Lauriane Clarice dos Santos,CM System
Campeonato Brasileiro de Jiu-Jitsu,2010,Adult,Black,Female,Middle,2,Vanessa Oliveira do,GF TEAM
Campeonato Brasileiro de Jiu-Jitsu,2010,Adult,Black,Female,Medium Heavy,2,Polyana Lago Barbosa,Alliance
Campeonato Brasileiro de Jiu-Jitsu,2010,Adult,Black,Female,Open Class,2,Luanna Alzuiguir,Alliance
Campeonato Brasileiro de Jiu-Jitsu,2010,Adult,Black,Female,Feather,3,Marina Soares Riberio,Checkmat Bjj
Campeonato Brasileiro de Jiu-Jitsu,2010,Adult,Black,Female,Feather,3,Ana Michelle Tavares Dantas,Gracie Humaita
Campeonato Brasileiro de Jiu-Jitsu,2010,Adult,Black,Female,Middle,3,Tania Mabel Andrade Barreto,Gracie Barra
Campeonato Brasileiro de Jiu-Jitsu,2010,Adult,Black,Female,Open Class,3,Tania Mabel Andrade Barreto,Gracie Barra
Campeonato Brasileiro de Jiu-Jitsu,2010,Adult,Black,Female,Open Class,3,Marina Soares Ribeiro,Checkmat Bjj
Campeonato Brasileiro de Jiu-Jitsu,2011,Adult,Black,Male,Rooster,1,Bruno Malfacine,Alliance
Campeonato Brasileiro de Jiu-Jitsu,2011,Adult,Black,Male,Light Feather,1,Ary de Melo Farias,Atos
Campeonato Brasileiro de Jiu-Jitsu,2011,Adult,Black,Male,Feather,1,Bruno Frazzato Xavier Barbosa,Atos
Campeonato Brasileiro de Jiu-Jitsu,2011,Adult,Black,Male,Light,1,Leandro Pereira do,PSLPB CICERO COSTHA
Campeonato Brasileiro de Jiu-Jitsu,2011,Adult,Black,Male,Middle,1,Daniel Garcia Dias,Nova Uniao
Campeonato Brasileiro de Jiu-Jitsu,2011,Adult,Black,Male,Medium Heavy,1,Sergio Ricardo de Moraes,Alliance
Campeonato Brasileiro de Jiu-Jitsu,2011,Adult,Black,Male,Heavy,1,Antonio Carlos Barbosa Junior,Checkmat Bjj
Campeonato Brasileiro de Jiu-Jitsu,2011,Adult,Black,Male,Super Heavy,1,Ricardo Ferreira Evangelista,GF TEAM
Campeonato Brasileiro de Jiu-Jitsu,2011,Adult,Black,Male,Ultra Heavy,1,Michael George Wilson,Peter de Been
Campeonato Brasileiro de Jiu-Jitsu,2011,Adult,Black,Male,Open Class,1,Leonardo Nogueira,Alliance
Campeonato Brasileiro de Jiu-Jitsu,2011,Adult,Black,Male,Rooster,2,Felipe P. da Costa e Silva,Brasa
Campeonato Brasileiro de Jiu-Jitsu,2011,Adult,Black,Male,Light Feather,2,Gabriel Afonso Santos Moraes,Clube Pina
Campeonato Brasileiro de Jiu-Jitsu,2011,Adult,Black,Male,Feather,2,Leonardo Fernandes Saggioro,Brazilian Top Team
Campeonato Brasileiro de Jiu-Jitsu,2011,Adult,Black,Male,Light,2,Michael Alexandre Langhi,Alliance
Campeonato Brasileiro de Jiu-Jitsu,2011,Adult,Black,Male,Middle,2,Augusto Casar Carsalade Vieira,Renzo Gracie
Campeonato Brasileiro de Jiu-Jitsu,2011,Adult,Black,Male,Medium Heavy,2,Nivaldo de Oliveira Lima,Checkmat Bjj
Campeonato Brasileiro de Jiu-Jitsu,2011,Adult,Black,Male,Heavy,2,Paulo Tarcisio Pessoa Jardim,Checkmat Bjj
Campeonato Brasileiro de Jiu-Jitsu,2011,Adult,Black,Male,Super Heavy,2,Antonio Carlos A. Peinado,Alliance
Campeonato Brasileiro de Jiu-Jitsu,2011,Adult,Black,Male,Ultra Heavy,2,Mario Costa Pereira Netto,Nova Uniao
Campeonato Brasileiro de Jiu-Jitsu,2011,Adult,Black,Male,Open Class,2,Sergio Moraes,Alliance
Campeonato Brasileiro de Jiu-Jitsu,2011,Adult,Black,Male,Rooster,3,Elvis Deyvid F. Queiroga,GF TEAM
Campeonato Brasileiro de Jiu-Jitsu,2011,Adult,Black,Male,Rooster,3,Igor Rodrigues dos Santos,Checkmat Bjj
Campeonato Brasileiro de Jiu-Jitsu,2011,Adult,Black,Male,Light Feather,3,Leandro Martins da Silva,Checkmat Bjj
Campeonato Brasileiro de Jiu-Jitsu,2011,Adult,Black,Male,Light Feather,3,Douglas Rufino da Silva,Checkmat Bjj
Campeonato Brasileiro de Jiu-Jitsu,2011,Adult,Black,Male,Feather,3,Bruno David Fonseca,Gracie Humaita
Campeonato Brasileiro de Jiu-Jitsu,2011,Adult,Black,Male,Feather,3,Marcos Alexandre C. Almeida,Clube Pina
Campeonato Brasileiro de Jiu-Jitsu,2011,Adult,Black,Male,Light,3,Davi Ramos Pinheiro da Silva,ATOS/TOP BROTHER JJ
Campeonato Brasileiro de Jiu-Jitsu,2011,Adult,Black,Male,Light,3,Augusto Lopes Mendes,Soul Fighters
Campeonato Brasileiro de Jiu-Jitsu,2011,Adult,Black,Male,Middle,3,Alan Douglas P. Nascimento,Checkmat Bjj
Campeonato Brasileiro de Jiu-Jitsu,2011,Adult,Black,Male,Middle,3,Bruno Almeida Alves,Gracie Barra
Campeonato Brasileiro de Jiu-Jitsu,2011,Adult,Black,Male,Medium Heavy,3,Diogo Sampaio Araujo,Soul Fighters
Campeonato Brasileiro de Jiu-Jitsu,2011,Adult,Black,Male,Medium Heavy,3,Diego Gamonal Nogueira,Brazilian Fight
Campeonato Brasileiro de Jiu-Jitsu,2011,Adult,Black,Male,Heavy,3,Fabiano Junior Leite Souza,Alliance
Campeonato Brasileiro de Jiu-Jitsu,2011,Adult,Black,Male,Heavy,3,Bruno Novaes Veloso,Nova Uniao
Campeonato Brasileiro de Jiu-Jitsu,2011,Adult,Black,Male,Super Heavy,3,Cassio Francis da Silva,Gracie Barra
Campeonato Brasileiro de Jiu-Jitsu,2011,Adult,Black,Male,Super Heavy,3,Leonardo Pires Nogueira,Alliance
Campeonato Brasileiro de Jiu-Jitsu,2011,Adult,Black,Male,Ultra Heavy,3,Luiz Felipe de Oliveira,Tozi
Campeonato Brasileiro de Jiu-Jitsu,2011,Adult,Black,Male,Ultra Heavy,3,Bruno Matias Soares,Checkmat Bjj
Campeonato Brasileiro de Jiu-Jitsu,2011,Adult,Black,Male,Open Class,3,Nivaldo Oliveira,Checkmat Bjj
Campeonato Brasileiro de Jiu-Jitsu,2011,Adult,Black,Female,Feather,1,Marina Soares Ribeiro Medeiros,Checkmat Bjj
Campeonato Brasileiro de Jiu-Jitsu,2011,Adult,Black,Female,Light,1,Michelle Zonato Nicolini,Checkmat Bjj
Campeonato Brasileiro de Jiu-Jitsu,2011,Adult,Black,Female,Middle,1,Luiza Monteiro Moura Costa,Checkmat Bjj
Campeonato Brasileiro de Jiu-Jitsu,2011,Adult,Black,Female,Medium Heavy,1,Silvana Cristina Silva Abreu,Carlson Gracie Team
Campeonato Brasileiro de Jiu-Jitsu,2011,Adult,Black,Female,Super Heavy,1,Bianca Andrade Barreto,Gracie Barra
Campeonato Brasileiro de Jiu-Jitsu,2011,Adult,Black,Female,Ultra Heavy,1,Luzia Camem Fernandes,Gracie Barra
Campeonato Brasileiro de Jiu-Jitsu,2011,Adult,Black,Female,Open Class,1,Luiza Monteiro Moura Costa,Checkmat Bjj
Campeonato Brasileiro de Jiu-Jitsu,2011,Adult,Black,Female,Feather,2,Ana Michelle Tavares Dantas,Gracie Humaita
Campeonato Brasileiro de Jiu-Jitsu,2011,Adult,Black,Female,Light,2,Lauriane Clarice Santos,CM SYSTEM
Campeonato Brasileiro de Jiu-Jitsu,2011,Adult,Black,Female,Middle,2,Tania Mabel Andrade Barreto,Gracie Barra
Campeonato Brasileiro de Jiu-Jitsu,2011,Adult,Black,Female,Medium Heavy,2,Fernanda Mazzelli Almeida,STRIKER JJ / GOES
Campeonato Brasileiro de Jiu-Jitsu,2011,Adult,Black,Female,Open Class,2,Michelle Zonato Nicolini,Checkmat Bjj
Campeonato Brasileiro de Jiu-Jitsu,2011,Adult,Black,Female,Light,3,Hellen Bastos Teixeira,GAME FIGHT BJJ
Campeonato Brasileiro de Jiu-Jitsu,2011,Adult,Black,Female,Middle,3,Diana de Souza de Menezes,Bon Sai
Campeonato Brasileiro de Jiu-Jitsu,2011,Adult,Black,Female,Middle,3,Tatiana Silva Cordeiro,Brazilian Fight
Campeonato Brasileiro de Jiu-Jitsu,2011,Adult,Black,Female,Medium Heavy,3,Leticia S. Tanabe Lalli,Checkmat Bjj
Campeonato Brasileiro de Jiu-Jitsu,2011,Adult,Black,Female,Open Class,3,Fernanda Mazzelli Almeida,STRIKER JJ / GOES
Campeonato Brasileiro de Jiu-Jitsu,2011,Adult,Black,Female,Open Class,3,Barbara Gomes dos Santos,Queiroz Saude
Campeonato Brasileiro de Jiu-Jitsu ,2012,Adult,Black,Male,Rooster,1,Igor Rodrigues dos Santos,CheckMat Brasil
Campeonato Brasileiro de Jiu-Jitsu ,2012,Adult,Black,Male,Light-Feather,1,José Tiago da Silva Barros,PSLPB Cicero Costha
Campeonato Brasileiro de Jiu-Jitsu ,2012,Adult,Black,Male,Feather,1,Leonardo Fernandes Saggioro,Brazilian Top Team
Campeonato Brasileiro de Jiu-Jitsu ,2012,Adult,Black,Male,Light,1,Leandro Lo Pereira do Nascimento,PSLPB Cicero Costha
Campeonato Brasileiro de Jiu-Jitsu ,2012,Adult,Black,Male,Middle,1,Murilo S. de Santana,Barbosa JJ e MMA
Campeonato Brasileiro de Jiu-Jitsu ,2012,Adult,Black,Male,Medium-Heavy,1,Nivaldo de Oliveira Lima,CheckMat
Campeonato Brasileiro de Jiu-Jitsu ,2012,Adult,Black,Male,Heavy,1,Alexandro Ceconi de Souza,Ceconi Team
Campeonato Brasileiro de Jiu-Jitsu ,2012,Adult,Black,Male,Super-Heavy,1,Leonardo Pires Nogueira,Alliance
Campeonato Brasileiro de Jiu-Jitsu ,2012,Adult,Black,Male,Ultra-Heavy,1,Alexander Riis H. Trans,CheckMat International
Campeonato Brasileiro de Jiu-Jitsu ,2012,Adult,Black,Male,Open Class,1,Nivaldo de Oliveira Lima,CheckMat
Campeonato Brasileiro de Jiu-Jitsu ,2012,Adult,Black,Male,Rooster,2,Felipe Pinto da Costa e Silva,Muzio BJJ
Campeonato Brasileiro de Jiu-Jitsu ,2012,Adult,Black,Male,Light-Feather,2,Ari de Melo Farias,Atos Jiu-Jitsu
Campeonato Brasileiro de Jiu-Jitsu ,2012,Adult,Black,Male,Feather,2,David Juliano Lemes,Atos Jiu-Jitsu
Campeonato Brasileiro de Jiu-Jitsu ,2012,Adult,Black,Male,Light,2,Michael Alexandre Langhi,Alliance
Campeonato Brasileiro de Jiu-Jitsu ,2012,Adult,Black,Male,Middle,2,Gabriel Rollo da Silva Pontes,CheckMat Brasil
Campeonato Brasileiro de Jiu-Jitsu ,2012,Adult,Black,Male,Medium-Heavy,2,William Martins Morais de Lima,ZR Team Brasil
Campeonato Brasileiro de Jiu-Jitsu ,2012,Adult,Black,Male,Heavy,2,Paulo Tarcisio Pessoa Jardim,CheckMat
Campeonato Brasileiro de Jiu-Jitsu ,2012,Adult,Black,Male,Super-Heavy,2,Bernardo Augusto Rocha de Faria,Alliance
Campeonato Brasileiro de Jiu-Jitsu ,2012,Adult,Black,Male,Ultra-Heavy,2,Thiago G. T. de Oliveira Marques,Nova União
Campeonato Brasileiro de Jiu-Jitsu ,2012,Adult,Black,Male,Open Class,2,Antônio Carlos de F. Barbosa Jr,CheckMat
Campeonato Brasileiro de Jiu-Jitsu ,2012,Adult,Black,Male,Rooster,3,Leandro Lopes Escobar,Soul Fighters BJJ
Campeonato Brasileiro de Jiu-Jitsu ,2012,Adult,Black,Male,Rooster,3,Washington Luis do M. de Lima,Top Brother
Campeonato Brasileiro de Jiu-Jitsu ,2012,Adult,Black,Male,Light-Feather,3,Erick Vinicius Raposo,Soul Fighters BJJ
Campeonato Brasileiro de Jiu-Jitsu ,2012,Adult,Black,Male,Light-Feather,3,Francielio Fernandes da Costa,Alliance
Campeonato Brasileiro de Jiu-Jitsu ,2012,Adult,Black,Male,Feather,3,Daniel Fernando Nogueira,Alliance
Campeonato Brasileiro de Jiu-Jitsu ,2012,Adult,Black,Male,Feather,3,Isaque Alberto de Oliveira Paiva,PSLPB Cicero Costha
Campeonato Brasileiro de Jiu-Jitsu ,2012,Adult,Black,Male,Light,3,Alexandre Henrique de Souza,Ryan Gracie Team B
Campeonato Brasileiro de Jiu-Jitsu ,2012,Adult,Black,Male,Light,3,Eduardo Ramos da Silva,Atos Jiu-Jitsu
Campeonato Brasileiro de Jiu-Jitsu ,2012,Adult,Black,Male,Middle,3,Giderson Barros Ferreira,Carlson Gracie Clube
Campeonato Brasileiro de Jiu-Jitsu ,2012,Adult,Black,Male,Middle,3,Gustavo Junqueira,Alliance
Campeonato Brasileiro de Jiu-Jitsu ,2012,Adult,Black,Male,Medium-Heavy,3,Rodrigo Fajardo,Gracie Barra
Campeonato Brasileiro de Jiu-Jitsu ,2012,Adult,Black,Male,Medium-Heavy,3,Rômulo Claudio Barral,Gracie Barra
Campeonato Brasileiro de Jiu-Jitsu ,2012,Adult,Black,Male,Heavy,3,Diogo Almeida Silva,Ryan Gracie Team B
Campeonato Brasileiro de Jiu-Jitsu ,2012,Adult,Black,Male,Heavy,3,Nilson Ricardo Silva Braga,Nova União
Campeonato Brasileiro de Jiu-Jitsu ,2012,Adult,Black,Male,Super-Heavy,3,André Alberto W. Campos,Gracie Barra
Campeonato Brasileiro de Jiu-Jitsu ,2012,Adult,Black,Male,Super-Heavy,3,Antônio Carlos de F. Barbosa Jr,CheckMat
Campeonato Brasileiro de Jiu-Jitsu ,2012,Adult,Black,Male,Ultra-Heavy,3,Antonio Carlos Alexandre Peinado,Alliance
Campeonato Brasileiro de Jiu-Jitsu ,2012,Adult,Black,Male,Ultra-Heavy,3,Leonardo Gergis F. Leite,Alliance
Campeonato Brasileiro de Jiu-Jitsu ,2012,Adult,Black,Male,Open Class,3,Murilo S. de Santana,Barbosa JJ e MMA
Campeonato Brasileiro de Jiu-Jitsu ,2012,Adult,Black,Male,Open Class,3,Rômulo Claudio Barral,Gracie Barra
Campeonato Brasileiro de Jiu-Jitsu ,2012,Adult,Black,Female,Light-Feather,1,Bruna Burns,Top Brother
Campeonato Brasileiro de Jiu-Jitsu ,2012,Adult,Black,Female,Feather,1,Marina Soares de Araujo Ribeiro,CheckMat
Campeonato Brasileiro de Jiu-Jitsu ,2012,Adult,Black,Female,Light,1,Luiza Monteiro Moura da Costa,PSLPB Cicero Costha
Campeonato Brasileiro de Jiu-Jitsu ,2012,Adult,Black,Female,Medium-Heavy,1,Fernanda Mazzelli Almeida Maio,Striker JJ
Campeonato Brasileiro de Jiu-Jitsu ,2012,Adult,Black,Female,Heavy,1,Talita Andrea Nogueira Rezende,Ryan Gracie Team B
Campeonato Brasileiro de Jiu-Jitsu ,2012,Adult,Black,Female,Super-Heavy,1,Luzia Carmem Santana P. Fernandes,Gracie Barra
Campeonato Brasileiro de Jiu-Jitsu ,2012,Adult,Black,Female,Open Class,1,Michelle Zonato Nicolini,CheckMat Brasil
Campeonato Brasileiro de Jiu-Jitsu ,2012,Adult,Black,Female,Light-Feather,2,Bibiana D. Saldanha Silva,Sul Jiu-Jitsu
Campeonato Brasileiro de Jiu-Jitsu ,2012,Adult,Black,Female,Feather,2,Ana Michelle Tavares Dantas,Gracie Humaita
Campeonato Brasileiro de Jiu-Jitsu ,2012,Adult,Black,Female,Light,2,Barbara Gomes dos Santos,Universidade Católica de Brasília
Campeonato Brasileiro de Jiu-Jitsu ,2012,Adult,Black,Female,Medium-Heavy,2,Erika Carrarine Correia,Brazilian Fight
Campeonato Brasileiro de Jiu-Jitsu ,2012,Adult,Black,Female,Heavy,2,Michelle Zonato Nicolini,CheckMat Brasil
Campeonato Brasileiro de Jiu-Jitsu ,2012,Adult,Black,Female,Open Class,2,Fernanda Mazzelli Almeida Maio,Striker JJ
Campeonato Brasileiro de Jiu-Jitsu ,2012,Adult,Black,Female,Feather,3,Andrea Emmel,014RBJJ
Campeonato Brasileiro de Jiu-Jitsu ,2012,Adult,Black,Female,Feather,3,Lauriane Clarice dos Santos Mendes,Academia CM System
Campeonato Brasileiro de Jiu-Jitsu ,2012,Adult,Black,Female,Light,3,Hellen Bastos Teixeira,Game Fight BJJ/Manimal
Campeonato Brasileiro de Jiu-Jitsu ,2012,Adult,Black,Female,Medium-Heavy,3,Daniela Lirio Olimpio de Souza,Marcelo Ferreira JJ
Campeonato Brasileiro de Jiu-Jitsu ,2012,Adult,Black,Female,Open Class,3,Luzia Carmem Santana P. Fernandes,Gracie Barra
Campeonato Brasileiro de Jiu-Jitsu ,2012,Adult,Black,Female,Open Class,3,Talita Andrea Nogueira Rezende,Ryan Gracie Team B
Campeonato Brasileiro de Jiu-Jitsu ,2013,Adult,Black,Male,Rooster,1,Ivaniel Cavalcante de Oliveira,CheckMat
Campeonato Brasileiro de Jiu-Jitsu ,2013,Adult,Black,Male,Light-Feather,1,Pablo da Silva Santos,Gracie Barra
Campeonato Brasileiro de Jiu-Jitsu ,2013,Adult,Black,Male,Feather,1,Leonardo Fernandes Saggioro,Brazilian Top Team
Campeonato Brasileiro de Jiu-Jitsu ,2013,Adult,Black,Male,Light,1,Juan Caio Kamezawa da Silva,Alliance
Campeonato Brasileiro de Jiu-Jitsu ,2013,Adult,Black,Male,Middle,1,Murilo Silva Ferreira de Santana,Barbosa JJ e MMA
Campeonato Brasileiro de Jiu-Jitsu ,2013,Adult,Black,Male,Medium-Heavy,1,Rodrigo Fajardo,Gracie Barra
Campeonato Brasileiro de Jiu-Jitsu ,2013,Adult,Black,Male,Heavy,1,Dimitrius Soares Souza,Alliance
Campeonato Brasileiro de Jiu-Jitsu ,2013,Adult,Black,Male,Super-Heavy,1,João Gabriel de Oliveira e S. Rocha,Soul Fighters BJJ
Campeonato Brasileiro de Jiu-Jitsu ,2013,Adult,Black,Male,Ultra-Heavy,1,Ricardo Ferreira Evangelista,GF Team
Campeonato Brasileiro de Jiu-Jitsu ,2013,Adult,Black,Male,Open Class,1,Rafael Lovato Jr.,Ribeiro Jiu-Jitsu
Campeonato Brasileiro de Jiu-Jitsu ,2013,Adult,Black,Male,Rooster,2,Felipe Pinto da Costa e Silva,Brasa
Campeonato Brasileiro de Jiu-Jitsu ,2013,Adult,Black,Male,Light-Feather,2,Carlos Vieira Holanda,CheckMat
Campeonato Brasileiro de Jiu-Jitsu ,2013,Adult,Black,Male,Feather,2,Mario Sergio Names Reis,Alliance
Campeonato Brasileiro de Jiu-Jitsu ,2013,Adult,Black,Male,Light,2,Michael Alexandre Langhi,Alliance
Campeonato Brasileiro de Jiu-Jitsu ,2013,Adult,Black,Male,Middle,2,Adriano Ferreira de Araujo e Silva,Barbosa JJ e MMA
Campeonato Brasileiro de Jiu-Jitsu ,2013,Adult,Black,Male,Medium-Heavy,2,Tarsis Carvalho Humphreys,Alliance
Campeonato Brasileiro de Jiu-Jitsu ,2013,Adult,Black,Male,Heavy,2,Leonardo da Costa Maciel,GF Team
Campeonato Brasileiro de Jiu-Jitsu ,2013,Adult,Black,Male,Super-Heavy,2,Leonardo Pires Nogueira,Alliance
Campeonato Brasileiro de Jiu-Jitsu ,2013,Adult,Black,Male,Ultra-Heavy,2,Rodrigo Henrique Cavaca,CheckMat
Campeonato Brasileiro de Jiu-Jitsu ,2013,Adult,Black,Male,Open Class,2,Ricardo Ferreira Evangelista,GF Team
Campeonato Brasileiro de Jiu-Jitsu ,2013,Adult,Black,Male,Rooster,3,Leandro Lopes Escobar,Soul Fighters BJJ
Campeonato Brasileiro de Jiu-Jitsu ,2013,Adult,Black,Male,Rooster,3,Levy Oliveira Saraiva da Silva,CheckMat
Campeonato Brasileiro de Jiu-Jitsu ,2013,Adult,Black,Male,Light-Feather,3,Gabriel Willcox Furley,Brazilian Fight
Campeonato Brasileiro de Jiu-Jitsu ,2013,Adult,Black,Male,Light-Feather,3,José Tiago da Silva Barros,PSLPB Cicero Costha
Campeonato Brasileiro de Jiu-Jitsu ,2013,Adult,Black,Male,Feather,3,David Juliano Lemes,Calasans BJJ
Campeonato Brasileiro de Jiu-Jitsu ,2013,Adult,Black,Male,Feather,3,Isaque Alberto de Oliveira Paiva,Saikoo Jiu-Jitsu
Campeonato Brasileiro de Jiu-Jitsu ,2013,Adult,Black,Male,Light,3,Antonio Roberto Crivelari Junior,CheckMat
Campeonato Brasileiro de Jiu-Jitsu ,2013,Adult,Black,Male,Light,3,Gabriel Rodrigues A. Goulart,Alliance International
Campeonato Brasileiro de Jiu-Jitsu ,2013,Adult,Black,Male,Middle,3,Gustavo Junqueira,Alliance
Campeonato Brasileiro de Jiu-Jitsu ,2013,Adult,Black,Male,Middle,3,Tiago Coelho Porto Rocha,Alliance
Campeonato Brasileiro de Jiu-Jitsu ,2013,Adult,Black,Male,Medium-Heavy,3,Felipe Carsalade Araujo Pena,Gracie Barra
Campeonato Brasileiro de Jiu-Jitsu ,2013,Adult,Black,Male,Medium-Heavy,3,Pedro Gonçalves Régis da Cunha Mello,TJJ School
Campeonato Brasileiro de Jiu-Jitsu ,2013,Adult,Black,Male,Heavy,3,Nivaldo de Oliveira Lima,CheckMat
Campeonato Brasileiro de Jiu-Jitsu ,2013,Adult,Black,Male,Heavy,3,Paulo Tarcisio Pessoa Jardim,CheckMat
Campeonato Brasileiro de Jiu-Jitsu ,2013,Adult,Black,Male,Super-Heavy,3,André Alberto W. Campos,Gracie Barra
Campeonato Brasileiro de Jiu-Jitsu ,2013,Adult,Black,Male,Super-Heavy,3,Luiz Fernando de Azevedo Panza,Barbosa JJ 2
Campeonato Brasileiro de Jiu-Jitsu ,2013,Adult,Black,Male,Ultra-Heavy,3,Abraham J. Marte Messina,Yamasaki Academy International
Campeonato Brasileiro de Jiu-Jitsu ,2013,Adult,Black,Male,Ultra-Heavy,3,Igor Silva,GF Team
Campeonato Brasileiro de Jiu-Jitsu ,2013,Adult,Black,Male,Open Class,3,Alexandro Ceconi de Souza,Ceconi Team
Campeonato Brasileiro de Jiu-Jitsu ,2013,Adult,Black,Male,Open Class,3,Nivaldo de Oliveira Lima,CheckMat
Campeonato Brasileiro de Jiu-Jitsu ,2013,Adult,Black,Female,Light-Feather,1,Angelica Vieira Ferreira,Atos Jiu-Jitsu
Campeonato Brasileiro de Jiu-Jitsu ,2013,Adult,Black,Female,Light,1,Luiza Monteiro Moura da Costa,PSLPB Cicero Costha
Campeonato Brasileiro de Jiu-Jitsu ,2013,Adult,Black,Female,Medium-Heavy,1,Diana de Souza de Menezes,Bon Sai JJ
Campeonato Brasileiro de Jiu-Jitsu ,2013,Adult,Black,Female,Heavy,1,Fernanda Mazzelli Almeida Maio,Striker JJ
Campeonato Brasileiro de Jiu-Jitsu ,2013,Adult,Black,Female,Super-Heavy,1,Luzia Carmem Santana P. Fernandes,Gracie Barra
Campeonato Brasileiro de Jiu-Jitsu ,2013,Adult,Black,Female,Ultra-Heavy,1,Maria do Carmo Paixão Teixeira,De La Riva JJ
Campeonato Brasileiro de Jiu-Jitsu ,2013,Adult,Black,Female,Open Class,1,Luanna Alzuguir Marton Moraes,Alliance
Campeonato Brasileiro de Jiu-Jitsu ,2013,Adult,Black,Female,Light,2,Marina Soares de Araujo Ribeiro,CheckMat
Campeonato Brasileiro de Jiu-Jitsu ,2013,Adult,Black,Female,Medium-Heavy,2,Talita Andrea Nogueira,Ryan Gracie Team B
Campeonato Brasileiro de Jiu-Jitsu ,2013,Adult,Black,Female,Heavy,2,Andresa Correa,Alliance
Campeonato Brasileiro de Jiu-Jitsu ,2013,Adult,Black,Female,Super-Heavy,2,Michelle Zonato Nicolini,CheckMat
Campeonato Brasileiro de Jiu-Jitsu ,2013,Adult,Black,Female,Open Class,2,Michelle Zonato Nicolini,CheckMat
Campeonato Brasileiro de Jiu-Jitsu ,2013,Adult,Black,Female,Light,3,Lauriane Clarice dos Santos Mendes,Academia CM System
Campeonato Brasileiro de Jiu-Jitsu ,2013,Adult,Black,Female,Light,3,Nádia Maria Rodrigues de Melo,GF Team
Campeonato Brasileiro de Jiu-Jitsu ,2013,Adult,Black,Female,Medium-Heavy,3,Leticia Seguetto Tanabe Lalli,CheckMat
Campeonato Brasileiro de Jiu-Jitsu ,2013,Adult,Black,Female,Open Class,3,Fernanda Mazzelli Almeida Maio,Striker JJ
Campeonato Brasileiro de Jiu-Jitsu ,2013,Adult,Black,Female,Open Class,3,Luiza Monteiro Moura da Costa,PSLPB Cicero Costha
Campeonato Brasileiro de Jiu-Jitsu ,2014,Adult,Black,Male,Rooster,1,Ivaniel Cavalcante de Oliveira,CheckMat
Campeonato Brasileiro de Jiu-Jitsu ,2014,Adult,Black,Male,Light-Feather,1,João Ricardo Bordignon Miyao,PSLPB Cicero Costha
Campeonato Brasileiro de Jiu-Jitsu ,2014,Adult,Black,Male,Feather,1,Paulo H. Bordignon Miyao,PSLPB Cicero Costha
Campeonato Brasileiro de Jiu-Jitsu ,2014,Adult,Black,Male,Light,1,Lucas Alves Lepri,Alliance
Campeonato Brasileiro de Jiu-Jitsu ,2014,Adult,Black,Male,Middle,1,Claudio de Mattos Cardoso,Gracie Barra
Campeonato Brasileiro de Jiu-Jitsu ,2014,Adult,Black,Male,Medium-Heavy,1,Felipe Carsalade Araujo Pena,Gracie Barra
Campeonato Brasileiro de Jiu-Jitsu ,2014,Adult,Black,Male,Heavy,1,Dimitrius Soares Souza,Alliance
Campeonato Brasileiro de Jiu-Jitsu ,2014,Adult,Black,Male,Super-Heavy,1,Cássio Francis da Silva,Gracie Barra
Campeonato Brasileiro de Jiu-Jitsu ,2014,Adult,Black,Male,Ultra-Heavy,1,Luiz Felipe de Oliveira Theodoro,Tozi Jiu Jitsu
Campeonato Brasileiro de Jiu-Jitsu ,2014,Adult,Black,Male,Open Class,1,Felipe Carsalade Araujo Pena,Gracie Barra
Campeonato Brasileiro de Jiu-Jitsu ,2014,Adult,Black,Male,Rooster,2,João Pedro Oliveira Rodrigues,CheckMat
Campeonato Brasileiro de Jiu-Jitsu ,2014,Adult,Black,Male,Light-Feather,2,José Tiago da Silva Barros,PSLPB Cicero Costha B
Campeonato Brasileiro de Jiu-Jitsu ,2014,Adult,Black,Male,Feather,2,Leonardo Fernandes Saggioro,Brazilian Top Team
Campeonato Brasileiro de Jiu-Jitsu ,2014,Adult,Black,Male,Light,2,Juan Caio Kamezawa da Silva,Alliance
Campeonato Brasileiro de Jiu-Jitsu ,2014,Adult,Black,Male,Middle,2,Diego Borges Silva,Zenith BJJ
Campeonato Brasileiro de Jiu-Jitsu ,2014,Adult,Black,Male,Medium-Heavy,2,Renato Guimaraes Cardoso,CheckMat
Campeonato Brasileiro de Jiu-Jitsu ,2014,Adult,Black,Male,Heavy,2,Alan Regis de Assis,Academia Tatuapu Team
Campeonato Brasileiro de Jiu-Jitsu ,2014,Adult,Black,Male,Super-Heavy,2,Caio Rocha Vieira,Gracie Barra JJ
Campeonato Brasileiro de Jiu-Jitsu ,2014,Adult,Black,Male,Ultra-Heavy,2,Ricardo Ferreira Evangelista,GF Team
Campeonato Brasileiro de Jiu-Jitsu ,2014,Adult,Black,Male,Open Class,2,Alexandre Couceiro Ribeiro,Ribeiro Jiu-Jitsu
Campeonato Brasileiro de Jiu-Jitsu ,2014,Adult,Black,Male,Rooster,3,Igor Rodrigues dos Santos,CheckMat Brasil
Campeonato Brasileiro de Jiu-Jitsu ,2014,Adult,Black,Male,Rooster,3,Leandro Lopes Escobar,Soul Fighters BJJ
Campeonato Brasileiro de Jiu-Jitsu ,2014,Adult,Black,Male,Light-Feather,3,Giusley Francisco da Silva Santos,Zenith BJJ
Campeonato Brasileiro de Jiu-Jitsu ,2014,Adult,Black,Male,Light-Feather,3,Thomas Lincoln Correa Lisboa,Alliance
Campeonato Brasileiro de Jiu-Jitsu ,2014,Adult,Black,Male,Feather,3,David Juliano Lemes,Calasans BJJ
Campeonato Brasileiro de Jiu-Jitsu ,2014,Adult,Black,Male,Feather,3,Erick Vinicius Raposo,Soul Fighters BJJ
Campeonato Brasileiro de Jiu-Jitsu ,2014,Adult,Black,Male,Light,3,Pedro Fernandes Farias,CheckMat International
Campeonato Brasileiro de Jiu-Jitsu ,2014,Adult,Black,Male,Light,3,Sandro Gabriel Vieira,CheckMat Brasil
Campeonato Brasileiro de Jiu-Jitsu ,2014,Adult,Black,Male,Middle,3,Augusto Cesar Carsalade Vieira,Gracie Barra
Campeonato Brasileiro de Jiu-Jitsu ,2014,Adult,Black,Male,Middle,3,Charles Negromonte Santos,Gracie Barra JJ
Campeonato Brasileiro de Jiu-Jitsu ,2014,Adult,Black,Male,Medium-Heavy,3,Anderson Luis dos Santos,Gracie Barra Vila Maia Guarujá
Campeonato Brasileiro de Jiu-Jitsu ,2014,Adult,Black,Male,Medium-Heavy,3,Murilo Silva Ferreira de Santana,BARBOSA JIU-JITSU USA
Campeonato Brasileiro de Jiu-Jitsu ,2014,Adult,Black,Male,Heavy,3,Alexandre Couceiro Ribeiro,Ribeiro Jiu-Jitsu
Campeonato Brasileiro de Jiu-Jitsu ,2014,Adult,Black,Male,Heavy,3,Augusto Ferrari Amaro de Andrade,PSLPB Cicero Costha
Campeonato Brasileiro de Jiu-Jitsu ,2014,Adult,Black,Male,Super-Heavy,3,Frederico Luiz Zaganelli,Gracie Barra
Campeonato Brasileiro de Jiu-Jitsu ,2014,Adult,Black,Male,Super-Heavy,3,Igor Silva,GF Team
Campeonato Brasileiro de Jiu-Jitsu ,2014,Adult,Black,Male,Ultra-Heavy,3,Bruno Matias Soares,CheckMat
Campeonato Brasileiro de Jiu-Jitsu ,2014,Adult,Black,Male,Ultra-Heavy,3,Thiago Gaia Taciano de Oliveira Marques,GF Team
Campeonato Brasileiro de Jiu-Jitsu ,2014,Adult,Black,Male,Open Class,3,Lucas Alves Lepri,Alliance
Campeonato Brasileiro de Jiu-Jitsu ,2014,Adult,Black,Male,Open Class,3,Renato Guimaraes Cardoso,CheckMat
Campeonato Brasileiro de Jiu-Jitsu ,2014,Adult,Black,Female,Feather,1,Mackenzie Lynne Dern,Gracie Humaita
Campeonato Brasileiro de Jiu-Jitsu ,2014,Adult,Black,Female,Light,1,Nádia Maria Rodrigues de Melo,GF Team
Campeonato Brasileiro de Jiu-Jitsu ,2014,Adult,Black,Female,Middle,1,Barbara Gomes dos Santos,Universidade Católica de Brasília
Campeonato Brasileiro de Jiu-Jitsu ,2014,Adult,Black,Female,Heavy,1,Andresa Correa,Alliance
Campeonato Brasileiro de Jiu-Jitsu ,2014,Adult,Black,Female,Super-Heavy,1,Fernanda Mazzelli Almeida Maio,Striker JJ
Campeonato Brasileiro de Jiu-Jitsu ,2014,Adult,Black,Female,Ultra-Heavy,1,Talita Andrea Nogueira,Ryan Gracie Team
Campeonato Brasileiro de Jiu-Jitsu ,2014,Adult,Black,Female,Open Class,1,Talita Andrea Nogueira,Ryan Gracie Team
Campeonato Brasileiro de Jiu-Jitsu ,2014,Adult,Black,Female,Feather,2,Bianca Andrade Barreto,Gracie Barra
Campeonato Brasileiro de Jiu-Jitsu ,2014,Adult,Black,Female,Light,2,Bruna Noêmi Ribeiro,Atos Jiu-Jitsu
Campeonato Brasileiro de Jiu-Jitsu ,2014,Adult,Black,Female,Middle,2,Tania Mabel Andrade Barrêto,Gracie Barra
Campeonato Brasileiro de Jiu-Jitsu ,2014,Adult,Black,Female,Heavy,2,Jucilene de Oliveira Santos,Tozi Jiu Jitsu
Campeonato Brasileiro de Jiu-Jitsu ,2014,Adult,Black,Female,Super-Heavy,2,Ludymila Ferrari Espindola,CheckMat
Campeonato Brasileiro de Jiu-Jitsu ,2014,Adult,Black,Female,Ultra-Heavy,2,Joaquina dos Santos Bonfim Neta,Gracie Barra
Campeonato Brasileiro de Jiu-Jitsu ,2014,Adult,Black,Female,Open Class,2,Mackenzie Lynne Dern,Gracie Humaita
Campeonato Brasileiro de Jiu-Jitsu ,2014,Adult,Black,Female,Feather,3,Andressa Lídia de Souza,BARBOSA JIU-JITSU USA
Campeonato Brasileiro de Jiu-Jitsu ,2014,Adult,Black,Female,Feather,3,Tatiana Cristina Jardim Mayer Nascimento,Lótus Club
Campeonato Brasileiro de Jiu-Jitsu ,2014,Adult,Black,Female,Light,3,Cristina Maria Zakka Brandão,MXT Academy BJJ
Campeonato Brasileiro de Jiu-Jitsu ,2014,Adult,Black,Female,Middle,3,Priscila Cardoso Cerqueira,GF Team
Campeonato Brasileiro de Jiu-Jitsu ,2014,Adult,Black,Female,Super-Heavy,3,Andréa Mc Comb Pereira,Omar Salum Jiu-Jitsu
Campeonato Brasileiro de Jiu-Jitsu ,2014,Adult,Black,Female,Open Class,3,Andresa Correa,Alliance
Campeonato Brasileiro de Jiu-Jitsu ,2014,Adult,Black,Female,Open Class,3,Barbara Gomes dos Santos,Universidade Católica de Brasília
Campeonato Brasileiro de Jiu-Jitsu ,2015,Adult,Black,Male,Rooster,1,Ivaniel Cavalcante de Oliveira,CheckMat
Campeonato Brasileiro de Jiu-Jitsu ,2015,Adult,Black,Male,Light-Feather,1,João Ricardo Bordignon Miyao,PSLPB Cicero Costha
Campeonato Brasileiro de Jiu-Jitsu ,2015,Adult,Black,Male,Feather,1,Paulo H. Bordignon Miyao,PSLPB Cicero Costha
Campeonato Brasileiro de Jiu-Jitsu ,2015,Adult,Black,Male,Light,1,Luan de Carvalho Alves,Nova União
Campeonato Brasileiro de Jiu-Jitsu ,2015,Adult,Black,Male,Middle,1,Augusto Cesar Carsalade Vieira,Gracie Barra
Campeonato Brasileiro de Jiu-Jitsu ,2015,Adult,Black,Male,Medium-Heavy,1,Renato Guimaraes Cardoso,Alliance
Campeonato Brasileiro de Jiu-Jitsu ,2015,Adult,Black,Male,Heavy,1,Cássio Francis da Silva,Gracie Barra
Campeonato Brasileiro de Jiu-Jitsu ,2015,Adult,Black,Male,Super-Heavy,1,Erberth Santos de Mesquita,Guigo JJ
Campeonato Brasileiro de Jiu-Jitsu ,2015,Adult,Black,Male,Ultra-Heavy,1,João Gabriel de Oliveira e S. Rocha,Soul Fighters BJJ
Campeonato Brasileiro de Jiu-Jitsu ,2015,Adult,Black,Male,Open Class,1,Erberth Santos de Mesquita,Guigo JJ
Campeonato Brasileiro de Jiu-Jitsu ,2015,Adult,Black,Male,Rooster,2,Jorge Luiz Nakamura,GF Team
Campeonato Brasileiro de Jiu-Jitsu ,2015,Adult,Black,Male,Light-Feather,2,Thomas Lincoln Correa Lisboa,Alliance
Campeonato Brasileiro de Jiu-Jitsu ,2015,Adult,Black,Male,Feather,2,Isaque Alberto de Oliveira Paiva,Saikoo Jiu-Jitsu
Campeonato Brasileiro de Jiu-Jitsu ,2015,Adult,Black,Male,Light,2,Juan Caio Kamezawa da Silva,Alliance
Campeonato Brasileiro de Jiu-Jitsu ,2015,Adult,Black,Male,Middle,2,Claudio de Mattos Cardoso,Gracie Barra
Campeonato Brasileiro de Jiu-Jitsu ,2015,Adult,Black,Male,Medium-Heavy,2,Pedro Pimenta,Ryan Gracie Team
Campeonato Brasileiro de Jiu-Jitsu ,2015,Adult,Black,Male,Heavy,2,Eduardo Alves de Inojosa,PSLPB Cicero Costha
Campeonato Brasileiro de Jiu-Jitsu ,2015,Adult,Black,Male,Super-Heavy,2,Rodrigo Henrique Cavaca,Zenith BJJ
Campeonato Brasileiro de Jiu-Jitsu ,2015,Adult,Black,Male,Ultra-Heavy,2,Kauê Vitorino Damasceno,Nova União
Campeonato Brasileiro de Jiu-Jitsu ,2015,Adult,Black,Male,Open Class,2,Renato Guimaraes Cardoso,Alliance
Campeonato Brasileiro de Jiu-Jitsu ,2015,Adult,Black,Male,Rooster,3,Igor Rodrigues dos Santos,CheckMat Brasil
Campeonato Brasileiro de Jiu-Jitsu ,2015,Adult,Black,Male,Rooster,3,Rafael Augusto Santos de Oliveira,CheckMat International
Campeonato Brasileiro de Jiu-Jitsu ,2015,Adult,Black,Male,Light-Feather,3,Pedro Henrique D. M. de Azevedo,Gordo Jiu-Jitsu
Campeonato Brasileiro de Jiu-Jitsu ,2015,Adult,Black,Male,Light-Feather,3,Thales Nakassu,CheckMat
Campeonato Brasileiro de Jiu-Jitsu ,2015,Adult,Black,Male,Feather,3,André Ribeiro da Mota,SAS Team
Campeonato Brasileiro de Jiu-Jitsu ,2015,Adult,Black,Male,Feather,3,Victor de Matos,Zenith BJJ
Campeonato Brasileiro de Jiu-Jitsu ,2015,Adult,Black,Male,Light,3,Michael Alexandre Langhi,Alliance
Campeonato Brasileiro de Jiu-Jitsu ,2015,Adult,Black,Male,Light,3,Sandro Gabriel Vieira,CheckMat
Campeonato Brasileiro de Jiu-Jitsu ,2015,Adult,Black,Male,Middle,3,Jaime Soares Canuto,GF Team
Campeonato Brasileiro de Jiu-Jitsu ,2015,Adult,Black,Male,Middle,3,Victor Silverio Santos,GF Team
Campeonato Brasileiro de Jiu-Jitsu ,2015,Adult,Black,Male,Medium-Heavy,3,Rodrigo Fajardo,Gracie Barra
Campeonato Brasileiro de Jiu-Jitsu ,2015,Adult,Black,Male,Medium-Heavy,3,William Martins Morais de Lima,Gracie Barra
Campeonato Brasileiro de Jiu-Jitsu ,2015,Adult,Black,Male,Heavy,3,Dimitrius Soares Souza,Alliance
Campeonato Brasileiro de Jiu-Jitsu ,2015,Adult,Black,Male,Heavy,3,Paulo Tarcisio Pessoa Jardim,CheckMat
Campeonato Brasileiro de Jiu-Jitsu ,2015,Adult,Black,Male,Super-Heavy,3,Mikeias Bezerra de Brito,Alliance
Campeonato Brasileiro de Jiu-Jitsu ,2015,Adult,Black,Male,Super-Heavy,3,Pedro Henrique de Souza Moura,Ribeiro Jiu-Jitsu
Campeonato Brasileiro de Jiu-Jitsu ,2015,Adult,Black,Male,Ultra-Heavy,3,Diogo Almeida Silva,Ryan Gracie Team
Campeonato Brasileiro de Jiu-Jitsu ,2015,Adult,Black,Male,Ultra-Heavy,3,Kitner Mendonça de Moura,Ryan Gracie Team
Campeonato Brasileiro de Jiu-Jitsu ,2015,Adult,Black,Male,Open Class,3,Pedro Henrique de Souza Moura,Ribeiro Jiu-Jitsu
Campeonato Brasileiro de Jiu-Jitsu ,2015,Adult,Black,Male,Open Class,3,Victor Silverio Santos,GF Team
Campeonato Brasileiro de Jiu-Jitsu ,2015,Adult,Black,Female,Feather,1,Mackenzie Lynne Dern,Gracie Humaita
Campeonato Brasileiro de Jiu-Jitsu ,2015,Adult,Black,Female,Light,1,Luiza Monteiro Moura da Costa,PSLPB Cicero Costha
Campeonato Brasileiro de Jiu-Jitsu ,2015,Adult,Black,Female,Middle,1,Monique Medeiros Elias,Alliance
Campeonato Brasileiro de Jiu-Jitsu ,2015,Adult,Black,Female,Medium-Heavy,1,Andresa Correa,Alliance
Campeonato Brasileiro de Jiu-Jitsu ,2015,Adult,Black,Female,Heavy,1,Fernanda Mazzelli Almeida Maio,Striker JJ
Campeonato Brasileiro de Jiu-Jitsu ,2015,Adult,Black,Female,Super-Heavy,1,Talita Andrea Nogueira,Ryan Gracie Team
Campeonato Brasileiro de Jiu-Jitsu ,2015,Adult,Black,Female,Ultra-Heavy,1,Joaquina dos Santos Bonfim Neta,Gracie Barra
Campeonato Brasileiro de Jiu-Jitsu ,2015,Adult,Black,Female,Open Class,1,Monique Medeiros Elias,Alliance
Campeonato Brasileiro de Jiu-Jitsu ,2015,Adult,Black,Female,Feather,2,Andressa Lídia de Souza,BARBOSA JIU-JITSU USA
Campeonato Brasileiro de Jiu-Jitsu ,2015,Adult,Black,Female,Light,2,Cristiane Yukari de Souza,Bon Sai JJ
Campeonato Brasileiro de Jiu-Jitsu ,2015,Adult,Black,Female,Middle,2,Barbara Gomes dos Santos,Universidade Católica de Brasília
Campeonato Brasileiro de Jiu-Jitsu ,2015,Adult,Black,Female,Medium-Heavy,2,Leticia Seguetto Tanabe Lalli,CheckMat
Campeonato Brasileiro de Jiu-Jitsu ,2015,Adult,Black,Female,Heavy,2,Samela Shoham Lopes Leite,Ribeiro Jiu-Jitsu
Campeonato Brasileiro de Jiu-Jitsu ,2015,Adult,Black,Female,Super-Heavy,2,Luzia Carmem Santana P. Fernandes,Gracie Barra
Campeonato Brasileiro de Jiu-Jitsu ,2015,Adult,Black,Female,Ultra-Heavy,2,Fabiana Pereira Santos,Zenith BJJ
Campeonato Brasileiro de Jiu-Jitsu ,2015,Adult,Black,Female,Open Class,2,Luiza Monteiro Moura da Costa,PSLPB Cicero Costha
Campeonato Brasileiro de Jiu-Jitsu ,2015,Adult,Black,Female,Feather,3,Amanda Mercini Senna Valle,Gracie Barra
Campeonato Brasileiro de Jiu-Jitsu ,2015,Adult,Black,Female,Super-Heavy,3,Andréa Mc Comb Pereira,Omar Salum Jiu-Jitsu
Campeonato Brasileiro de Jiu-Jitsu ,2015,Adult,Black,Female,Open Class,3,Andresa Correa,Alliance
Campeonato Brasileiro de Jiu-Jitsu ,2015,Adult,Black,Female,Open Class,3,Talita Andrea Nogueira,Ryan Gracie Team
Campeonato Brasileiro de Jiu-Jitsu ,2016,Adult,Black,Male,Rooster,1,Rodnei Barbosa Gabriel Junior,Zenith BJJ
Campeonato Brasileiro de Jiu-Jitsu ,2016,Adult,Black,Male,Light-Feather,1,José Tiago da Silva Barros,PSLPB Cicero Costha
Campeonato Brasileiro de Jiu-Jitsu ,2016,Adult,Black,Male,Feather,1,Paulo H. Bordignon Miyao,PSLPB Cicero Costha
Campeonato Brasileiro de Jiu-Jitsu ,2016,Adult,Black,Male,Light,1,Michael Alexandre Langhi,Alliance
Campeonato Brasileiro de Jiu-Jitsu ,2016,Adult,Black,Male,Middle,1,Jhonny Loureiro Sigallis Souza,Alliance
Campeonato Brasileiro de Jiu-Jitsu ,2016,Adult,Black,Male,Medium-Heavy,1,Renato Guimaraes Cardoso,Alliance
Campeonato Brasileiro de Jiu-Jitsu ,2016,Adult,Black,Male,Heavy,1,Guilherme Augusto Soares Santos,Alliance
Campeonato Brasileiro de Jiu-Jitsu ,2016,Adult,Black,Male,Super-Heavy,1,Alex Aparecido Soares,Ns Brotherhood
Campeonato Brasileiro de Jiu-Jitsu ,2016,Adult,Black,Male,Ultra-Heavy,1,Luiz Felipe de Oliveira Theodoro,Tozi Jiu Jitsu
Campeonato Brasileiro de Jiu-Jitsu ,2016,Adult,Black,Male,Open Class,1,Erberth Santos de Mesquita,Ryan Gracie Team
Campeonato Brasileiro de Jiu-Jitsu ,2016,Adult,Black,Male,Rooster,2,Juan Lopes da Silva,PRM Team
Campeonato Brasileiro de Jiu-Jitsu ,2016,Adult,Black,Male,Light-Feather,2,Hiago George Santos Silva,PSLPB Cicero Costha
Campeonato Brasileiro de Jiu-Jitsu ,2016,Adult,Black,Male,Feather,2,Isaque Alberto de Oliveira Paiva,Saikoo Jiu-Jitsu
Campeonato Brasileiro de Jiu-Jitsu ,2016,Adult,Black,Male,Light,2,Juan Caio Kamezawa da Silva,Alliance
Campeonato Brasileiro de Jiu-Jitsu ,2016,Adult,Black,Male,Middle,2,Luan de Carvalho Alves,Nova União
Campeonato Brasileiro de Jiu-Jitsu ,2016,Adult,Black,Male,Medium-Heavy,2,Patrick Pontes Moura Santos Gaudio,GF Team
Campeonato Brasileiro de Jiu-Jitsu ,2016,Adult,Black,Male,Heavy,2,Miguel Angel Alderete,Nova União
Campeonato Brasileiro de Jiu-Jitsu ,2016,Adult,Black,Male,Super-Heavy,2,Rodrigo Martins Ribeiro da Silva,G13 BJJ
Campeonato Brasileiro de Jiu-Jitsu ,2016,Adult,Black,Male,Ultra-Heavy,2,Igor Gregório Schneider,Ns Brotherhood
Campeonato Brasileiro de Jiu-Jitsu ,2016,Adult,Black,Male,Open Class,2,Rodrigo Henrique Cavaca,Zenith BJJ
Campeonato Brasileiro de Jiu-Jitsu ,2016,Adult,Black,Male,Rooster,3,Felipe Rodrigues Giarolla,Zenith BJJ - Brasil
Campeonato Brasileiro de Jiu-Jitsu ,2016,Adult,Black,Male,Rooster,3,Rafael Augusto Santos de Oliveira,CheckMat
Campeonato Brasileiro de Jiu-Jitsu ,2016,Adult,Black,Male,Light-Feather,3,Magno Mota Vieira,Brigadeiro Brazilian Jiu-Jitsu
Campeonato Brasileiro de Jiu-Jitsu ,2016,Adult,Black,Male,Light-Feather,3,Marcos Suel Silva Santos,Alliance
Campeonato Brasileiro de Jiu-Jitsu ,2016,Adult,Black,Male,Feather,3,Fabio Murat Caloi,Alliance
Campeonato Brasileiro de Jiu-Jitsu ,2016,Adult,Black,Male,Feather,3,Luciano Queiroz de Araujo,GF Team
Campeonato Brasileiro de Jiu-Jitsu ,2016,Adult,Black,Male,Light,3,Sandro Gabriel Vieira,CheckMat
Campeonato Brasileiro de Jiu-Jitsu ,2016,Adult,Black,Male,Light,3,Theodoro Gabriel Canal Almeida,GF Team
Campeonato Brasileiro de Jiu-Jitsu ,2016,Adult,Black,Male,Middle,3,Claudio de Mattos Cardoso,Gracie Barra
Campeonato Brasileiro de Jiu-Jitsu ,2016,Adult,Black,Male,Middle,3,William Ferreira Dias,Nova União
Campeonato Brasileiro de Jiu-Jitsu ,2016,Adult,Black,Male,Medium-Heavy,3,Ruan Marques de Oliveira,Soul Fighters BJJ
Campeonato Brasileiro de Jiu-Jitsu ,2016,Adult,Black,Male,Medium-Heavy,3,William Martins Morais de Lima,Gracie Barra
Campeonato Brasileiro de Jiu-Jitsu ,2016,Adult,Black,Male,Heavy,3,Cássio Francis da Silva,Gracie Barra
Campeonato Brasileiro de Jiu-Jitsu ,2016,Adult,Black,Male,Heavy,3,Dimitrius Soares Souza,Alliance
Campeonato Brasileiro de Jiu-Jitsu ,2016,Adult,Black,Male,Super-Heavy,3,Erberth Santos de Mesquita,Ryan Gracie Team
Campeonato Brasileiro de Jiu-Jitsu ,2016,Adult,Black,Male,Super-Heavy,3,Felipe Menezes Bueno,Alliance
Campeonato Brasileiro de Jiu-Jitsu ,2016,Adult,Black,Male,Ultra-Heavy,3,Bruno José Novaes Veloso da Silveira,Nova União
Campeonato Brasileiro de Jiu-Jitsu ,2016,Adult,Black,Male,Open Class,3,Renato Guimaraes Cardoso,Alliance
Campeonato Brasileiro de Jiu-Jitsu ,2016,Adult,Black,Male,Open Class,3,Victor Hugo Honório P. da Silva,GF Team
Campeonato Brasileiro de Jiu-Jitsu ,2016,Adult,Black,Female,Light-Feather,1,Rayanne Amanda Carmo dos Santos,Attack JJ Team
Campeonato Brasileiro de Jiu-Jitsu ,2016,Adult,Black,Female,Feather,1,Michelle Zonato Nicolini,CheckMat
Campeonato Brasileiro de Jiu-Jitsu ,2016,Adult,Black,Female,Middle,1,Luiza Monteiro Moura da Costa,Ns Brotherhood
Campeonato Brasileiro de Jiu-Jitsu ,2016,Adult,Black,Female,Medium-Heavy,1,Andresa Correa,Alliance
Campeonato Brasileiro de Jiu-Jitsu ,2016,Adult,Black,Female,Heavy,1,Samela Shoham Lopes Leite,Ribeiro Jiu-Jitsu
Campeonato Brasileiro de Jiu-Jitsu ,2016,Adult,Black,Female,Super-Heavy,1,Fabiana Pereira Santos,Zenith BJJ
Campeonato Brasileiro de Jiu-Jitsu ,2016,Adult,Black,Female,Ultra-Heavy,1,Talita Andrea Nogueira,Ryan Gracie Team
Campeonato Brasileiro de Jiu-Jitsu ,2016,Adult,Black,Female,Open Class,1,Andresa Correa,Alliance
Campeonato Brasileiro de Jiu-Jitsu ,2016,Adult,Black,Female,Light-Feather,2,Anna Carolina Carmo Correia Ardisson,Halavanca BJJ Brasil
Campeonato Brasileiro de Jiu-Jitsu ,2016,Adult,Black,Female,Feather,2,Andressa Lídia de Souza,Barbosa Jiu-Jitsu
Campeonato Brasileiro de Jiu-Jitsu ,2016,Adult,Black,Female,Middle,2,Barbara Gomes dos Santos,Universidade Católica de Brasília
Campeonato Brasileiro de Jiu-Jitsu ,2016,Adult,Black,Female,Medium-Heavy,2,Tania Mabel Andrade Barrêto,Gracie Barra
Campeonato Brasileiro de Jiu-Jitsu ,2016,Adult,Black,Female,Heavy,2,Fernanda Mazzelli Almeida Maio,Striker JJ
Campeonato Brasileiro de Jiu-Jitsu ,2016,Adult,Black,Female,Super-Heavy,2,Andréa Mc Comb Pereira,Zenith BJJ
Campeonato Brasileiro de Jiu-Jitsu ,2016,Adult,Black,Female,Ultra-Heavy,2,Carina Curvelo Santi,G13 BJJ
Campeonato Brasileiro de Jiu-Jitsu ,2016,Adult,Black,Female,Open Class,2,Mackenzie Lynne Dern,Gracie Humaita
Campeonato Brasileiro de Jiu-Jitsu ,2016,Adult,Black,Female,Light-Feather,3,Alliny Karen Silva Santos,Nova União
Campeonato Brasileiro de Jiu-Jitsu ,2016,Adult,Black,Female,Light-Feather,3,Amanda Mercini Senna Valle,Gracie Barra
Campeonato Brasileiro de Jiu-Jitsu ,2016,Adult,Black,Female,Feather,3,Bianca Andrade Barreto,Gracie Barra
Campeonato Brasileiro de Jiu-Jitsu ,2016,Adult,Black,Female,Feather,3,Glaciane dos Santos Axt,Gracie Humaita
Campeonato Brasileiro de Jiu-Jitsu ,2016,Adult,Black,Female,Ultra-Heavy,3,Júlia Cristina Mayworn,GF Team
Campeonato Brasileiro de Jiu-Jitsu ,2016,Adult,Black,Female,Open Class,3,Fernanda Mazzelli Almeida Maio,Striker JJ
Campeonato Brasileiro de Jiu-Jitsu ,2016,Adult,Black,Female,Open Class,3,Samela Shoham Lopes Leite,Ribeiro Jiu-Jitsu
Campeonato Brasileiro de Jiu-Jitsu ,2017,Adult,Black,Male,Rooster,1,Aniel  Bonifacio Candido,Zenith BJJ
Campeonato Brasileiro de Jiu-Jitsu ,2017,Adult,Black,Male,Light-Feather,1,José Tiago da Silva Barros,Cicero Costha Internacional
Campeonato Brasileiro de Jiu-Jitsu ,2017,Adult,Black,Male,Feather,1,Rubens Charles Maciel,Alliance
Campeonato Brasileiro de Jiu-Jitsu ,2017,Adult,Black,Male,Light,1,Michael Alexandre Langhi,Alliance
Campeonato Brasileiro de Jiu-Jitsu ,2017,Adult,Black,Male,Middle,1,Jaime Soares Canuto,GF Team
Campeonato Brasileiro de Jiu-Jitsu ,2017,Adult,Black,Male,Medium-Heavy,1,Patrick Pontes Moura Santos Gaudio,GF Team
Campeonato Brasileiro de Jiu-Jitsu ,2017,Adult,Black,Male,Heavy,1,Dimitrius Soares Souza,Alliance
Campeonato Brasileiro de Jiu-Jitsu ,2017,Adult,Black,Male,Super-Heavy,1,Leandro Lo Pereira do Nascimento,Ns Brotherhood
Campeonato Brasileiro de Jiu-Jitsu ,2017,Adult,Black,Male,Ultra-Heavy,1,Victor Hugo Honório P. da Silva,GF Team
Campeonato Brasileiro de Jiu-Jitsu ,2017,Adult,Black,Male,Open Class,1,Leandro Lo Pereira do Nascimento,Ns Brotherhood
Campeonato Brasileiro de Jiu-Jitsu ,2017,Adult,Black,Male,Rooster,2,Rodnei Barbosa Gabriel Junior,Zenith BJJ
Campeonato Brasileiro de Jiu-Jitsu ,2017,Adult,Black,Male,Light-Feather,2,Cleber de Sousa Fernandes,JFC Almeida JJ
Campeonato Brasileiro de Jiu-Jitsu ,2017,Adult,Black,Male,Feather,2,Rafael Mansur,Ns Brotherhood
Campeonato Brasileiro de Jiu-Jitsu ,2017,Adult,Black,Male,Light,2,Gabriel Rollo da Silva Pontes,CheckMat
Campeonato Brasileiro de Jiu-Jitsu ,2017,Adult,Black,Male,Middle,2,Otavio Ferreira de Sousa,Gracie Barra
Campeonato Brasileiro de Jiu-Jitsu ,2017,Adult,Black,Male,Medium-Heavy,2,Renato Guimaraes Cardoso,Alliance
Campeonato Brasileiro de Jiu-Jitsu ,2017,Adult,Black,Male,Heavy,2,Guilherme Augusto Soares Santos,Alliance
Campeonato Brasileiro de Jiu-Jitsu ,2017,Adult,Black,Male,Super-Heavy,2,Erberth Santos de Mesquita,JFC Almeida JJ
Campeonato Brasileiro de Jiu-Jitsu ,2017,Adult,Black,Male,Ultra-Heavy,2,Igor Gregório Schneider,Ns Brotherhood
Campeonato Brasileiro de Jiu-Jitsu ,2017,Adult,Black,Male,Open Class,2,Erberth Santos de Mesquita,JFC Almeida JJ
Campeonato Brasileiro de Jiu-Jitsu ,2017,Adult,Black,Male,Rooster,3,Paulo Humberto Rafael Pizziali,Nova União
Campeonato Brasileiro de Jiu-Jitsu ,2017,Adult,Black,Male,Rooster,3,Raul Gomes Marcello,Ribeiro Jiu-Jitsu
Campeonato Brasileiro de Jiu-Jitsu ,2017,Adult,Black,Male,Light-Feather,3,Hiago George Santos Silva,Cicero Costha Internacional
Campeonato Brasileiro de Jiu-Jitsu ,2017,Adult,Black,Male,Light-Feather,3,Magno Mota Vieira,Brigadeiro Brazilian Jiu-Jitsu
Campeonato Brasileiro de Jiu-Jitsu ,2017,Adult,Black,Male,Feather,3,Isaque Alberto de Oliveira Paiva,Saikoo Jiu-Jitsu
Campeonato Brasileiro de Jiu-Jitsu ,2017,Adult,Black,Male,Feather,3,Kim Terra,Caio Terra Association Brasil
Campeonato Brasileiro de Jiu-Jitsu ,2017,Adult,Black,Male,Light,3,José Carlos Sousa da Silva,GF Team
Campeonato Brasileiro de Jiu-Jitsu ,2017,Adult,Black,Male,Light,3,Matheus Guilherme da Costa,GF Team
Campeonato Brasileiro de Jiu-Jitsu ,2017,Adult,Black,Male,Middle,3,Luan de Carvalho Alves,Nova União
Campeonato Brasileiro de Jiu-Jitsu ,2017,Adult,Black,Male,Middle,3,Sandro Gabriel Vieira,Caio Terra Association Brasil
Campeonato Brasileiro de Jiu-Jitsu ,2017,Adult,Black,Male,Medium-Heavy,3,Horlando de Jesus Monteiro,Nova União
Campeonato Brasileiro de Jiu-Jitsu ,2017,Adult,Black,Male,Medium-Heavy,3,Rodrigo Fajardo,Gracie Barra
Campeonato Brasileiro de Jiu-Jitsu ,2017,Adult,Black,Male,Heavy,3,Marcos Aurélio Goulart Alves Junior,GF Team
Campeonato Brasileiro de Jiu-Jitsu ,2017,Adult,Black,Male,Heavy,3,Marcus Vinicius Lopo Ruiz,Ns Brotherhood
Campeonato Brasileiro de Jiu-Jitsu ,2017,Adult,Black,Male,Super-Heavy,3,Fernando Andrade dos Reis,Alliance
Campeonato Brasileiro de Jiu-Jitsu ,2017,Adult,Black,Male,Super-Heavy,3,Rodrigo Henrique Cavaca,Zenith BJJ
Campeonato Brasileiro de Jiu-Jitsu ,2017,Adult,Black,Male,Ultra-Heavy,3,Herico Hesley de Albuquerque Pinto,Nova União
Campeonato Brasileiro de Jiu-Jitsu ,2017,Adult,Black,Male,Ultra-Heavy,3,Kitner Mendonça de Moura,JFC Almeida JJ
Campeonato Brasileiro de Jiu-Jitsu ,2017,Adult,Black,Male,Open Class,3,Renato Guimaraes Cardoso,Alliance
Campeonato Brasileiro de Jiu-Jitsu ,2017,Adult,Black,Male,Open Class,3,Victor Hugo Honório P. da Silva,GF Team
Campeonato Brasileiro de Jiu-Jitsu ,2017,Adult,Black,Female,Light-Feather,1,Thamires Diógenes de Aquino,GF Team
Campeonato Brasileiro de Jiu-Jitsu ,2017,Adult,Black,Female,Feather,1,Andressa Lídia de Souza,Barbosa Jiu-Jitsu
Campeonato Brasileiro de Jiu-Jitsu ,2017,Adult,Black,Female,Light,1,Beatriz de Oliveira Mesquita,Gracie Humaita
Campeonato Brasileiro de Jiu-Jitsu ,2017,Adult,Black,Female,Middle,1,Nivia de Souza Moura,Ribeiro Jiu-Jitsu
Campeonato Brasileiro de Jiu-Jitsu ,2017,Adult,Black,Female,Medium-Heavy,1,Carina Curvelo Santi,G13 Jiu-Jitsu
Campeonato Brasileiro de Jiu-Jitsu ,2017,Adult,Black,Female,Heavy,1,Claudia Fernanda Onofre Valim Doval,De La Riva JJ
Campeonato Brasileiro de Jiu-Jitsu ,2017,Adult,Black,Female,Super-Heavy,1,Talita Andrea Nogueira,Ns Brotherhood
Campeonato Brasileiro de Jiu-Jitsu ,2017,Adult,Black,Female,Ultra-Heavy,1,Tayane Porfírio de Araújo,Alliance
Campeonato Brasileiro de Jiu-Jitsu ,2017,Adult,Black,Female,Open Class,1,Tayane Porfírio de Araújo,Alliance
Campeonato Brasileiro de Jiu-Jitsu ,2017,Adult,Black,Female,Light-Feather,2,Vanderlucia Barbosa Lima,Boca Team
Campeonato Brasileiro de Jiu-Jitsu ,2017,Adult,Black,Female,Feather,2,Alliny Karen Silva Santos,Nova União
Campeonato Brasileiro de Jiu-Jitsu ,2017,Adult,Black,Female,Light,2,Bianca Barbosa Basilio,JFC Almeida JJ
Campeonato Brasileiro de Jiu-Jitsu ,2017,Adult,Black,Female,Middle,2,Barbara Gomes dos Santos,Universidade Católica de Brasília
Campeonato Brasileiro de Jiu-Jitsu ,2017,Adult,Black,Female,Heavy,2,Nathiely Karoline Melo de Jesus,PSLPB Cicero Costha
Campeonato Brasileiro de Jiu-Jitsu ,2017,Adult,Black,Female,Super-Heavy,2,Samela Shoham Lopes Leite,Ribeiro Jiu-Jitsu
Campeonato Brasileiro de Jiu-Jitsu ,2017,Adult,Black,Female,Ultra-Heavy,2,Luzia Carmem Santana P. Fernandes,Gracie Barra
Campeonato Brasileiro de Jiu-Jitsu ,2017,Adult,Black,Female,Open Class,2,Beatriz de Oliveira Mesquita,Gracie Humaita
Campeonato Brasileiro de Jiu-Jitsu ,2017,Adult,Black,Female,Feather,3,Amanda Mercini Senna Valle,Gracie Barra
Campeonato Brasileiro de Jiu-Jitsu ,2017,Adult,Black,Female,Light,3,Dyna Rodrigues Sena,GF Team
Campeonato Brasileiro de Jiu-Jitsu ,2017,Adult,Black,Female,Light,3,Natasha Aileen Quiza,Fight Sports
Campeonato Brasileiro de Jiu-Jitsu ,2017,Adult,Black,Female,Middle,3,Lillian Beatriz Fonseca dos Santos,Gracie Barra
Campeonato Brasileiro de Jiu-Jitsu ,2017,Adult,Black,Female,Middle,3,Monique Damasceno Gonçalves,Ns Brotherhood
Campeonato Brasileiro de Jiu-Jitsu ,2017,Adult,Black,Female,Heavy,3,Fernanda Mazzelli Almeida Maio,Striker JJ
Campeonato Brasileiro de Jiu-Jitsu ,2017,Adult,Black,Female,Open Class,3,Barbara Gomes dos Santos,Universidade Católica de Brasília
Campeonato Brasileiro de Jiu-Jitsu ,2017,Adult,Black,Female,Open Class,3,Claudia Fernanda Onofre Valim Doval,De La Riva JJ
Campeonato Brasileiro de Jiu-Jitsu ,2018,Adult,Black,Male,Rooster,1,Cleito Soares de Resende Junior,Alliance
Campeonato Brasileiro de Jiu-Jitsu ,2018,Adult,Black,Male,Light-Feather,1,Hiago George Santos Silva,Cicero Costha Internacional
Campeonato Brasileiro de Jiu-Jitsu ,2018,Adult,Black,Male,Feather,1,Rafael Mansur,Ns Brotherhood
Campeonato Brasileiro de Jiu-Jitsu ,2018,Adult,Black,Male,Light,1,Yan Lucas Cordeiro Paiva,Ribeiro Jiu-Jitsu
Campeonato Brasileiro de Jiu-Jitsu ,2018,Adult,Black,Male,Middle,1,Marcos Vinícius da Silva Tinoco,Alliance
Campeonato Brasileiro de Jiu-Jitsu ,2018,Adult,Black,Male,Medium-Heavy,1,Rudson Mateus Sarmento Teles,Caio Terra Association
Campeonato Brasileiro de Jiu-Jitsu ,2018,Adult,Black,Male,Heavy,1,Fellipe Andrew Leandro Silva,Zenith BJJ
Campeonato Brasileiro de Jiu-Jitsu ,2018,Adult,Black,Male,Super-Heavy,1,Nicholas de Barcellos Meregali,Alliance
Campeonato Brasileiro de Jiu-Jitsu ,2018,Adult,Black,Male,Ultra-Heavy,1,Felipe Augusto Farias Bezerra,CheckMat
Campeonato Brasileiro de Jiu-Jitsu ,2018,Adult,Black,Male,Open Class,1,Lucas Daniel Silva Barbosa,Atos Jiu-Jitsu
Campeonato Brasileiro de Jiu-Jitsu ,2018,Adult,Black,Male,Rooster,2,Willian Melo de Oliveira,Alliance
Campeonato Brasileiro de Jiu-Jitsu ,2018,Adult,Black,Male,Light-Feather,2,José Tiago da Silva Barros,Cicero Costha Internacional
Campeonato Brasileiro de Jiu-Jitsu ,2018,Adult,Black,Male,Feather,2,Gianni Paul Grippo,Alliance
Campeonato Brasileiro de Jiu-Jitsu ,2018,Adult,Black,Male,Light,2,Jhonny Loureiro Sigallis Souza,Alliance
Campeonato Brasileiro de Jiu-Jitsu ,2018,Adult,Black,Male,Middle,2,Yago Vinicius de Souza,Ns Brotherhood
Campeonato Brasileiro de Jiu-Jitsu ,2018,Adult,Black,Male,Medium-Heavy,2,Horlando de Jesus Monteiro,KMR BJJ KIMURA
Campeonato Brasileiro de Jiu-Jitsu ,2018,Adult,Black,Male,Heavy,2,Dimitrius Soares Souza,Alliance
Campeonato Brasileiro de Jiu-Jitsu ,2018,Adult,Black,Male,Super-Heavy,2,Igor Gregório Schneider,Ns Brotherhood BJJ
Campeonato Brasileiro de Jiu-Jitsu ,2018,Adult,Black,Male,Ultra-Heavy,2,Otavio Tome Serafim,Alliance
Campeonato Brasileiro de Jiu-Jitsu ,2018,Adult,Black,Male,Open Class,2,Victor Hugo Honório P. da Silva,Qatar BJJ
Campeonato Brasileiro de Jiu-Jitsu ,2018,Adult,Black,Male,Rooster,3,Felipe Rodrigues Giarolla,Qatar BJJ Brasil
Campeonato Brasileiro de Jiu-Jitsu ,2018,Adult,Black,Male,Rooster,3,Marlisson Santos Alves,Ryan Gracie Team
Campeonato Brasileiro de Jiu-Jitsu ,2018,Adult,Black,Male,Light-Feather,3,Bruno Celio Costa de Melo,Qatar BJJ
Campeonato Brasileiro de Jiu-Jitsu ,2018,Adult,Black,Male,Light-Feather,3,Cleber de Sousa Fernandes,Atos Jiu-Jitsu
Campeonato Brasileiro de Jiu-Jitsu ,2018,Adult,Black,Male,Feather,3,Isaque Alberto de Oliveira Paiva,Saikoo Jiu-Jitsu
Campeonato Brasileiro de Jiu-Jitsu ,2018,Adult,Black,Male,Feather,3,Marcio Andre da Costa Barbosa Junior,Nova União
Campeonato Brasileiro de Jiu-Jitsu ,2018,Adult,Black,Male,Light,3,Fabio Murat Caloi,Alliance
Campeonato Brasileiro de Jiu-Jitsu ,2018,Adult,Black,Male,Light,3,Igor Veríssimo de Oliveira Chaves,Ns Brotherhood BJJ
Campeonato Brasileiro de Jiu-Jitsu ,2018,Adult,Black,Male,Middle,3,Felipe Cesar Silva,Unity Jiu-jitsu
Campeonato Brasileiro de Jiu-Jitsu ,2018,Adult,Black,Male,Middle,3,Romualdo Lucas de Andrade,Nova União/NU
Campeonato Brasileiro de Jiu-Jitsu ,2018,Adult,Black,Male,Medium-Heavy,3,Matheus Spirandeli Souza,Ns Brotherhood
Campeonato Brasileiro de Jiu-Jitsu ,2018,Adult,Black,Male,Medium-Heavy,3,Renato Guimaraes Cardoso,Alliance
Campeonato Brasileiro de Jiu-Jitsu ,2018,Adult,Black,Male,Heavy,3,Guilherme Augusto Soares Santos,Alliance
Campeonato Brasileiro de Jiu-Jitsu ,2018,Adult,Black,Male,Heavy,3,Vitor Fabio Martins Toledo,Atos Jiu-Jitsu
Campeonato Brasileiro de Jiu-Jitsu ,2018,Adult,Black,Male,Super-Heavy,3,Fernando Andrade dos Reis,Alliance
Campeonato Brasileiro de Jiu-Jitsu ,2018,Adult,Black,Male,Super-Heavy,3,Rodrigo Martins Ribeiro da Silva,G13 BJJ
Campeonato Brasileiro de Jiu-Jitsu ,2018,Adult,Black,Male,Ultra-Heavy,3,Gabriel Lyrio Lucas,CheckMat
Campeonato Brasileiro de Jiu-Jitsu ,2018,Adult,Black,Male,Ultra-Heavy,3,Otavio de Souza Nalati,Team Lloyd Irvin Brazil
Campeonato Brasileiro de Jiu-Jitsu ,2018,Adult,Black,Male,Open Class,3,Nicholas de Barcellos Meregali,Alliance
Campeonato Brasileiro de Jiu-Jitsu ,2018,Adult,Black,Male,Open Class,3,Renato Guimaraes Cardoso,Alliance
Campeonato Brasileiro de Jiu-Jitsu ,2018,Adult,Black,Female,Rooster,1,Liliane dos Reis Lima,De La Riva JJ
Campeonato Brasileiro de Jiu-Jitsu ,2018,Adult,Black,Female,Light-Feather,1,Alliny Karen Silva Santos,Nova União
Campeonato Brasileiro de Jiu-Jitsu ,2018,Adult,Black,Female,Light,1,Bianca Barbosa Basilio,Atos Jiu-Jitsu
Campeonato Brasileiro de Jiu-Jitsu ,2018,Adult,Black,Female,Middle,1,Éricka Wannessa Almeida,Gracie Barra
Campeonato Brasileiro de Jiu-Jitsu ,2018,Adult,Black,Female,Medium-Heavy,1,Carina Curvelo Santi,G13 BJJ
Campeonato Brasileiro de Jiu-Jitsu ,2018,Adult,Black,Female,Heavy,1,Claudia Fernanda Onofre Valim Doval,De La Riva JJ
Campeonato Brasileiro de Jiu-Jitsu ,2018,Adult,Black,Female,Super-Heavy,1,Jessica da Silva Oliveira,Gracie Barra
Campeonato Brasileiro de Jiu-Jitsu ,2018,Adult,Black,Female,Ultra-Heavy,1,Tayane Porfírio de Araújo,Alliance
Campeonato Brasileiro de Jiu-Jitsu ,2018,Adult,Black,Female,Open Class,1,Tayane Porfírio de Araújo,Alliance
Campeonato Brasileiro de Jiu-Jitsu ,2018,Adult,Black,Female,Light-Feather,2,Cristina Maria Zakka Brandão,Cia Paulista
Campeonato Brasileiro de Jiu-Jitsu ,2018,Adult,Black,Female,Light,2,Ana Carolina Schmitt,The Match Champ
Campeonato Brasileiro de Jiu-Jitsu ,2018,Adult,Black,Female,Middle,2,Renata Marinho Moreira,Alliance
Campeonato Brasileiro de Jiu-Jitsu ,2018,Adult,Black,Female,Medium-Heavy,2,Rafaela Maria Pires Bertolot da Silva,GF Team
Campeonato Brasileiro de Jiu-Jitsu ,2018,Adult,Black,Female,Heavy,2,Fabiana Ferrari Mendes,Ns Brotherhood
Campeonato Brasileiro de Jiu-Jitsu ,2018,Adult,Black,Female,Super-Heavy,2,Fernanda Mazzelli Almeida Maio,Gracie Humaita
Campeonato Brasileiro de Jiu-Jitsu ,2018,Adult,Black,Female,Ultra-Heavy,2,Luzia Carmem Santana P. Fernandes,Gracie Barra
Campeonato Brasileiro de Jiu-Jitsu ,2018,Adult,Black,Female,Open Class,2,Claudia Fernanda Onofre Valim Doval,De La Riva JJ
Campeonato Brasileiro de Jiu-Jitsu ,2018,Adult,Black,Female,Light,3,Lauriane Clarice dos Santos Mendes,Academia OCS JJ
Campeonato Brasileiro de Jiu-Jitsu ,2018,Adult,Black,Female,Light,3,Luciane dos Santos Silva,Gracie Barra
Campeonato Brasileiro de Jiu-Jitsu ,2018,Adult,Black,Female,Middle,3,Glaucia Braga Libano,Gracie Barra
Campeonato Brasileiro de Jiu-Jitsu ,2018,Adult,Black,Female,Middle,3,Jackeline Rodrigues M. de Oliveira,Alliance
Campeonato Brasileiro de Jiu-Jitsu ,2018,Adult,Black,Female,Medium-Heavy,3,Bruna Gosson Cipolletta,Caio Terra Association Brasil
Campeonato Brasileiro de Jiu-Jitsu ,2018,Adult,Black,Female,Medium-Heavy,3,Paloma Carolina de Souza,Otávio de Almeida
Campeonato Brasileiro de Jiu-Jitsu ,2018,Adult,Black,Female,Heavy,3,Viviana Ribeiro,Núcleo JJ
Campeonato Brasileiro de Jiu-Jitsu ,2018,Adult,Black,Female,Super-Heavy,3,Samela Shoham Lopes Leite,Ribeiro Jiu-Jitsu
Campeonato Brasileiro de Jiu-Jitsu ,2018,Adult,Black,Female,Ultra-Heavy,3,Joaquina dos Santos Bonfim Neta,Gracie Barra
Campeonato Brasileiro de Jiu-Jitsu ,2018,Adult,Black,Female,Open Class,3,Fernanda Mazzelli Almeida Maio,Gracie Humaita
Campeonato Brasileiro de Jiu-Jitsu ,2018,Adult,Black,Female,Open Class,3,Jessica da Silva Oliveira,Gracie Barra
Campeonato Brasileiro de Jiu-Jitsu ,2019,Adult,Black,Male,Rooster,1,Cleber de Sousa Fernandes,Atos Jiu-Jitsu
Campeonato Brasileiro de Jiu-Jitsu ,2019,Adult,Black,Male,Light-Feather,1,Hiago George Santos Silva,Cicero Costha Internacional
Campeonato Brasileiro de Jiu-Jitsu ,2019,Adult,Black,Male,Feather,1,Isaac Doederlein,Alliance
Campeonato Brasileiro de Jiu-Jitsu ,2019,Adult,Black,Male,Light,1,Ygor dos Santos Rodrigues,CT MR
Campeonato Brasileiro de Jiu-Jitsu ,2019,Adult,Black,Male,Middle,1,Otavio Ferreira de Sousa,Gracie Barra
Campeonato Brasileiro de Jiu-Jitsu ,2019,Adult,Black,Male,Medium-Heavy,1,Rudson Mateus Sarmento Teles,Caio Terra Association
Campeonato Brasileiro de Jiu-Jitsu ,2019,Adult,Black,Male,Heavy,1,Vinicius Ferreira Gazola,Alliance
Campeonato Brasileiro de Jiu-Jitsu ,2019,Adult,Black,Male,Super-Heavy,1,Nicholas de Barcellos Meregali,Alliance
Campeonato Brasileiro de Jiu-Jitsu ,2019,Adult,Black,Male,Ultra-Heavy,1,Luis Eduardo Lopes do Carmo,Guigo JJ
Campeonato Brasileiro de Jiu-Jitsu ,2019,Adult,Black,Male,Open Class,1,Nicholas de Barcellos Meregali,Alliance
Campeonato Brasileiro de Jiu-Jitsu ,2019,Adult,Black,Male,Rooster,2,Rodnei Barbosa Gabriel Junior,Qatar BJJ Brasil
Campeonato Brasileiro de Jiu-Jitsu ,2019,Adult,Black,Male,Light-Feather,2,Alexssandro Pinto Sodré,Nova União
Campeonato Brasileiro de Jiu-Jitsu ,2019,Adult,Black,Male,Feather,2,João Paulo Gonçalves Neto,Alliance
Campeonato Brasileiro de Jiu-Jitsu ,2019,Adult,Black,Male,Light,2,Matheus Guilherme da Costa,GF Team
Campeonato Brasileiro de Jiu-Jitsu ,2019,Adult,Black,Male,Middle,2,Claudio Calasans Camargo Júnior,Atos Jiu-Jitsu
Campeonato Brasileiro de Jiu-Jitsu ,2019,Adult,Black,Male,Medium-Heavy,2,José Henrique Cardoso,Ceconi KMKZ
Campeonato Brasileiro de Jiu-Jitsu ,2019,Adult,Black,Male,Heavy,2,Dimitrius Soares Souza,Alliance
Campeonato Brasileiro de Jiu-Jitsu ,2019,Adult,Black,Male,Super-Heavy,2,Fellipe Andrew Leandro Silva,Zenith BJJ
Campeonato Brasileiro de Jiu-Jitsu ,2019,Adult,Black,Male,Ultra-Heavy,2,Felipe Augusto Farias Bezerra,CheckMat
Campeonato Brasileiro de Jiu-Jitsu ,2019,Adult,Black,Male,Open Class,2,Rudson Mateus Sarmento Teles,Caio Terra Association
Campeonato Brasileiro de Jiu-Jitsu ,2019,Adult,Black,Male,Rooster,3,Jose Carlos Souza Lima Sobrinho,GF Team
Campeonato Brasileiro de Jiu-Jitsu ,2019,Adult,Black,Male,Rooster,3,Juan Lopes da Silva,Carlson Gracie Team
Campeonato Brasileiro de Jiu-Jitsu ,2019,Adult,Black,Male,Light-Feather,3,João Ricardo Bordignon Miyao,Cicero Costha Internacional
Campeonato Brasileiro de Jiu-Jitsu ,2019,Adult,Black,Male,Light-Feather,3,Lucas Ramos Gonçalves,Cassão Team
Campeonato Brasileiro de Jiu-Jitsu ,2019,Adult,Black,Male,Feather,3,Bruno Celio Costa de Melo,Qatar BJJ
Campeonato Brasileiro de Jiu-Jitsu ,2019,Adult,Black,Male,Feather,3,Paulo H. Bordignon Miyao,Cicero Costha Internacional
Campeonato Brasileiro de Jiu-Jitsu ,2019,Adult,Black,Male,Light,3,Bruno Bressan Garcia,CheckMat Brasil
Campeonato Brasileiro de Jiu-Jitsu ,2019,Adult,Black,Male,Light,3,Leonilson Marques Ferreira Junior,GF Team
Campeonato Brasileiro de Jiu-Jitsu ,2019,Adult,Black,Male,Middle,3,Marcos Vinicius de Oliveira Martins,Barbosa Jiu-Jitsu
Campeonato Brasileiro de Jiu-Jitsu ,2019,Adult,Black,Male,Middle,3,Ronieri Pinto da Silva,NS Brotherhood International
Campeonato Brasileiro de Jiu-Jitsu ,2019,Adult,Black,Male,Medium-Heavy,3,Carlos Eduardo Alves de Andrade,Cicero Costha Internacional
Campeonato Brasileiro de Jiu-Jitsu ,2019,Adult,Black,Male,Medium-Heavy,3,Henrique Riedlinger Moreira,Família Abi-Rihan Jiu-Jitsu
Campeonato Brasileiro de Jiu-Jitsu ,2019,Adult,Black,Male,Heavy,3,Gerard Piotr Labinski,Ns Brotherhood
Campeonato Brasileiro de Jiu-Jitsu ,2019,Adult,Black,Male,Heavy,3,Horlando de Jesus Monteiro,Nova União
Campeonato Brasileiro de Jiu-Jitsu ,2019,Adult,Black,Male,Super-Heavy,3,Guilherme Augusto Soares Santos,Alliance
Campeonato Brasileiro de Jiu-Jitsu ,2019,Adult,Black,Male,Super-Heavy,3,Rodrigo Martins Ribeiro da Silva,G13 BJJ
Campeonato Brasileiro de Jiu-Jitsu ,2019,Adult,Black,Male,Ultra-Heavy,3,Otavio de Souza Nalati,Guigo JJ
Campeonato Brasileiro de Jiu-Jitsu ,2019,Adult,Black,Male,Ultra-Heavy,3,Victor Hugo Honório P. da Silva,Qatar BJJ Brasil
Campeonato Brasileiro de Jiu-Jitsu ,2019,Adult,Black,Male,Open Class,3,Kaynan Casemiro Duarte,Atos Jiu-Jitsu
Campeonato Brasileiro de Jiu-Jitsu ,2019,Adult,Black,Male,Open Class,3,Luis Eduardo Lopes do Carmo,Guigo JJ
Campeonato Brasileiro de Jiu-Jitsu ,2019,Adult,Black,Female,Light-Feather,1,Dyna Rodrigues Sena,Castro Team
Campeonato Brasileiro de Jiu-Jitsu ,2019,Adult,Black,Female,Feather,1,Ffion Eira Davies,ECJJA
Campeonato Brasileiro de Jiu-Jitsu ,2019,Adult,Black,Female,Light,1,Bianca Barbosa Basilio,Atos Jiu-Jitsu
Campeonato Brasileiro de Jiu-Jitsu ,2019,Adult,Black,Female,Middle,1,Beatriz de Oliveira Mesquita,Gracie Humaita
Campeonato Brasileiro de Jiu-Jitsu ,2019,Adult,Black,Female,Medium-Heavy,1,Rafaela Maria Pires Bertolot da Silva,GF Team
Campeonato Brasileiro de Jiu-Jitsu ,2019,Adult,Black,Female,Heavy,1,Fernanda Mazzelli Almeida Maio,Striker JJ
Campeonato Brasileiro de Jiu-Jitsu ,2019,Adult,Black,Female,Super-Heavy,1,Carina Curvelo Santi,G13 BJJ
Campeonato Brasileiro de Jiu-Jitsu ,2019,Adult,Black,Female,Ultra-Heavy,1,Jessica da Silva Oliveira,Gracie Barra
Campeonato Brasileiro de Jiu-Jitsu ,2019,Adult,Black,Female,Open Class,1,Beatriz de Oliveira Mesquita,Gracie Humaita
Campeonato Brasileiro de Jiu-Jitsu ,2019,Adult,Black,Female,Light-Feather,2,Mayssa Caldas Pereira Bastos,GF Team
Campeonato Brasileiro de Jiu-Jitsu ,2019,Adult,Black,Female,Feather,2,Ana Carolina Schmitt,Nova União
Campeonato Brasileiro de Jiu-Jitsu ,2019,Adult,Black,Female,Light,2,Luciane dos Santos Silva,Gracie Barra
Campeonato Brasileiro de Jiu-Jitsu ,2019,Adult,Black,Female,Middle,2,Renata Marinho Moreira,Alliance
Campeonato Brasileiro de Jiu-Jitsu ,2019,Adult,Black,Female,Medium-Heavy,2,Sábatha Laís Francisco dos Santos,Ryan Gracie Team
Campeonato Brasileiro de Jiu-Jitsu ,2019,Adult,Black,Female,Heavy,2,Claudia Fernanda Onofre Valim Doval,De La Riva JJ
Campeonato Brasileiro de Jiu-Jitsu ,2019,Adult,Black,Female,Super-Heavy,2,Izadora Cristina Silva,Qatar BJJ Brasil
Campeonato Brasileiro de Jiu-Jitsu ,2019,Adult,Black,Female,Ultra-Heavy,2,Joaquina dos Santos Bonfim Neta,Gracie Barra BJJ
Campeonato Brasileiro de Jiu-Jitsu ,2019,Adult,Black,Female,Open Class,2,Sábatha Laís Francisco dos Santos,Ryan Gracie Team
Campeonato Brasileiro de Jiu-Jitsu ,2019,Adult,Black,Female,Light-Feather,3,Ana Talita de Oliveira Alencar,Alliance
Campeonato Brasileiro de Jiu-Jitsu ,2019,Adult,Black,Female,Light-Feather,3,Kristina Sofia Puruganan Barlaan,Caio Terra Association
Campeonato Brasileiro de Jiu-Jitsu ,2019,Adult,Black,Female,Feather,3,Larissa Campos Carvalho,Gracie Humaita Reunion
Campeonato Brasileiro de Jiu-Jitsu ,2019,Adult,Black,Female,Feather,3,Mariana Ogando de Freitas,Coalizão Jiu-Jitsu
Campeonato Brasileiro de Jiu-Jitsu ,2019,Adult,Black,Female,Light,3,Lauriane Clarice dos Santos Mendes,Academia OCS JJ
Campeonato Brasileiro de Jiu-Jitsu ,2019,Adult,Black,Female,Light,3,Líbia Christal Alves Gonçalves,Natural Kombat
Campeonato Brasileiro de Jiu-Jitsu ,2019,Adult,Black,Female,Middle,3,Éricka Wannessa Almeida,Gracie Barra
Campeonato Brasileiro de Jiu-Jitsu ,2019,Adult,Black,Female,Medium-Heavy,3,Melissa Stricker Cueto,Zenith BJJ
Campeonato Brasileiro de Jiu-Jitsu ,2019,Adult,Black,Female,Medium-Heavy,3,Monique Damasceno Gonçalves,Ns Brotherhood
Campeonato Brasileiro de Jiu-Jitsu ,2019,Adult,Black,Female,Heavy,3,Fabiana Ferrari Mendes,Ns Brotherhood
Campeonato Brasileiro de Jiu-Jitsu ,2019,Adult,Black,Female,Super-Heavy,3,Karla Hipolito de Albuquerque,Top Brother
Campeonato Brasileiro de Jiu-Jitsu ,2019,Adult,Black,Female,Super-Heavy,3,Mariane Nunes de Souza,GF Team
Campeonato Brasileiro de Jiu-Jitsu ,2019,Adult,Black,Female,Open Class,3,Izadora Cristina Silva,Qatar BJJ Brasil
Campeonato Brasileiro de Jiu-Jitsu ,2019,Adult,Black,Female,Open Class,3,Jessica da Silva Oliveira,Gracie Barra
Campeonato Brasileiro de Jiu-Jitsu ,2021,Adult,Black,Male,Rooster,1,Yuri Hendrex Assunção Soares,Cicero Costha Internacional
Campeonato Brasileiro de Jiu-Jitsu ,2021,Adult,Black,Male,Light-Feather,1,Meyram Maquiné Alves,Dream Art
Campeonato Brasileiro de Jiu-Jitsu ,2021,Adult,Black,Male,Feather,1,Fabricio Andrey Batista  Junior,Fight Sports Brasil
Campeonato Brasileiro de Jiu-Jitsu ,2021,Adult,Black,Male,Light,1,Matheus Gabriel Pinheiro Barros,CheckMat
Campeonato Brasileiro de Jiu-Jitsu ,2021,Adult,Black,Male,Middle,1,Leonardo Teixeira Lara,Atos Jiu-Jitsu
Campeonato Brasileiro de Jiu-Jitsu ,2021,Adult,Black,Male,Medium-Heavy,1,Mauricio de Oliveira Santos Neto,Dream Art
Campeonato Brasileiro de Jiu-Jitsu ,2021,Adult,Black,Male,Heavy,1,Gabriel Henrique dos S. Oliveira,Alliance
Campeonato Brasileiro de Jiu-Jitsu ,2021,Adult,Black,Male,Super-Heavy,1,Erich Munis dos Santos,Dream Art
Campeonato Brasileiro de Jiu-Jitsu ,2021,Adult,Black,Male,Ultra-Heavy,1,Yatan Martins Bueno,Dream Art
Campeonato Brasileiro de Jiu-Jitsu ,2021,Adult,Black,Male,Open Class,1,Erich Munis dos Santos,Dream Art
Campeonato Brasileiro de Jiu-Jitsu ,2021,Adult,Black,Male,Rooster,2,Welerson Gonçalves da Silva,Nova União
Campeonato Brasileiro de Jiu-Jitsu ,2021,Adult,Black,Male,Light-Feather,2,Hiago George Santos Silva,Cicero Costha Internacional
Campeonato Brasileiro de Jiu-Jitsu ,2021,Adult,Black,Male,Feather,2,Daniel de Oliveira Amorim Junior,Double Five
Campeonato Brasileiro de Jiu-Jitsu ,2021,Adult,Black,Male,Light,2,Sergio Antonio Santana Soares Filho,Double Five
Campeonato Brasileiro de Jiu-Jitsu ,2021,Adult,Black,Male,Middle,2,Wallisson Oliveira Souza,Guigo JJ
Campeonato Brasileiro de Jiu-Jitsu ,2021,Adult,Black,Male,Medium-Heavy,2,Marcos Vinicius de Oliveira Martins,Barbosa Jiu-Jitsu
Campeonato Brasileiro de Jiu-Jitsu ,2021,Adult,Black,Male,Heavy,2,Dimitrius Soares Souza,Alliance
Campeonato Brasileiro de Jiu-Jitsu ,2021,Adult,Black,Male,Super-Heavy,2,Marcus Vinicius Ribeiro de Siqueira,Alliance
Campeonato Brasileiro de Jiu-Jitsu ,2021,Adult,Black,Male,Ultra-Heavy,2,Wallace Costa da Silveira,GF Team
Campeonato Brasileiro de Jiu-Jitsu ,2021,Adult,Black,Male,Open Class,2,Rider Zuchi Samelo do Amaral,R1NG BJJ
Campeonato Brasileiro de Jiu-Jitsu ,2021,Adult,Black,Male,Rooster,3,Aniel  Bonifacio Candido,GF Team
Campeonato Brasileiro de Jiu-Jitsu ,2021,Adult,Black,Male,Rooster,3,Cleber de Sousa Fernandes,Atos Jiu-Jitsu
Campeonato Brasileiro de Jiu-Jitsu ,2021,Adult,Black,Male,Light-Feather,3,Jonas Lisboa Pereira,Atos Jiu-Jitsu
Campeonato Brasileiro de Jiu-Jitsu ,2021,Adult,Black,Male,Light-Feather,3,Léo Silveira Alves,Start Doing
Campeonato Brasileiro de Jiu-Jitsu ,2021,Adult,Black,Male,Feather,3,Leonardo Fernandes Saggioro,Brazilian Top Team
Campeonato Brasileiro de Jiu-Jitsu ,2021,Adult,Black,Male,Feather,3,Samuel Andrade Nagai Hatchwell,CheckMat
Campeonato Brasileiro de Jiu-Jitsu ,2021,Adult,Black,Male,Light,3,Natan Chueng Freitas,Cicero Costha Internacional
Campeonato Brasileiro de Jiu-Jitsu ,2021,Adult,Black,Male,Light,3,Victor Nithael de Oliveira Marques,Nova União
Campeonato Brasileiro de Jiu-Jitsu ,2021,Adult,Black,Male,Middle,3,Guthierry Barbosa Nascimento Conceição,Carlson Gracie Team
Campeonato Brasileiro de Jiu-Jitsu ,2021,Adult,Black,Male,Middle,3,Ygor dos Santos Rodrigues,CT MR
Campeonato Brasileiro de Jiu-Jitsu ,2021,Adult,Black,Male,Medium-Heavy,3,Leon Denny Zambelli Brito,Brazilian Top Team
Campeonato Brasileiro de Jiu-Jitsu ,2021,Adult,Black,Male,Medium-Heavy,3,Matheus Spirandeli Souza,Alliance
Campeonato Brasileiro de Jiu-Jitsu ,2021,Adult,Black,Male,Heavy,3,Isaque Bahiense Braz,Dream Art
Campeonato Brasileiro de Jiu-Jitsu ,2021,Adult,Black,Male,Heavy,3,Patrick Pontes Moura Santos Gaudio,Dream Art
Campeonato Brasileiro de Jiu-Jitsu ,2021,Adult,Black,Male,Super-Heavy,3,Harryson Santana Pereira,Ataque Duplo
Campeonato Brasileiro de Jiu-Jitsu ,2021,Adult,Black,Male,Super-Heavy,3,Vitor Roberto Cheloni Mello,Gracie Barra
Campeonato Brasileiro de Jiu-Jitsu ,2021,Adult,Black,Male,Ultra-Heavy,3,Igor Gregório Schneider,Dream Art
Campeonato Brasileiro de Jiu-Jitsu ,2021,Adult,Black,Male,Ultra-Heavy,3,Pedro Alex dos Santos Pimenta,GF Team
Campeonato Brasileiro de Jiu-Jitsu ,2021,Adult,Black,Male,Open Class,3,Dimitrius Soares Souza,Alliance
Campeonato Brasileiro de Jiu-Jitsu ,2021,Adult,Black,Male,Open Class,3,José Henrique Cardoso,Ceconi KMKZ
Campeonato Brasileiro de Jiu-Jitsu ,2021,Adult,Black,Female,Rooster,1,Mariana  Rolszt,Gracie Humaita
Campeonato Brasileiro de Jiu-Jitsu ,2021,Adult,Black,Female,Light-Feather,1,Ana Cristina Araujo Rodrigues,Dream Art
Campeonato Brasileiro de Jiu-Jitsu ,2021,Adult,Black,Female,Feather,1,Bianca Barbosa Basilio,Atos Jiu-Jitsu
Campeonato Brasileiro de Jiu-Jitsu ,2021,Adult,Black,Female,Light,1,Luciane dos Santos Silva,CheckMat
Campeonato Brasileiro de Jiu-Jitsu ,2021,Adult,Black,Female,Middle,1,Éricka Wannessa Almeida,Gracie Barra
Campeonato Brasileiro de Jiu-Jitsu ,2021,Adult,Black,Female,Medium-Heavy,1,Sábatha Laís Francisco dos Santos,R1NG BJJ
Campeonato Brasileiro de Jiu-Jitsu ,2021,Adult,Black,Female,Heavy,1,Graciele Del Fava de Carvalho,Guigo JJ
Campeonato Brasileiro de Jiu-Jitsu ,2021,Adult,Black,Female,Super-Heavy,1,Yara Soares do Nascimento,Dream Art
Campeonato Brasileiro de Jiu-Jitsu ,2021,Adult,Black,Female,Open Class,1,Gabrieli Pessanha de Souza Marinho,Infight JJ
Campeonato Brasileiro de Jiu-Jitsu ,2021,Adult,Black,Female,Rooster,2,Jessica Caroline Coelho Dantas,Caio Terra Association Brasil
Campeonato Brasileiro de Jiu-Jitsu ,2021,Adult,Black,Female,Light-Feather,2,Rayanne Amanda Carmo dos Santos,Gracie Barra
Campeonato Brasileiro de Jiu-Jitsu ,2021,Adult,Black,Female,Feather,2,Swanny Patricia Guimaraes Batista,Vita BJJ
Campeonato Brasileiro de Jiu-Jitsu ,2021,Adult,Black,Female,Light,2,Michele dos Santos  Oliveira,Nova União
Campeonato Brasileiro de Jiu-Jitsu ,2021,Adult,Black,Female,Middle,2,Ershirley Kessy Pereira Granja,CheckMat
Campeonato Brasileiro de Jiu-Jitsu ,2021,Adult,Black,Female,Medium-Heavy,2,Izadora Cristina Silva,Dream Art
Campeonato Brasileiro de Jiu-Jitsu ,2021,Adult,Black,Female,Heavy,2,Ingridd Alves de Sousa,Guigo JJ
Campeonato Brasileiro de Jiu-Jitsu ,2021,Adult,Black,Female,Super-Heavy,2,Gabrieli Pessanha de Souza Marinho,Infight JJ
Campeonato Brasileiro de Jiu-Jitsu ,2021,Adult,Black,Female,Open Class,2,Yara Soares do Nascimento,Dream Art
Campeonato Brasileiro de Jiu-Jitsu ,2021,Adult,Black,Female,Rooster,3,Amber Rymarz-freitas,Gracie Barra
Campeonato Brasileiro de Jiu-Jitsu ,2021,Adult,Black,Female,Feather,3,Dyna Rodrigues Sena,Castro Team
Campeonato Brasileiro de Jiu-Jitsu ,2021,Adult,Black,Female,Light,3,Lauriane Clarice dos Santos Mendes,Academia OCS JJ
Campeonato Brasileiro de Jiu-Jitsu ,2021,Adult,Black,Female,Light,3,Natália Zumba de Souza,Alliance
Campeonato Brasileiro de Jiu-Jitsu ,2021,Adult,Black,Female,Middle,3,Ana Beatriz Souza Brandão,Vita BJJ
Campeonato Brasileiro de Jiu-Jitsu ,2021,Adult,Black,Female,Middle,3,Ludmila Fiori de Araujo,Nova União
Campeonato Brasileiro de Jiu-Jitsu ,2021,Adult,Black,Female,Medium-Heavy,3,Glaucia Braga Libano,Gracie Barra
Campeonato Brasileiro de Jiu-Jitsu ,2021,Adult,Black,Female,Medium-Heavy,3,Raiane Mara dos Santos,Gracie Barra
Campeonato Brasileiro de Jiu-Jitsu ,2021,Adult,Black,Female,Heavy,3,Juliana Campos de Araujo,Striker JJ
Campeonato Brasileiro de Jiu-Jitsu ,2021,Adult,Black,Female,Super-Heavy,3,Joaquina dos Santos Bonfim Neta,Gracie Barra
Campeonato Brasileiro de Jiu-Jitsu ,2021,Adult,Black,Female,Open Class,3,Graciele Del Fava de Carvalho,Guigo JJ
Campeonato Brasileiro de Jiu-Jitsu ,2021,Adult,Black,Female,Open Class,3,Sábatha Laís Francisco dos Santos,R1NG BJJ
"Campeonato Brasileiro de Jiu-Jitsu (Juvenil, Adulto e Master) ",2022,Adult,Black,Male,Rooster,1,Rodrigo Otavio Ferreira de Oliveira,Dream Art
"Campeonato Brasileiro de Jiu-Jitsu (Juvenil, Adulto e Master) ",2022,Adult,Black,Male,Light-Feather,1,Diogo Pinheiro dos Reis,Fight Sports Brasil
"Campeonato Brasileiro de Jiu-Jitsu (Juvenil, Adulto e Master) ",2022,Adult,Black,Male,Feather,1,Fabricio Andrey Batista  Junior,Fight Sports Brasil
"Campeonato Brasileiro de Jiu-Jitsu (Juvenil, Adulto e Master) ",2022,Adult,Black,Male,Light,1,Pablo Lavaselli,Nova União
"Campeonato Brasileiro de Jiu-Jitsu (Juvenil, Adulto e Master) ",2022,Adult,Black,Male,Middle,1,Micael Ferreira Galvâo,Fight Sports
"Campeonato Brasileiro de Jiu-Jitsu (Juvenil, Adulto e Master) ",2022,Adult,Black,Male,Medium-Heavy,1,Matheus Spirandeli Souza,Alliance
"Campeonato Brasileiro de Jiu-Jitsu (Juvenil, Adulto e Master) ",2022,Adult,Black,Male,Heavy,1,Rider Zuchi Samelo do Amaral,Ns Brotherhood
"Campeonato Brasileiro de Jiu-Jitsu (Juvenil, Adulto e Master) ",2022,Adult,Black,Male,Super-Heavy,1,Nicholas de Barcellos Meregali,Dream Art
"Campeonato Brasileiro de Jiu-Jitsu (Juvenil, Adulto e Master) ",2022,Adult,Black,Male,Ultra-Heavy,1,Mason Fowler,Caio Terra Association
"Campeonato Brasileiro de Jiu-Jitsu (Juvenil, Adulto e Master) ",2022,Adult,Black,Male,Enum_WeightDivision_Absoluto_Label,1,Gutemberg de Jesus Santos Pereira,GF Team
"Campeonato Brasileiro de Jiu-Jitsu (Juvenil, Adulto e Master) ",2022,Adult,Black,Male,Rooster,2,Welerson Gonçalves da Silva,Nova União
"Campeonato Brasileiro de Jiu-Jitsu (Juvenil, Adulto e Master) ",2022,Adult,Black,Male,Light-Feather,2,Cleber de Sousa Fernandes,Atos Jiu-Jitsu
"Campeonato Brasileiro de Jiu-Jitsu (Juvenil, Adulto e Master) ",2022,Adult,Black,Male,Feather,2,Kennedy Leonardo Maciel,Alliance
"Campeonato Brasileiro de Jiu-Jitsu (Juvenil, Adulto e Master) ",2022,Adult,Black,Male,Light,2,Luiz Felipe dos Santos,Nova União
"Campeonato Brasileiro de Jiu-Jitsu (Juvenil, Adulto e Master) ",2022,Adult,Black,Male,Middle,2,Servio Tulio Cardoso Guimarães Junqueira,Gracie Barra
"Campeonato Brasileiro de Jiu-Jitsu (Juvenil, Adulto e Master) ",2022,Adult,Black,Male,Medium-Heavy,2,Rafael Lopes Paganini,Dream Art
"Campeonato Brasileiro de Jiu-Jitsu (Juvenil, Adulto e Master) ",2022,Adult,Black,Male,Heavy,2,Leon Denny Zambelli Brito,Brazilian Top Team
"Campeonato Brasileiro de Jiu-Jitsu (Juvenil, Adulto e Master) ",2022,Adult,Black,Male,Super-Heavy,2,Fellipe Andrew Leandro Silva,Alliance
"Campeonato Brasileiro de Jiu-Jitsu (Juvenil, Adulto e Master) ",2022,Adult,Black,Male,Ultra-Heavy,2,Pedro Alex dos Santos Pimenta,GF Team
"Campeonato Brasileiro de Jiu-Jitsu (Juvenil, Adulto e Master) ",2022,Adult,Black,Male,Enum_WeightDivision_Absoluto_Label,2,Marcus Vinicius Ribeiro de Siqueira,Alliance
"Campeonato Brasileiro de Jiu-Jitsu (Juvenil, Adulto e Master) ",2022,Adult,Black,Male,Rooster,3,Italo Augusto Bonfim Frota,F3J Team
"Campeonato Brasileiro de Jiu-Jitsu (Juvenil, Adulto e Master) ",2022,Adult,Black,Male,Rooster,3,Wesley Ibrahim Martins,OLL Fight
"Campeonato Brasileiro de Jiu-Jitsu (Juvenil, Adulto e Master) ",2022,Adult,Black,Male,Light-Feather,3,Fernando Fávari Aparecido,GF Team
"Campeonato Brasileiro de Jiu-Jitsu (Juvenil, Adulto e Master) ",2022,Adult,Black,Male,Light-Feather,3,Matheus Barbosa Rossi,Cicero Costha Internacional
"Campeonato Brasileiro de Jiu-Jitsu (Juvenil, Adulto e Master) ",2022,Adult,Black,Male,Feather,3,Raimundo Diego Pinto Sodre,Nova União
"Campeonato Brasileiro de Jiu-Jitsu (Juvenil, Adulto e Master) ",2022,Adult,Black,Male,Feather,3,Wilhiam Mateus Marques da Silva,ZR Team Association
"Campeonato Brasileiro de Jiu-Jitsu (Juvenil, Adulto e Master) ",2022,Adult,Black,Male,Light,3,Luiz Paulo Carneiro Medeiros,Fight Sports Brasil
"Campeonato Brasileiro de Jiu-Jitsu (Juvenil, Adulto e Master) ",2022,Adult,Black,Male,Light,3,Vitor Henrique Silva Oliveira,GF Team
"Campeonato Brasileiro de Jiu-Jitsu (Juvenil, Adulto e Master) ",2022,Adult,Black,Male,Middle,3,Everton Daniel de Freitas,Núcleo JJ
"Campeonato Brasileiro de Jiu-Jitsu (Juvenil, Adulto e Master) ",2022,Adult,Black,Male,Middle,3,Pedro Henrique Maia Costa,Six Blades Jiu-Jitsu
"Campeonato Brasileiro de Jiu-Jitsu (Juvenil, Adulto e Master) ",2022,Adult,Black,Male,Medium-Heavy,3,Murilo Silva Ferreira de Santana,Unity Jiu-jitsu
"Campeonato Brasileiro de Jiu-Jitsu (Juvenil, Adulto e Master) ",2022,Adult,Black,Male,Medium-Heavy,3,Wellington Luís Sebastião,Ns Brotherhood
"Campeonato Brasileiro de Jiu-Jitsu (Juvenil, Adulto e Master) ",2022,Adult,Black,Male,Heavy,3,Gabriel Arantes Volante,R1NG BJJ
"Campeonato Brasileiro de Jiu-Jitsu (Juvenil, Adulto e Master) ",2022,Adult,Black,Male,Heavy,3,Leandro Carlos da Silva Santos,NS Brotherhood International
"Campeonato Brasileiro de Jiu-Jitsu (Juvenil, Adulto e Master) ",2022,Adult,Black,Male,Super-Heavy,3,Anderson Munis dos Santos,Dream Art
"Campeonato Brasileiro de Jiu-Jitsu (Juvenil, Adulto e Master) ",2022,Adult,Black,Male,Super-Heavy,3,Marcus Vinicius Ribeiro de Siqueira,Alliance
"Campeonato Brasileiro de Jiu-Jitsu (Juvenil, Adulto e Master) ",2022,Adult,Black,Male,Ultra-Heavy,3,Herico Hesley de Albuquerque Pinto,Nova União
"Campeonato Brasileiro de Jiu-Jitsu (Juvenil, Adulto e Master) ",2022,Adult,Black,Male,Ultra-Heavy,3,Renan Marcel Rodrigues Vieira,Bravu's Brazilian
"Campeonato Brasileiro de Jiu-Jitsu (Juvenil, Adulto e Master) ",2022,Adult,Black,Male,Enum_WeightDivision_Absoluto_Label,3,Diogo Silveira do Nascimento,NS Brotherhood International
"Campeonato Brasileiro de Jiu-Jitsu (Juvenil, Adulto e Master) ",2022,Adult,Black,Male,Enum_WeightDivision_Absoluto_Label,3,Harryson Santana Pereira,Ataque Duplo
"Campeonato Brasileiro de Jiu-Jitsu (Juvenil, Adulto e Master) ",2022,Adult,Black,Female,Rooster,1,Mayssa Caldas Pereira Bastos,Unity Jiu-jitsu
"Campeonato Brasileiro de Jiu-Jitsu (Juvenil, Adulto e Master) ",2022,Adult,Black,Female,Light-Feather,1,Brenda Larissa Alves da Silva,Fight Sports Brasil
"Campeonato Brasileiro de Jiu-Jitsu (Juvenil, Adulto e Master) ",2022,Adult,Black,Female,Feather,1,Bianca Barbosa Basilio,Atos Jiu-Jitsu
"Campeonato Brasileiro de Jiu-Jitsu (Juvenil, Adulto e Master) ",2022,Adult,Black,Female,Light,1,Nathalie Wan Soares Veras Ribeiro,CheckMat
"Campeonato Brasileiro de Jiu-Jitsu (Juvenil, Adulto e Master) ",2022,Adult,Black,Female,Middle,1,Andressa Mezari Cintra,Gracie Barra
"Campeonato Brasileiro de Jiu-Jitsu (Juvenil, Adulto e Master) ",2022,Adult,Black,Female,Medium-Heavy,1,Sábatha Laís Francisco dos Santos,R1NG BJJ
"Campeonato Brasileiro de Jiu-Jitsu (Juvenil, Adulto e Master) ",2022,Adult,Black,Female,Heavy,1,Fernanda Mazzelli Almeida Maio,Striker JJ
"Campeonato Brasileiro de Jiu-Jitsu (Juvenil, Adulto e Master) ",2022,Adult,Black,Female,Super-Heavy,1,Gabrieli Pessanha de Souza Marinho,Infight JJ
"Campeonato Brasileiro de Jiu-Jitsu (Juvenil, Adulto e Master) ",2022,Adult,Black,Female,Enum_WeightDivision_Absoluto_Label,1,Gabrieli Pessanha de Souza Marinho,Infight JJ
"Campeonato Brasileiro de Jiu-Jitsu (Juvenil, Adulto e Master) ",2022,Adult,Black,Female,Rooster,2,Mariana  Rolszt,Gracie Humaita
"Campeonato Brasileiro de Jiu-Jitsu (Juvenil, Adulto e Master) ",2022,Adult,Black,Female,Light-Feather,2,Jessica Caroline Coelho Dantas,Caio Terra Association Brasil
"Campeonato Brasileiro de Jiu-Jitsu (Juvenil, Adulto e Master) ",2022,Adult,Black,Female,Feather,2,Renata Paschoal D Avila,GF Team
"Campeonato Brasileiro de Jiu-Jitsu (Juvenil, Adulto e Master) ",2022,Adult,Black,Female,Light,2,Vitoria Carollina Araujo Vieira,GF Team
"Campeonato Brasileiro de Jiu-Jitsu (Juvenil, Adulto e Master) ",2022,Adult,Black,Female,Middle,2,Chloé  McNally,Unity Jiu-jitsu
"Campeonato Brasileiro de Jiu-Jitsu (Juvenil, Adulto e Master) ",2022,Adult,Black,Female,Medium-Heavy,2,Elisabeth Ann Clay,Ares BJJ
"Campeonato Brasileiro de Jiu-Jitsu (Juvenil, Adulto e Master) ",2022,Adult,Black,Female,Heavy,2,Graciele Del Fava de Carvalho,Guigo JJ
"Campeonato Brasileiro de Jiu-Jitsu (Juvenil, Adulto e Master) ",2022,Adult,Black,Female,Super-Heavy,2,Claire-France Thevenon,Panda Supa Crew
"Campeonato Brasileiro de Jiu-Jitsu (Juvenil, Adulto e Master) ",2022,Adult,Black,Female,Enum_WeightDivision_Absoluto_Label,2,Fernanda Mazzelli Almeida Maio,Striker JJ
"Campeonato Brasileiro de Jiu-Jitsu (Juvenil, Adulto e Master) ",2022,Adult,Black,Female,Rooster,3,Maria Eduarda  Tozoni Ono,Kronos BJJ
"Campeonato Brasileiro de Jiu-Jitsu (Juvenil, Adulto e Master) ",2022,Adult,Black,Female,Rooster,3,Thaís Loureiro Felipe,Atos Jiu-Jitsu
"Campeonato Brasileiro de Jiu-Jitsu (Juvenil, Adulto e Master) ",2022,Adult,Black,Female,Feather,3,Eduarda Sousa De Lima,Castro Team
"Campeonato Brasileiro de Jiu-Jitsu (Juvenil, Adulto e Master) ",2022,Adult,Black,Female,Feather,3,Swanny Patricia Guimaraes Batista,Vita BJJ
"Campeonato Brasileiro de Jiu-Jitsu (Juvenil, Adulto e Master) ",2022,Adult,Black,Female,Light,3,Gessica Rodrigues Fong Nien,CheckMat
"Campeonato Brasileiro de Jiu-Jitsu (Juvenil, Adulto e Master) ",2022,Adult,Black,Female,Light,3,Luiara Gedeon Rochael Maciel,Gracie Barra
"Campeonato Brasileiro de Jiu-Jitsu (Juvenil, Adulto e Master) ",2022,Adult,Black,Female,Middle,3,Éricka Wannessa Almeida,Gracie Barra
"Campeonato Brasileiro de Jiu-Jitsu (Juvenil, Adulto e Master) ",2022,Adult,Black,Female,Middle,3,Natália Zumba de Souza,Alliance
"Campeonato Brasileiro de Jiu-Jitsu (Juvenil, Adulto e Master) ",2022,Adult,Black,Female,Medium-Heavy,3,Márcia Karina Figueiredo Ramos,GF Team
"Campeonato Brasileiro de Jiu-Jitsu (Juvenil, Adulto e Master) ",2022,Adult,Black,Female,Medium-Heavy,3,Raiane Mara dos Santos,Gracie Barra
"Campeonato Brasileiro de Jiu-Jitsu (Juvenil, Adulto e Master) ",2022,Adult,Black,Female,Super-Heavy,3,Carina Curvelo Santi,G13 BJJ
"Campeonato Brasileiro de Jiu-Jitsu (Juvenil, Adulto e Master) ",2022,Adult,Black,Female,Enum_WeightDivision_Absoluto_Label,3,Carina Curvelo Santi,G13 BJJ
"Campeonato Brasileiro de Jiu-Jitsu (Juvenil, Adulto e Master) ",2022,Adult,Black,Female,Enum_WeightDivision_Absoluto_Label,3,Graciele Del Fava de Carvalho,Guigo JJ
"Campeonato Brasileiro de Jiu-Jitsu (Juvenil, Adulto e Master) ",2023,Adult,Black,Male,Rooster,1,Lucas dos Santos Pinheiro,Atos Jiu-Jitsu
"Campeonato Brasileiro de Jiu-Jitsu (Juvenil, Adulto e Master) ",2023,Adult,Black,Male,Light-Feather,1,Diogo Pinheiro dos Reis,Melqui Galvão Jiu-jitsu
"Campeonato Brasileiro de Jiu-Jitsu (Juvenil, Adulto e Master) ",2023,Adult,Black,Male,Feather,1,Isaac Doederlein,Alliance
"Campeonato Brasileiro de Jiu-Jitsu (Juvenil, Adulto e Master) ",2023,Adult,Black,Male,Light,1,Lucas Sette C. Valente Tobias,Gracie Barra
"Campeonato Brasileiro de Jiu-Jitsu (Juvenil, Adulto e Master) ",2023,Adult,Black,Male,Middle,1,Tainan Dalpra Costa,Art of Jiu Jitsu
"Campeonato Brasileiro de Jiu-Jitsu (Juvenil, Adulto e Master) ",2023,Adult,Black,Male,Medium-Heavy,1,Gustavo Espindola Batista,Atos Jiu-Jitsu
"Campeonato Brasileiro de Jiu-Jitsu (Juvenil, Adulto e Master) ",2023,Adult,Black,Male,Heavy,1,Fellipe Andrew Leandro Silva,Alliance
"Campeonato Brasileiro de Jiu-Jitsu (Juvenil, Adulto e Master) ",2023,Adult,Black,Male,Super-Heavy,1,Pedro Lucas Soares Ribeiro,Companhia Jiu-Jitsu
"Campeonato Brasileiro de Jiu-Jitsu (Juvenil, Adulto e Master) ",2023,Adult,Black,Male,Ultra-Heavy,1,Victor Hugo Costa Marques,Six Blades Jiu-Jitsu
"Campeonato Brasileiro de Jiu-Jitsu (Juvenil, Adulto e Master) ",2023,Adult,Black,Male,Enum_WeightDivision_Absoluto_Label,1,Victor Hugo Costa Marques,Six Blades Jiu-Jitsu
"Campeonato Brasileiro de Jiu-Jitsu (Juvenil, Adulto e Master) ",2023,Adult,Black,Male,Rooster,2,Welerson Gonçalves da Silva,Nova União
"Campeonato Brasileiro de Jiu-Jitsu (Juvenil, Adulto e Master) ",2023,Adult,Black,Male,Light-Feather,2,Cleber de Sousa Fernandes,Atos Jiu-Jitsu
"Campeonato Brasileiro de Jiu-Jitsu (Juvenil, Adulto e Master) ",2023,Adult,Black,Male,Feather,2,Alexssandro Pinto Sodré,Nova União
"Campeonato Brasileiro de Jiu-Jitsu (Juvenil, Adulto e Master) ",2023,Adult,Black,Male,Light,2,Natan Chueng Freitas,Fratres Brazilian Jiu-Jitsu
"Campeonato Brasileiro de Jiu-Jitsu (Juvenil, Adulto e Master) ",2023,Adult,Black,Male,Middle,2,Pedro Henrique Maia Costa,ESCOLA DE JIU JITSU WF
"Campeonato Brasileiro de Jiu-Jitsu (Juvenil, Adulto e Master) ",2023,Adult,Black,Male,Medium-Heavy,2,Matheus Spirandeli Souza,Alliance
"Campeonato Brasileiro de Jiu-Jitsu (Juvenil, Adulto e Master) ",2023,Adult,Black,Male,Heavy,2,Gabriel Henrique dos S. Oliveira,Alliance
"Campeonato Brasileiro de Jiu-Jitsu (Juvenil, Adulto e Master) ",2023,Adult,Black,Male,Super-Heavy,2,Elioenai Julio de Souza Braz,Team Crézio Lutas
"Campeonato Brasileiro de Jiu-Jitsu (Juvenil, Adulto e Master) ",2023,Adult,Black,Male,Ultra-Heavy,2,Cleyton Rafael Flores,Team Cruz BJJ
"Campeonato Brasileiro de Jiu-Jitsu (Juvenil, Adulto e Master) ",2023,Adult,Black,Male,Enum_WeightDivision_Absoluto_Label,2,Victor Hugo Honório P. da Silva,GF Team
"Campeonato Brasileiro de Jiu-Jitsu (Juvenil, Adulto e Master) ",2023,Adult,Black,Male,Rooster,3,Carlos Alberto Oliveira da Silva,GF Team
"Campeonato Brasileiro de Jiu-Jitsu (Juvenil, Adulto e Master) ",2023,Adult,Black,Male,Rooster,3,Rodrigo Otavio Ferreira de Oliveira,Qatar BJJ / Vision Brasil
"Campeonato Brasileiro de Jiu-Jitsu (Juvenil, Adulto e Master) ",2023,Adult,Black,Male,Light-Feather,3,Fernando Fávari Aparecido,GF Team
"Campeonato Brasileiro de Jiu-Jitsu (Juvenil, Adulto e Master) ",2023,Adult,Black,Male,Light-Feather,3,Wesley Souza Santos,DreamArt
"Campeonato Brasileiro de Jiu-Jitsu (Juvenil, Adulto e Master) ",2023,Adult,Black,Male,Feather,3,Fabricio Andrey Batista  Junior,Melqui Galvão Jiu-jitsu
"Campeonato Brasileiro de Jiu-Jitsu (Juvenil, Adulto e Master) ",2023,Adult,Black,Male,Feather,3,Matheus Yudi Onda,Barbosa Jiu-Jitsu
"Campeonato Brasileiro de Jiu-Jitsu (Juvenil, Adulto e Master) ",2023,Adult,Black,Male,Light,3,Ademir Barreto de Araújo,GF Team
"Campeonato Brasileiro de Jiu-Jitsu (Juvenil, Adulto e Master) ",2023,Adult,Black,Male,Light,3,Luiz Paulo Carneiro Medeiros,Melqui Galvão Jiu-jitsu
"Campeonato Brasileiro de Jiu-Jitsu (Juvenil, Adulto e Master) ",2023,Adult,Black,Male,Middle,3,Alexandre Joaquim de Jesus,Esporte Dez
"Campeonato Brasileiro de Jiu-Jitsu (Juvenil, Adulto e Master) ",2023,Adult,Black,Male,Middle,3,Yuri Gabriel Rodrigues,Nova União
"Campeonato Brasileiro de Jiu-Jitsu (Juvenil, Adulto e Master) ",2023,Adult,Black,Male,Medium-Heavy,3,Leon Denny Zambelli Brito,Brazilian Top Team
"Campeonato Brasileiro de Jiu-Jitsu (Juvenil, Adulto e Master) ",2023,Adult,Black,Male,Medium-Heavy,3,Wellington Luís Sebastião,Fratres Brazilian Jiu-Jitsu
"Campeonato Brasileiro de Jiu-Jitsu (Juvenil, Adulto e Master) ",2023,Adult,Black,Male,Heavy,3,Harryson Santana Pereira,Ataque Duplo
"Campeonato Brasileiro de Jiu-Jitsu (Juvenil, Adulto e Master) ",2023,Adult,Black,Male,Heavy,3,Rider Zuchi Samelo do Amaral,Fratres Jiu Jitsu Competition
"Campeonato Brasileiro de Jiu-Jitsu (Juvenil, Adulto e Master) ",2023,Adult,Black,Male,Super-Heavy,3,Luis Fernando de Oliveira,Fratres Brazilian Jiu-Jitsu
"Campeonato Brasileiro de Jiu-Jitsu (Juvenil, Adulto e Master) ",2023,Adult,Black,Male,Super-Heavy,3,Wildemar Matheus Souza dos Santos,Carlson Gracie Team
"Campeonato Brasileiro de Jiu-Jitsu (Juvenil, Adulto e Master) ",2023,Adult,Black,Male,Ultra-Heavy,3,Pedro Alex dos Santos Pimenta,GF Team
"Campeonato Brasileiro de Jiu-Jitsu (Juvenil, Adulto e Master) ",2023,Adult,Black,Male,Ultra-Heavy,3,Victor Hugo Honório P. da Silva,GF Team
"Campeonato Brasileiro de Jiu-Jitsu (Juvenil, Adulto e Master) ",2023,Adult,Black,Male,Enum_WeightDivision_Absoluto_Label,3,Luis Fernando de Oliveira,Fratres Brazilian Jiu-Jitsu
"Campeonato Brasileiro de Jiu-Jitsu (Juvenil, Adulto e Master) ",2023,Adult,Black,Male,Enum_WeightDivision_Absoluto_Label,3,Pedro Alex dos Santos Pimenta,GF Team
"Campeonato Brasileiro de Jiu-Jitsu (Juvenil, Adulto e Master) ",2023,Adult,Black,Female,Rooster,1,Brenda Larissa Alves da Silva,Melqui Galvão Jiu-jitsu
"Campeonato Brasileiro de Jiu-Jitsu (Juvenil, Adulto e Master) ",2023,Adult,Black,Female,Light-Feather,1,Mayssa Caldas Pereira Bastos,Unity Jiu-jitsu
"Campeonato Brasileiro de Jiu-Jitsu (Juvenil, Adulto e Master) ",2023,Adult,Black,Female,Feather,1,Bianca Barbosa Basilio,Atos Jiu-Jitsu
"Campeonato Brasileiro de Jiu-Jitsu (Juvenil, Adulto e Master) ",2023,Adult,Black,Female,Light,1,Luiza Monteiro Moura da Costa,Atos Jiu-Jitsu
"Campeonato Brasileiro de Jiu-Jitsu (Juvenil, Adulto e Master) ",2023,Adult,Black,Female,Middle,1,Andressa Mezari Cintra,Gracie Barra
"Campeonato Brasileiro de Jiu-Jitsu (Juvenil, Adulto e Master) ",2023,Adult,Black,Female,Medium-Heavy,1,Maria Malyjasiak,Abmar Barbosa Association
"Campeonato Brasileiro de Jiu-Jitsu (Juvenil, Adulto e Master) ",2023,Adult,Black,Female,Heavy,1,Tamiris Fernanda da Silva,DreamArt
"Campeonato Brasileiro de Jiu-Jitsu (Juvenil, Adulto e Master) ",2023,Adult,Black,Female,Super-Heavy,1,Gabrieli Pessanha de Souza Marinho,Infight JJ
"Campeonato Brasileiro de Jiu-Jitsu (Juvenil, Adulto e Master) ",2023,Adult,Black,Female,Enum_WeightDivision_Absoluto_Label,1,Gabrieli Pessanha de Souza Marinho,Infight JJ
"Campeonato Brasileiro de Jiu-Jitsu (Juvenil, Adulto e Master) ",2023,Adult,Black,Female,Rooster,2,Jessica Caroline Coelho Dantas,R1NG BJJ
"Campeonato Brasileiro de Jiu-Jitsu (Juvenil, Adulto e Master) ",2023,Adult,Black,Female,Light-Feather,2,Adele M. Fornarino,Dominance
"Campeonato Brasileiro de Jiu-Jitsu (Juvenil, Adulto e Master) ",2023,Adult,Black,Female,Feather,2,Gabriela A. Pereira,Qatar BJJ / Vision Brasil
"Campeonato Brasileiro de Jiu-Jitsu (Juvenil, Adulto e Master) ",2023,Adult,Black,Female,Light,2,Sabrina Rogéria Ataide B. Gondim,CheckMat
"Campeonato Brasileiro de Jiu-Jitsu (Juvenil, Adulto e Master) ",2023,Adult,Black,Female,Middle,2,Thalyta Stefhane Lima Silva,Fratres Brazilian Jiu-Jitsu
"Campeonato Brasileiro de Jiu-Jitsu (Juvenil, Adulto e Master) ",2023,Adult,Black,Female,Medium-Heavy,2,Sábatha Laís Francisco dos Santos,Fratres Brazilian Jiu-Jitsu
"Campeonato Brasileiro de Jiu-Jitsu (Juvenil, Adulto e Master) ",2023,Adult,Black,Female,Heavy,2,Thaynara Aparecida da Silva Dias,Double Five
"Campeonato Brasileiro de Jiu-Jitsu (Juvenil, Adulto e Master) ",2023,Adult,Black,Female,Super-Heavy,2,Roberta Pessoa Vieira Ribeiro,Double Five
"Campeonato Brasileiro de Jiu-Jitsu (Juvenil, Adulto e Master) ",2023,Adult,Black,Female,Enum_WeightDivision_Absoluto_Label,2,Thalyta Stefhane Lima Silva,Fratres Brazilian Jiu-Jitsu
"Campeonato Brasileiro de Jiu-Jitsu (Juvenil, Adulto e Master) ",2023,Adult,Black,Female,Rooster,3,Amber Rymarz-Freitas,Smartjits
"Campeonato Brasileiro de Jiu-Jitsu (Juvenil, Adulto e Master) ",2023,Adult,Black,Female,Rooster,3,Giulia Guimaraes Gregorut,Alliance
"Campeonato Brasileiro de Jiu-Jitsu (Juvenil, Adulto e Master) ",2023,Adult,Black,Female,Light-Feather,3,Andreza Costa Morais de Sousa,Ares BJJ
"Campeonato Brasileiro de Jiu-Jitsu (Juvenil, Adulto e Master) ",2023,Adult,Black,Female,Light-Feather,3,Eliana Carauni,Positive Jiu-Jitsu
"Campeonato Brasileiro de Jiu-Jitsu (Juvenil, Adulto e Master) ",2023,Adult,Black,Female,Feather,3,Andreia Lopes Cavalcante,ZR Team Association
"Campeonato Brasileiro de Jiu-Jitsu (Juvenil, Adulto e Master) ",2023,Adult,Black,Female,Feather,3,Jaine da Silva Fragoso,Atos Jiu-Jitsu
"Campeonato Brasileiro de Jiu-Jitsu (Juvenil, Adulto e Master) ",2023,Adult,Black,Female,Light,3,Juliana da Silva Teixeira,Ceconi KMKZ
"Campeonato Brasileiro de Jiu-Jitsu (Juvenil, Adulto e Master) ",2023,Adult,Black,Female,Light,3,Maria Cláudia Almeida Silva,Infight JJ
"Campeonato Brasileiro de Jiu-Jitsu (Juvenil, Adulto e Master) ",2023,Adult,Black,Female,Middle,3,Elisabeth Ann Clay,Ares BJJ
"Campeonato Brasileiro de Jiu-Jitsu (Juvenil, Adulto e Master) ",2023,Adult,Black,Female,Middle,3,Vannessa Nancy Griffin,Crazy 88
"Campeonato Brasileiro de Jiu-Jitsu (Juvenil, Adulto e Master) ",2023,Adult,Black,Female,Medium-Heavy,3,Letícia Cardozo de Carvalho,Alliance
"Campeonato Brasileiro de Jiu-Jitsu (Juvenil, Adulto e Master) ",2023,Adult,Black,Female,Medium-Heavy,3,Welma Moreira dos Santos,Cei Jiu-Jitsu International
"Campeonato Brasileiro de Jiu-Jitsu (Juvenil, Adulto e Master) ",2023,Adult,Black,Female,Heavy,3,Amanda Magda de Oliveira,Fratres Jiu Jitsu Competition
"Campeonato Brasileiro de Jiu-Jitsu (Juvenil, Adulto e Master) ",2023,Adult,Black,Female,Heavy,3,Fernanda Mazzelli Almeida Maio,Striker JJ
"Campeonato Brasileiro de Jiu-Jitsu (Juvenil, Adulto e Master) ",2023,Adult,Black,Female,Super-Heavy,3,Juliana Campos de Araujo,Striker JJ
"Campeonato Brasileiro de Jiu-Jitsu (Juvenil, Adulto e Master) ",2023,Adult,Black,Female,Super-Heavy,3,Kauany Lorena Ramos Queiroz,GF Team
"Campeonato Brasileiro de Jiu-Jitsu (Juvenil, Adulto e Master) ",2023,Adult,Black,Female,Enum_WeightDivision_Absoluto_Label,3,Elisabeth Ann Clay,Ares BJJ
"Campeonato Brasileiro de Jiu-Jitsu (Juvenil, Adulto e Master) ",2023,Adult,Black,Female,Enum_WeightDivision_Absoluto_Label,3,Sábatha Laís Francisco dos Santos,Fratres Brazilian Jiu-Jitsu
Campeonato Brasileiro de Jiu-Jitsu ,2024,Adult,Black,Male,Rooster,1,Thalison Vitorino Soares,AOJ
Campeonato Brasileiro de Jiu-Jitsu ,2024,Adult,Black,Male,Light-Feather,1,Cleber de Sousa Fernandes,JFC Almeida JJ
Campeonato Brasileiro de Jiu-Jitsu ,2024,Adult,Black,Male,Feather,1,Kennedy Leonardo Maciel,Alliance
Campeonato Brasileiro de Jiu-Jitsu ,2024,Adult,Black,Male,Light,1,Pedro Henrique Maia Costa,Six Blades Jiu-Jitsu
Campeonato Brasileiro de Jiu-Jitsu ,2024,Adult,Black,Male,Middle,1,Micael Ferreira Galvâo,Melqui Galvão Jiu-jitsu
Campeonato Brasileiro de Jiu-Jitsu ,2024,Adult,Black,Male,Medium-Heavy,1,Gabriel Silva Costa,Dream Art BJJ
Campeonato Brasileiro de Jiu-Jitsu ,2024,Adult,Black,Male,Heavy,1,Patrick Pontes Moura Santos Gaudio,GF Team
Campeonato Brasileiro de Jiu-Jitsu ,2024,Adult,Black,Male,Super-Heavy,1,Luiz Henrique Betta da Silva,Vision
Campeonato Brasileiro de Jiu-Jitsu ,2024,Adult,Black,Male,Ultra-Heavy,1,Helder Jose Rodrigues Júnior,Fratres Brazilian Jiu-Jitsu
Campeonato Brasileiro de Jiu-Jitsu ,2024,Adult,Black,Male,Open Class,1,Pedro Lucas Soares Ribeiro,Companhia Jiu-Jitsu
Campeonato Brasileiro de Jiu-Jitsu ,2024,Adult,Black,Male,Rooster,2,Welerson Gonçalves da Silva,Nova União
Campeonato Brasileiro de Jiu-Jitsu ,2024,Adult,Black,Male,Light-Feather,2,Anderson Delfino Duarte Júnior,Atrium Brazilian Jiu-Jitsu
Campeonato Brasileiro de Jiu-Jitsu ,2024,Adult,Black,Male,Feather,2,Alexssandro Pinto Sodré,Nova União
Campeonato Brasileiro de Jiu-Jitsu ,2024,Adult,Black,Male,Light,2,Luiz Paulo Carneiro Medeiros,Alliance
Campeonato Brasileiro de Jiu-Jitsu ,2024,Adult,Black,Male,Middle,2,Jhonathan Marques Pessanha,Círculo De Jiu-Jitsu
Campeonato Brasileiro de Jiu-Jitsu ,2024,Adult,Black,Male,Medium-Heavy,2,Manoel Miguel da Rocha P. Jr.,Milioli Jiu Jitsu
Campeonato Brasileiro de Jiu-Jitsu ,2024,Adult,Black,Male,Heavy,2,Pedro Henrique Pinheiro Machado de Souza,Atos Jiu-Jitsu
Campeonato Brasileiro de Jiu-Jitsu ,2024,Adult,Black,Male,Super-Heavy,2,Harryson Santana Pereira,Ataque Duplo
Campeonato Brasileiro de Jiu-Jitsu ,2024,Adult,Black,Male,Ultra-Heavy,2,Pedro Henrique de Lima Elias,Fratres Jiu Jitsu Competition
Campeonato Brasileiro de Jiu-Jitsu ,2024,Adult,Black,Male,Ultra-Heavy,2,Victor Hugo Honório P. da Silva,GF Team
Campeonato Brasileiro de Jiu-Jitsu ,2024,Adult,Black,Male,Open Class,2,Hygor Brito da Silva,Lótus Club
Campeonato Brasileiro de Jiu-Jitsu ,2024,Adult,Black,Male,Rooster,3,Aniel  Bonifacio Candido,GF Team
Campeonato Brasileiro de Jiu-Jitsu ,2024,Adult,Black,Male,Rooster,3,Oziel Santos de Carvalho,Fratres Brazilian Jiu-Jitsu
Campeonato Brasileiro de Jiu-Jitsu ,2024,Adult,Black,Male,Light-Feather,3,Kevin Gabriel Mascarenhas Alencar,DreamArt
Campeonato Brasileiro de Jiu-Jitsu ,2024,Adult,Black,Male,Light-Feather,3,Leonardo Mário Pereira Júnior,Cicero Costha Internacional
Campeonato Brasileiro de Jiu-Jitsu ,2024,Adult,Black,Male,Feather,3,Guilherme Rodrigues Fernandes,DreamArt
Campeonato Brasileiro de Jiu-Jitsu ,2024,Adult,Black,Male,Feather,3,Raimundo Diego Pinto Sodre,Nova União
Campeonato Brasileiro de Jiu-Jitsu ,2024,Adult,Black,Male,Light,3,Lucas Andre Galvão Protasio,CheckMat
Campeonato Brasileiro de Jiu-Jitsu ,2024,Adult,Black,Male,Light,3,Rolando Villanueva Samson,Atos Jiu-Jitsu
Campeonato Brasileiro de Jiu-Jitsu ,2024,Adult,Black,Male,Middle,3,Elder da Silveira Gomes Júnior,JFC Almeida JJ
Campeonato Brasileiro de Jiu-Jitsu ,2024,Adult,Black,Male,Middle,3,Vinícius do Canto Martins,Alliance
Campeonato Brasileiro de Jiu-Jitsu ,2024,Adult,Black,Male,Medium-Heavy,3,Alex Munis dos Santos,Fratres Brazilian Jiu-Jitsu
Campeonato Brasileiro de Jiu-Jitsu ,2024,Adult,Black,Male,Medium-Heavy,3,Servio Tulio Cardoso Guimarães Junqueira,Gracie Barra
Campeonato Brasileiro de Jiu-Jitsu ,2024,Adult,Black,Male,Heavy,3,Vinicius Liberati,Fratres Brazilian Jiu-Jitsu
Campeonato Brasileiro de Jiu-Jitsu ,2024,Adult,Black,Male,Heavy,3,Vital Antonio dos Santos Neto,Fratres Jiu Jitsu Competition
Campeonato Brasileiro de Jiu-Jitsu ,2024,Adult,Black,Male,Super-Heavy,3,Eldeson Santino da Silva,Nova União
Campeonato Brasileiro de Jiu-Jitsu ,2024,Adult,Black,Male,Super-Heavy,3,Gabriel Henrique dos S. Oliveira,Alliance
Campeonato Brasileiro de Jiu-Jitsu ,2024,Adult,Black,Male,Ultra-Heavy,3,Renan Santiago Barreto Tavares,Infight JJ
Campeonato Brasileiro de Jiu-Jitsu ,2024,Adult,Black,Male,Open Class,3,Kennedy Leonardo Maciel,Alliance
Campeonato Brasileiro de Jiu-Jitsu ,2024,Adult,Black,Male,Open Class,3,Pedro Henrique Pinheiro Machado de Souza,Atos Jiu-Jitsu
Campeonato Brasileiro de Jiu-Jitsu ,2024,Adult,Black,Female,Rooster,1,Shelby Lena Murphey,AOJ
Campeonato Brasileiro de Jiu-Jitsu ,2024,Adult,Black,Female,Light-Feather,1,Mayssa Caldas Pereira Bastos,AOJ
Campeonato Brasileiro de Jiu-Jitsu ,2024,Adult,Black,Female,Feather,1,Maria Luiza Nunes Pinto,JFC Almeida JJ
Campeonato Brasileiro de Jiu-Jitsu ,2024,Adult,Black,Female,Light,1,Vitoria Carolina Araujo Vieira,GF Team
Campeonato Brasileiro de Jiu-Jitsu ,2024,Adult,Black,Female,Middle,1,Thalyta Stefhane Lima Silva,Fratres Brazilian Jiu-Jitsu
Campeonato Brasileiro de Jiu-Jitsu ,2024,Adult,Black,Female,Medium-Heavy,1,Sábatha Laís Francisco dos Santos,Fratres Brazilian Jiu-Jitsu
Campeonato Brasileiro de Jiu-Jitsu ,2024,Adult,Black,Female,Heavy,1,Melissa Stricker Cueto,Alliance
Campeonato Brasileiro de Jiu-Jitsu ,2024,Adult,Black,Female,Super-Heavy,1,Gabrieli Pessanha de Souza Marinho,Infight JJ
Campeonato Brasileiro de Jiu-Jitsu ,2024,Adult,Black,Female,Open Class,1,Gabrieli Pessanha de Souza Marinho,Infight JJ
Campeonato Brasileiro de Jiu-Jitsu ,2024,Adult,Black,Female,Rooster,2,Giulia Guimarães Gregorut,Fratres Brazilian Jiu-Jitsu
Campeonato Brasileiro de Jiu-Jitsu ,2024,Adult,Black,Female,Light-Feather,2,Brenda Larissa Alves da Silva,Alliance
Campeonato Brasileiro de Jiu-Jitsu ,2024,Adult,Black,Female,Feather,2,Andreia Lopes Cavalcante,ZR Team Association
Campeonato Brasileiro de Jiu-Jitsu ,2024,Adult,Black,Female,Light,2,Brianna Ste-Marie,Brazilian Top Team
Campeonato Brasileiro de Jiu-Jitsu ,2024,Adult,Black,Female,Middle,2,Jamile Nunes de Lima,GF Team
Campeonato Brasileiro de Jiu-Jitsu ,2024,Adult,Black,Female,Medium-Heavy,2,Thamara Ferreira Silva,Fratres Brazilian Jiu-Jitsu
Campeonato Brasileiro de Jiu-Jitsu ,2024,Adult,Black,Female,Heavy,2,Amanda Magda de Oliveira,Fratres Brazilian Jiu-Jitsu
Campeonato Brasileiro de Jiu-Jitsu ,2024,Adult,Black,Female,Super-Heavy,2,Yara Soares do Nascimento,Fratres Brazilian Jiu-Jitsu
Campeonato Brasileiro de Jiu-Jitsu ,2024,Adult,Black,Female,Open Class,2,Yara Soares do Nascimento,Fratres Brazilian Jiu-Jitsu
Campeonato Brasileiro de Jiu-Jitsu ,2024,Adult,Black,Female,Rooster,3,Maria Eduarda de Brito Silva,Valdénio Jiu-Jitsu
Campeonato Brasileiro de Jiu-Jitsu ,2024,Adult,Black,Female,Rooster,3,Thaís Loureiro Felipe,Atos Jiu-Jitsu
Campeonato Brasileiro de Jiu-Jitsu ,2024,Adult,Black,Female,Light-Feather,3,Amanda Monteiro Canuto,GF Team
Campeonato Brasileiro de Jiu-Jitsu ,2024,Adult,Black,Female,Light-Feather,3,Jessica Caroline Coelho Dantas,Fratres Brazilian Jiu-Jitsu
Campeonato Brasileiro de Jiu-Jitsu ,2024,Adult,Black,Female,Feather,3,Emily Rosalynn Nicholson,GF Team
Campeonato Brasileiro de Jiu-Jitsu ,2024,Adult,Black,Female,Feather,3,Miranda Galban,Nova União
Campeonato Brasileiro de Jiu-Jitsu ,2024,Adult,Black,Female,Light,3,Amanda Hening,Alliance
Campeonato Brasileiro de Jiu-Jitsu ,2024,Adult,Black,Female,Light,3,Natália Zumba de Souza,JFC Almeida JJ
Campeonato Brasileiro de Jiu-Jitsu ,2024,Adult,Black,Female,Middle,3,Alexia Souza Arantes,Vision
Campeonato Brasileiro de Jiu-Jitsu ,2024,Adult,Black,Female,Middle,3,Patricia Da Rocha Ferreira,Piazza Jiu-Jitsu
Campeonato Brasileiro de Jiu-Jitsu ,2024,Adult,Black,Female,Medium-Heavy,3,Ingridd Alves de Sousa,DreamArt
Campeonato Brasileiro de Jiu-Jitsu ,2024,Adult,Black,Female,Medium-Heavy,3,Maria Carolina Barón Vicentini,AOJ
Campeonato Brasileiro de Jiu-Jitsu ,2024,Adult,Black,Female,Heavy,3,Tamiris Fernanda da Silva,DreamArt
Campeonato Brasileiro de Jiu-Jitsu ,2024,Adult,Black,Female,Heavy,3,Thaynara Aparecida da Silva Dias,Fratres Brazilian Jiu-Jitsu
Campeonato Brasileiro de Jiu-Jitsu ,2024,Adult,Black,Female,Super-Heavy,3,Kauany Lorena Ramos Queiroz,GF Team
Campeonato Brasileiro de Jiu-Jitsu ,2024,Adult,Black,Female,Super-Heavy,3,Stefhanie Pereira da Costa,Fernando Terere (FTBJJ)
Campeonato Brasileiro de Jiu-Jitsu ,2024,Adult,Black,Female,Open Class,3,Melissa Stricker Cueto,Alliance
Campeonato Brasileiro de Jiu-Jitsu ,2024,Adult,Black,Female,Open Class,3,Stefhanie Pereira da Costa,Fernando Terere (FTBJJ)
Campeonato Brasileiro de Jiu-Jitsu ,2025,Adult,Black,Male,Rooster,1,Rodrigo Otavio Ferreira de Oliveira,Vision
Campeonato Brasileiro de Jiu-Jitsu ,2025,Adult,Black,Male,Light-Feather,1,Diego Oliveira Batista,AOJ
Campeonato Brasileiro de Jiu-Jitsu ,2025,Adult,Black,Male,Feather,1,Cole Anthony Abate,AOJ
Campeonato Brasileiro de Jiu-Jitsu ,2025,Adult,Black,Male,Light,1,Lucas Maquiné Silva,Fratres Brazilian Jiu-Jitsu
Campeonato Brasileiro de Jiu-Jitsu ,2025,Adult,Black,Male,Middle,1,Tainan Dalpra Costa,AOJ
Campeonato Brasileiro de Jiu-Jitsu ,2025,Adult,Black,Male,Medium-Heavy,1,Jansen Gomes Ramos,CheckMat
Campeonato Brasileiro de Jiu-Jitsu ,2025,Adult,Black,Male,Heavy,1,Adam Piotr Wardzinski,CheckMat
Campeonato Brasileiro de Jiu-Jitsu ,2025,Adult,Black,Male,Super-Heavy,1,Erich Munis dos Santos,Soldiers Jiu-Jitsu
Campeonato Brasileiro de Jiu-Jitsu ,2025,Adult,Black,Male,Ultra-Heavy,1,Marcus Vinicius Ribeiro de Siqueira,Alliance
Campeonato Brasileiro de Jiu-Jitsu ,2025,Adult,Black,Male,Enum_WeightDivision_Absoluto_Label,1,Erich Munis dos Santos,Soldiers Jiu-Jitsu
Campeonato Brasileiro de Jiu-Jitsu ,2025,Adult,Black,Male,Rooster,2,Yuri da Silva Campos,Brothers Club
Campeonato Brasileiro de Jiu-Jitsu ,2025,Adult,Black,Male,Light-Feather,2,Anderson Delfino Duarte Júnior,Soldiers Jiu-Jitsu
Campeonato Brasileiro de Jiu-Jitsu ,2025,Adult,Black,Male,Feather,2,Isaac Nolan Doederlein,Alliance
Campeonato Brasileiro de Jiu-Jitsu ,2025,Adult,Black,Male,Light,2,Luiz Paulo Carneiro Medeiros,Kvra Top Team
Campeonato Brasileiro de Jiu-Jitsu ,2025,Adult,Black,Male,Middle,2,Elijah Amir Dorsey,Team Lloyd Irvin
Campeonato Brasileiro de Jiu-Jitsu ,2025,Adult,Black,Male,Medium-Heavy,2,Davi Vetoraci de Menezes,Focus Jiu-Jitsu
Campeonato Brasileiro de Jiu-Jitsu ,2025,Adult,Black,Male,Heavy,2,Leonardo Silveira Ferreira,Alliance
Campeonato Brasileiro de Jiu-Jitsu ,2025,Adult,Black,Male,Super-Heavy,2,Nolan Patrick Braga Stuart,Brea Jiu-Jitsu
Campeonato Brasileiro de Jiu-Jitsu ,2025,Adult,Black,Male,Ultra-Heavy,2,Guilherme Soares Santos,Alliance
Campeonato Brasileiro de Jiu-Jitsu ,2025,Adult,Black,Male,Enum_WeightDivision_Absoluto_Label,2,Marcus Vinicius Ribeiro de Siqueira,Alliance
Campeonato Brasileiro de Jiu-Jitsu ,2025,Adult,Black,Male,Rooster,3,Aniel  Bonifacio Candido,GF Team
Campeonato Brasileiro de Jiu-Jitsu ,2025,Adult,Black,Male,Rooster,3,Oziel Santos de Carvalho,Fratres Brazilian Jiu-Jitsu
Campeonato Brasileiro de Jiu-Jitsu ,2025,Adult,Black,Male,Light-Feather,3,Jonathan da Silva Santos,Nova União
Campeonato Brasileiro de Jiu-Jitsu ,2025,Adult,Black,Male,Light-Feather,3,Nathannael Jackson Fonseca  Fernandes,Melqui Galvão BJJ
Campeonato Brasileiro de Jiu-Jitsu ,2025,Adult,Black,Male,Feather,3,Cleber de Sousa Fernandes,JFC Almeida JJ
Campeonato Brasileiro de Jiu-Jitsu ,2025,Adult,Black,Male,Feather,3,Giuliano Francesco Spera,Cicero Costha Internacional
Campeonato Brasileiro de Jiu-Jitsu ,2025,Adult,Black,Male,Light,3,Leandro Lima de Souza,Lotus Club
Campeonato Brasileiro de Jiu-Jitsu ,2025,Adult,Black,Male,Light,3,Lucas Andre Galvão Protasio,CheckMat
Campeonato Brasileiro de Jiu-Jitsu ,2025,Adult,Black,Male,Middle,3,Jefferson Alves Goteu,CheckMat
Campeonato Brasileiro de Jiu-Jitsu ,2025,Adult,Black,Male,Middle,3,Yuri Gabriel Rodrigues,Nova União
Campeonato Brasileiro de Jiu-Jitsu ,2025,Adult,Black,Male,Medium-Heavy,3,Matheus Vetoraci de Menezes,Focus Jiu-Jitsu
Campeonato Brasileiro de Jiu-Jitsu ,2025,Adult,Black,Male,Medium-Heavy,3,Uanderson Ferreira de Oliveira,Carlson Gracie Team
Campeonato Brasileiro de Jiu-Jitsu ,2025,Adult,Black,Male,Heavy,3,Pedro Henrique Pinheiro Machado de Souza,Atos Jiu-Jitsu
Campeonato Brasileiro de Jiu-Jitsu ,2025,Adult,Black,Male,Heavy,3,Vinicius Liberati,Fratres Brazilian Jiu-Jitsu
Campeonato Brasileiro de Jiu-Jitsu ,2025,Adult,Black,Male,Super-Heavy,3,Elioenai Julio de S. Braz,Team Crézio Lutas
Campeonato Brasileiro de Jiu-Jitsu ,2025,Adult,Black,Male,Super-Heavy,3,Lucas Jose Alves de Oliveira,Carlson Gracie Team
Campeonato Brasileiro de Jiu-Jitsu ,2025,Adult,Black,Male,Ultra-Heavy,3,Felipe Augusto Farias Bezerra,ROXBJJ
Campeonato Brasileiro de Jiu-Jitsu ,2025,Adult,Black,Male,Ultra-Heavy,3,Kjetil Hope Lydvo,CheckMat
Campeonato Brasileiro de Jiu-Jitsu ,2025,Adult,Black,Male,Enum_WeightDivision_Absoluto_Label,3,Felipe Augusto Farias Bezerra,ROXBJJ
Campeonato Brasileiro de Jiu-Jitsu ,2025,Adult,Black,Male,Enum_WeightDivision_Absoluto_Label,3,Pedro Henrique Pinheiro Machado de Souza,Atos Jiu-Jitsu
Campeonato Brasileiro de Jiu-Jitsu ,2025,Adult,Black,Female,Rooster,1,Mayssa Caldas Pereira Bastos,AOJ
Campeonato Brasileiro de Jiu-Jitsu ,2025,Adult,Black,Female,Light-Feather,1,Brenda Larissa Alves da Silva,Alliance
Campeonato Brasileiro de Jiu-Jitsu ,2025,Adult,Black,Female,Feather,1,Cassia Moura Remesar,LEAD BJJ
Campeonato Brasileiro de Jiu-Jitsu ,2025,Adult,Black,Female,Light,1,Janaina Maia de Menezes,AOJ
Campeonato Brasileiro de Jiu-Jitsu ,2025,Adult,Black,Female,Middle,1,Elisabeth Ann Clay,Ares BJJ
Campeonato Brasileiro de Jiu-Jitsu ,2025,Adult,Black,Female,Medium-Heavy,1,Maria Carolina Barón Vicentini,AOJ
Campeonato Brasileiro de Jiu-Jitsu ,2025,Adult,Black,Female,Heavy,1,Yara Soares do Nascimento,Fratres Brazilian Jiu-Jitsu
Campeonato Brasileiro de Jiu-Jitsu ,2025,Adult,Black,Female,Super-Heavy,1,Tayane Porfírio de Araújo,Alliance
Campeonato Brasileiro de Jiu-Jitsu ,2025,Adult,Black,Female,Enum_WeightDivision_Absoluto_Label,1,Gabrieli Pessanha de Souza Marinho,Infight JJ
Campeonato Brasileiro de Jiu-Jitsu ,2025,Adult,Black,Female,Rooster,2,Thaís Loureiro Felipe,Atos Jiu-Jitsu
Campeonato Brasileiro de Jiu-Jitsu ,2025,Adult,Black,Female,Light-Feather,2,Jessica Caroline Coelho Dantas,Pax Jiu-Jitsu Academy
Campeonato Brasileiro de Jiu-Jitsu ,2025,Adult,Black,Female,Feather,2,Margot Ciccarelli,AOJ
Campeonato Brasileiro de Jiu-Jitsu ,2025,Adult,Black,Female,Light,2,Brianna Ste-Marie,Mizu Studio
Campeonato Brasileiro de Jiu-Jitsu ,2025,Adult,Black,Female,Middle,2,Rebeca Ferreira de Lima,GF Team
Campeonato Brasileiro de Jiu-Jitsu ,2025,Adult,Black,Female,Medium-Heavy,2,Aurélie Le Vern,Six Blades Jiu-Jitsu
Campeonato Brasileiro de Jiu-Jitsu ,2025,Adult,Black,Female,Heavy,2,Tamiris Fernanda da Silva,DreamArt
Campeonato Brasileiro de Jiu-Jitsu ,2025,Adult,Black,Female,Super-Heavy,2,Gabrieli Pessanha de Souza Marinho,Infight JJ
Campeonato Brasileiro de Jiu-Jitsu ,2025,Adult,Black,Female,Enum_WeightDivision_Absoluto_Label,2,Yara Soares do Nascimento,Fratres Brazilian Jiu-Jitsu
Campeonato Brasileiro de Jiu-Jitsu ,2025,Adult,Black,Female,Rooster,3,Gabrielle Kari Etzel,Upper Twelve Jiu-Jitsu
Campeonato Brasileiro de Jiu-Jitsu ,2025,Adult,Black,Female,Rooster,3,Mariana Cabral Rolszt,Gracie Humaita South Bay
Campeonato Brasileiro de Jiu-Jitsu ,2025,Adult,Black,Female,Light-Feather,3,Andressa Nogueira Tolentino Guirau,Barreto
Campeonato Brasileiro de Jiu-Jitsu ,2025,Adult,Black,Female,Light-Feather,3,Polyanna Souza de Araujo,GF Team International
Campeonato Brasileiro de Jiu-Jitsu ,2025,Adult,Black,Female,Feather,3,Caroline Brunacio Vinhaes,GF Team
Campeonato Brasileiro de Jiu-Jitsu ,2025,Adult,Black,Female,Feather,3,Maria Luiza Nunes Pinto,JFC Almeida JJ
Campeonato Brasileiro de Jiu-Jitsu ,2025,Adult,Black,Female,Light,3,Maria Cláudia Almeida Silva,Infight JJ
Campeonato Brasileiro de Jiu-Jitsu ,2025,Adult,Black,Female,Light,3,Natália Zumba de Souza,JFC Almeida JJ
Campeonato Brasileiro de Jiu-Jitsu ,2025,Adult,Black,Female,Middle,3,Alexia Souza Arantes,Vision
Campeonato Brasileiro de Jiu-Jitsu ,2025,Adult,Black,Female,Middle,3,Gisele Constante Menezes Tavares,GF Team
Campeonato Brasileiro de Jiu-Jitsu ,2025,Adult,Black,Female,Medium-Heavy,3,Giovanna Xavier Carneiro,Fratres Brazilian Jiu-Jitsu
Campeonato Brasileiro de Jiu-Jitsu ,2025,Adult,Black,Female,Medium-Heavy,3,Sábatha Laís Francisco dos Santos,Fratres Brazilian Jiu-Jitsu
Campeonato Brasileiro de Jiu-Jitsu ,2025,Adult,Black,Female,Heavy,3,Giovanna Jara de Souza,Fratres Brazilian Jiu-Jitsu
Campeonato Brasileiro de Jiu-Jitsu ,2025,Adult,Black,Female,Heavy,3,Melissa Stricker Cueto,Alliance
Campeonato Brasileiro de Jiu-Jitsu ,2025,Adult,Black,Female,Super-Heavy,3,Isabely Generoso da Silva Lemos,GF Team
Campeonato Brasileiro de Jiu-Jitsu ,2025,Adult,Black,Female,Super-Heavy,3,Kauany Lorena Ramos Queiroz,GF Team International
Campeonato Brasileiro de Jiu-Jitsu ,2025,Adult,Black,Female,Enum_WeightDivision_Absoluto_Label,3,Isabely Generoso da Silva Lemos,GF Team
Campeonato Brasileiro de Jiu-Jitsu ,2025,Adult,Black,Female,Enum_WeightDivision_Absoluto_Label,3,Melissa Stricker Cueto,Alliance
Campeonato Brasileiro de Jiu-Jitsu ,2026,Adult,Black,Male,Rooster,1,Raimundo Ítalo Pereira de Almeida,Alliance
Campeonato Brasileiro de Jiu-Jitsu ,2026,Adult,Black,Male,Light-Feather,1,Rerisson dos Santos Gabriel,Alliance
Campeonato Brasileiro de Jiu-Jitsu ,2026,Adult,Black,Male,Feather,1,Meyram Maquiné Alves,Soldiers Jiu-Jitsu
Campeonato Brasileiro de Jiu-Jitsu ,2026,Adult,Black,Male,Light,1,Andy Tomas Murasaki Pereira,AOJ
Campeonato Brasileiro de Jiu-Jitsu ,2026,Adult,Black,Male,Middle,1,Tainan Dalpra Costa,AOJ
Campeonato Brasileiro de Jiu-Jitsu ,2026,Adult,Black,Male,Medium-Heavy,1,Alex Munis dos Santos,Soldiers Jiu-Jitsu
Campeonato Brasileiro de Jiu-Jitsu ,2026,Adult,Black,Male,Heavy,1,Leonardo Silveira Ferreira,Alliance
Campeonato Brasileiro de Jiu-Jitsu ,2026,Adult,Black,Male,Super-Heavy,1,Vinicius Liberati,Soldiers Jiu-Jitsu
Campeonato Brasileiro de Jiu-Jitsu ,2026,Adult,Black,Male,Ultra-Heavy,1,Gutemberg de Jesus Santos Pereira,CheckMat
Campeonato Brasileiro de Jiu-Jitsu ,2026,Adult,Black,Male,Open Class,1,Erich Munis dos Santos,Soldiers Jiu-Jitsu
Campeonato Brasileiro de Jiu-Jitsu ,2026,Adult,Black,Male,Rooster,2,Welerson Gonçalves da Silva,Nova União
Campeonato Brasileiro de Jiu-Jitsu ,2026,Adult,Black,Male,Light-Feather,2,Diego Oliveira Batista,AOJ
Campeonato Brasileiro de Jiu-Jitsu ,2026,Adult,Black,Male,Feather,2,Cleison dos Santos Gabriel,Alliance International
Campeonato Brasileiro de Jiu-Jitsu ,2026,Adult,Black,Male,Light,2,Luis Felipe da Silva Ribas,JFC Almeida JJ
Campeonato Brasileiro de Jiu-Jitsu ,2026,Adult,Black,Male,Middle,2,José Steve Nduazulu Ndilu,DreamArt
Campeonato Brasileiro de Jiu-Jitsu ,2026,Adult,Black,Male,Medium-Heavy,2,João Gabriel Galvão da Silva,Soldiers Jiu-Jitsu
Campeonato Brasileiro de Jiu-Jitsu ,2026,Adult,Black,Male,Heavy,2,Rider Zuchi Samelo do Amaral,Team 6 BJJ
Campeonato Brasileiro de Jiu-Jitsu ,2026,Adult,Black,Male,Super-Heavy,2,Erich Munis dos Santos,Soldiers Jiu-Jitsu
Campeonato Brasileiro de Jiu-Jitsu ,2026,Adult,Black,Male,Ultra-Heavy,2,Pedro Alex dos Santos Pimenta,Tata Fight Team - TFT BJJ
Campeonato Brasileiro de Jiu-Jitsu ,2026,Adult,Black,Male,Open Class,2,Gabriel de Sousa Ribeiro,Soldiers Jiu-Jitsu
Campeonato Brasileiro de Jiu-Jitsu ,2026,Adult,Black,Male,Rooster,3,Andrew Soares dos Santos,Vision
Campeonato Brasileiro de Jiu-Jitsu ,2026,Adult,Black,Male,Rooster,3,Oziel Santos de Carvalho,Fratres Brazilian Jiu-Jitsu
Campeonato Brasileiro de Jiu-Jitsu ,2026,Adult,Black,Male,Light-Feather,3,Carlos José Luiz Junior,Alliance
Campeonato Brasileiro de Jiu-Jitsu ,2026,Adult,Black,Male,Light-Feather,3,Shoya Ishiguro,Arta
Campeonato Brasileiro de Jiu-Jitsu ,2026,Adult,Black,Male,Feather,3,Giuliano Francesco Spera,PSLPB Cicero Costha
Campeonato Brasileiro de Jiu-Jitsu ,2026,Adult,Black,Male,Feather,3,Raimundo Diego Pinto Sodre,BJJ College Team
Campeonato Brasileiro de Jiu-Jitsu ,2026,Adult,Black,Male,Light,3,Ethan Roy Major,Jiu-Jitsu For Life Team
Campeonato Brasileiro de Jiu-Jitsu ,2026,Adult,Black,Male,Light,3,Sandrey Henrique da Silva de Paula,Ares BJJ
Campeonato Brasileiro de Jiu-Jitsu ,2026,Adult,Black,Male,Middle,3,Gabriel Ávila Queiroz Machado,Equipe Hugo Velasco Jiu-Jitsu
Campeonato Brasileiro de Jiu-Jitsu ,2026,Adult,Black,Male,Middle,3,José Matheus Macedo de Lira Luna,CheckMat
Campeonato Brasileiro de Jiu-Jitsu ,2026,Adult,Black,Male,Medium-Heavy,3,Lucas Gualberto Gomes Nascimento,Team 6 BJJ
Campeonato Brasileiro de Jiu-Jitsu ,2026,Adult,Black,Male,Medium-Heavy,3,Rui Alves Neto,DreamArt
Campeonato Brasileiro de Jiu-Jitsu ,2026,Adult,Black,Male,Heavy,3,Davi Vetoraci de Menezes,Blvckout Grappling
Campeonato Brasileiro de Jiu-Jitsu ,2026,Adult,Black,Male,Heavy,3,Fellipe Andrew Leandro Silva,AOJ
Campeonato Brasileiro de Jiu-Jitsu ,2026,Adult,Black,Male,Super-Heavy,3,Harryson Santana Pereira,Ataque Duplo
Campeonato Brasileiro de Jiu-Jitsu ,2026,Adult,Black,Male,Super-Heavy,3,Nolan Patrick Braga Stuart,Brea Jiu-Jitsu
Campeonato Brasileiro de Jiu-Jitsu ,2026,Adult,Black,Male,Ultra-Heavy,3,Gabriel de Sousa Ribeiro,Soldiers Jiu-Jitsu
Campeonato Brasileiro de Jiu-Jitsu ,2026,Adult,Black,Male,Ultra-Heavy,3,Seif-Eddine Houmine,GF Team
Campeonato Brasileiro de Jiu-Jitsu ,2026,Adult,Black,Male,Open Class,3,Harryson Santana Pereira,Ataque Duplo
Campeonato Brasileiro de Jiu-Jitsu ,2026,Adult,Black,Male,Open Class,3,Pedro Alex dos Santos Pimenta,Tata Fight Team - TFT BJJ
Campeonato Brasileiro de Jiu-Jitsu ,2026,Adult,Black,Female,Rooster,1,Mayssa Caldas Pereira Bastos,AOJ
Campeonato Brasileiro de Jiu-Jitsu ,2026,Adult,Black,Female,Light-Feather,1,Ashlee Funegra,AOJ
Campeonato Brasileiro de Jiu-Jitsu ,2026,Adult,Black,Female,Feather,1,Mia Funegra,AOJ
Campeonato Brasileiro de Jiu-Jitsu ,2026,Adult,Black,Female,Light,1,Sarah C. Firme Galvao,Atos Jiu-Jitsu
Campeonato Brasileiro de Jiu-Jitsu ,2026,Adult,Black,Female,Middle,1,Elisabeth Ann Clay,Six Blades Jiu-Jitsu
Campeonato Brasileiro de Jiu-Jitsu ,2026,Adult,Black,Female,Medium-Heavy,1,Maria Carolina Barón Vicentini,AOJ
Campeonato Brasileiro de Jiu-Jitsu ,2026,Adult,Black,Female,Heavy,1,Yara Soares do Nascimento,Fratres Brazilian Jiu-Jitsu
Campeonato Brasileiro de Jiu-Jitsu ,2026,Adult,Black,Female,Super-Heavy,1,Gabrieli Pessanha de Souza Marinho,Infight Jiu-Jitsu
Campeonato Brasileiro de Jiu-Jitsu ,2026,Adult,Black,Female,Open Class,1,Gabrieli Pessanha de Souza Marinho,Infight Jiu-Jitsu
Campeonato Brasileiro de Jiu-Jitsu ,2026,Adult,Black,Female,Rooster,2,Jessica Caroline Coelho Dantas,Pax Jiu-Jitsu Academy
Campeonato Brasileiro de Jiu-Jitsu ,2026,Adult,Black,Female,Light-Feather,2,Maria Luiza Nunes Pinto,JFC Almeida JJ
Campeonato Brasileiro de Jiu-Jitsu ,2026,Adult,Black,Female,Feather,2,Gabriela Andrelevicius Pereira,Brothers Club
Campeonato Brasileiro de Jiu-Jitsu ,2026,Adult,Black,Female,Light,2,Vitoria Carolina Araujo Vieira,GF Team
Campeonato Brasileiro de Jiu-Jitsu ,2026,Adult,Black,Female,Middle,2,Lillian Jane Marchand,Atos Jiu-Jitsu
Campeonato Brasileiro de Jiu-Jitsu ,2026,Adult,Black,Female,Medium-Heavy,2,Ingridd Alves de Sousa,BJJ College
Campeonato Brasileiro de Jiu-Jitsu ,2026,Adult,Black,Female,Heavy,2,Tamiris Fernanda da Silva,DreamArt
Campeonato Brasileiro de Jiu-Jitsu ,2026,Adult,Black,Female,Super-Heavy,2,Mikaela Barros de Lima,GF Team
Campeonato Brasileiro de Jiu-Jitsu ,2026,Adult,Black,Female,Open Class,2,Sarah C. Firme Galvao,Atos Jiu-Jitsu
Campeonato Brasileiro de Jiu-Jitsu ,2026,Adult,Black,Female,Rooster,3,Gabrielle Kari Etzel,Upper Twelve Jiu-Jitsu
Campeonato Brasileiro de Jiu-Jitsu ,2026,Adult,Black,Female,Rooster,3,Thaís Loureiro Felipe,Mekka Jiu-Jitsu
Campeonato Brasileiro de Jiu-Jitsu ,2026,Adult,Black,Female,Light-Feather,3,Andressa Nogueira Tolentino Guirau,Barreto
Campeonato Brasileiro de Jiu-Jitsu ,2026,Adult,Black,Female,Light-Feather,3,Vitória Damiana Silva de Assis,Double Five
Campeonato Brasileiro de Jiu-Jitsu ,2026,Adult,Black,Female,Feather,3,Giovanah Oliveira da Silva,JFC Almeida JJ
Campeonato Brasileiro de Jiu-Jitsu ,2026,Adult,Black,Female,Feather,3,Keanna Carolyn Klay,Gracie Barra
Campeonato Brasileiro de Jiu-Jitsu ,2026,Adult,Black,Female,Light,3,Randryely da Silva Souza,Qatar BJJ Brasil
Campeonato Brasileiro de Jiu-Jitsu ,2026,Adult,Black,Female,Light,3,Stéphanie Caroline Delphine Faure,CheckMat
Campeonato Brasileiro de Jiu-Jitsu ,2026,Adult,Black,Female,Middle,3,Gisele Constante Menezes Tavares,GF Team
Campeonato Brasileiro de Jiu-Jitsu ,2026,Adult,Black,Female,Middle,3,Larissa Martins dos Santos,DreamArt
Campeonato Brasileiro de Jiu-Jitsu ,2026,Adult,Black,Female,Medium-Heavy,3,Giovanna Xavier Carneiro,GF Team
Campeonato Brasileiro de Jiu-Jitsu ,2026,Adult,Black,Female,Medium-Heavy,3,Sábatha Laís Francisco dos Santos,Fratres Brazilian Jiu-Jitsu
Campeonato Brasileiro de Jiu-Jitsu ,2026,Adult,Black,Female,Heavy,3,Isabely Sanches Ribeiro,Lotus Club
Campeonato Brasileiro de Jiu-Jitsu ,2026,Adult,Black,Female,Heavy,3,Natacha Amanda Ribeiro da Silva,Gracie Barra
Campeonato Brasileiro de Jiu-Jitsu ,2026,Adult,Black,Female,Super-Heavy,3,Marina Carraro Penedo,JFC Almeida JJ
Campeonato Brasileiro de Jiu-Jitsu ,2026,Adult,Black,Female,Open Class,3,Ana Beatriz Santos da Silva,Esporte Dez / Instituto Calasans Camargo
Campeonato Brasileiro de Jiu-Jitsu ,2026,Adult,Black,Female,Open Class,3,Giovanah Oliveira da Silva,JFC Almeida JJ
