Tournament,Year,Age,Belt,Gender,Weight Class,Placing,Competitor Name,Academy Name
European Jiu-Jitsu IBJJF Championship,2004,Adult,Black,Male,Light Feather,1,Wellington Dias,Gracie Humaita
European Jiu-Jitsu IBJJF Championship,2004,Adult,Black,Male,Feather,1,Carlos Lemos Jr,Gracie Barra
European Jiu-Jitsu IBJJF Championship,2004,Adult,Black,Male,Light,1,Carlos Eduardo Vieira,Cia Paulista
European Jiu-Jitsu IBJJF Championship,2004,Adult,Black,Male,Middle,1,Joao Felipe Oliveira,Gracie Barra
European Jiu-Jitsu IBJJF Championship,2004,Adult,Black,Male,Medium Heavy,1,Reinaldo Ramos,Kimura Portugal
European Jiu-Jitsu IBJJF Championship,2004,Adult,Black,Male,Ultra Heavy,1,Lucio Rodrigues,Gracie Barra
European Jiu-Jitsu IBJJF Championship,2004,Adult,Black,Male,Open Class,1,Lucio Rodrigues,Gracie Barra
European Jiu-Jitsu IBJJF Championship,2004,Adult,Black,Male,Feather,2,Anderson Pereira,Gracie Geneve
European Jiu-Jitsu IBJJF Championship,2004,Adult,Black,Male,Light,2,Sergio Vita,Sandro Bala/Sergio Vita
European Jiu-Jitsu IBJJF Championship,2004,Adult,Black,Male,Middle,2,Vitor Nobrega do Nascimento,Laerte Barcelos
European Jiu-Jitsu IBJJF Championship,2004,Adult,Black,Male,Ultra Heavy,2,Carlos Santos,Brazilian Top Team
European Jiu-Jitsu IBJJF Championship,2004,Adult,Black,Male,Open Class,2,Joao Felipe,Gracie Barra
European Jiu-Jitsu IBJJF Championship,2004,Adult,Black,Male,Feather,3,Thelmo Calmon,Gracie Barra BH
European Jiu-Jitsu IBJJF Championship,2004,Adult,Black,Male,Light,3,Hugo Leandro Rosa,Educacional Araxa
European Jiu-Jitsu IBJJF Championship,2004,Adult,Black,Male,Light,3,Lauro Figueroa,Gracie Barra Portugal
European Jiu-Jitsu IBJJF Championship,2004,Adult,Black,Male,Middle,3,Hugo Leonardo Velasco,Educacional Araxa
European Jiu-Jitsu IBJJF Championship,2004,Adult,Black,Male,Open Class,3,Wellington Dias,Gracie Humaita
European Jiu-Jitsu IBJJF Championship,2004,Adult,Black,Male,Open Class,3,Reinaldo Ramos,Kimura Portugal
European Jiu-Jitsu IBJJF Championship,2004,Adult,Purple Brown Black,Female,Light,1,Mariana Coelho,Gracie Barra
European Jiu-Jitsu IBJJF Championship,2004,Adult,Purple Brown Black,Female,Middle,1,Carolina Prado,Gracie Barra Portugal
European Jiu-Jitsu IBJJF Championship,2004,Adult,Purple Brown Black,Female,Light,2,Ana Paula Reis Teixeira,Anibal
European Jiu-Jitsu IBJJF Championship,2005,Adult,Black,Male,Feather,1,Augusto Silva,Gracie Barra
European Jiu-Jitsu IBJJF Championship,2005,Adult,Black,Male,Light Feather,1,Wellington Dias,Gracie Humaita
European Jiu-Jitsu IBJJF Championship,2005,Adult,Black,Male,Light,1,Renato Migliaccio,Gracie Barra
European Jiu-Jitsu IBJJF Championship,2005,Adult,Black,Male,Middle,1,Fabricio Camoes,Gracie Barcelona
European Jiu-Jitsu IBJJF Championship,2005,Adult,Black,Male,Medium Heavy,1,Ronaldo Souza,Brasa
European Jiu-Jitsu IBJJF Championship,2005,Adult,Black,Male,Heavy,1,Lucio Rodrigues,Gracie Barra
European Jiu-Jitsu IBJJF Championship,2005,Adult,Black,Male,Super Heavy,1,Roberto De Abreu,Nova Geração
European Jiu-Jitsu IBJJF Championship,2005,Adult,Black,Male,Ultra Heavy,1,Roger Gracie,Gracie Barra
European Jiu-Jitsu IBJJF Championship,2005,Adult,Black,Male,Open Class,1,Roger Gracie,Gracie Barra
European Jiu-Jitsu IBJJF Championship,2005,Adult,Black,Male,Light,2,Mauro Chueng,Rio Grappling Club
European Jiu-Jitsu IBJJF Championship,2005,Adult,Black,Male,Middle,2,Fabricio Nascimento,Kimura Nova Uniao
European Jiu-Jitsu IBJJF Championship,2005,Adult,Black,Male,Medium Heavy,2,Vitor Nobrega,Osvaldo Alves
European Jiu-Jitsu IBJJF Championship,2005,Adult,Black,Male,Heavy,2,Fernando Di Piero,Alliance
European Jiu-Jitsu IBJJF Championship,2005,Adult,Black,Male,Super Heavy,2,Leonardo Ramos,Gracie Curitiba
European Jiu-Jitsu IBJJF Championship,2005,Adult,Black,Male,Open Class,2,Ronaldo Souza,Brasa
European Jiu-Jitsu IBJJF Championship,2005,Adult,Black,Male,Light,3,Sergio Vita,Gracie Barra
European Jiu-Jitsu IBJJF Championship,2005,Adult,Black,Male,Middle,3,David Giorsetti,Gracie Barra Côte D’Azur
European Jiu-Jitsu IBJJF Championship,2005,Adult,Black,Male,Open Class,3,Fernando Di Piero,Alliance
European Jiu-Jitsu IBJJF Championship,2005,Adult,Black,Male,Open Class,3,Lucio Rodrigues,Gracie Barra
European Jiu-Jitsu IBJJF Championship,2005,Adult,Purple Brown Black,Female,Feather,1,Leticia Ribeiro,Gracie Barcelona
European Jiu-Jitsu IBJJF Championship,2006,Adult,Black,Male,Light Feather,1,Augustin Climent,Sukata Alicante
European Jiu-Jitsu IBJJF Championship,2006,Adult,Black,Male,Feather,1,Wellington Dias,Gracie Humaita
European Jiu-Jitsu IBJJF Championship,2006,Adult,Black,Male,Light,1,Christian Uflacker,Gracie Barra
European Jiu-Jitsu IBJJF Championship,2006,Adult,Black,Male,Middle,1,Leonardo Peçanha,Nova Uniao
European Jiu-Jitsu IBJJF Championship,2006,Adult,Black,Male,Medium Heavy,1,Eduardo Rios,Brazilian Top Team
European Jiu-Jitsu IBJJF Championship,2006,Adult,Black,Male,Heavy,1,Alessandro Nunes,Gracie Barra
European Jiu-Jitsu IBJJF Championship,2006,Adult,Black,Male,Ultra Heavy,1,Vitor Costa,Brasa
European Jiu-Jitsu IBJJF Championship,2006,Adult,Black,Male,Open Class,1,Mario Reis,MW Spain
European Jiu-Jitsu IBJJF Championship,2006,Adult,Black,Male,Light Feather,2,Bruno Cezar Moreno,Kimura
European Jiu-Jitsu IBJJF Championship,2006,Adult,Black,Male,Feather,2,Pedro Silveira,Pejor
European Jiu-Jitsu IBJJF Championship,2006,Adult,Black,Male,Light,2,Claudio de Matos,Gracie Barra BH
European Jiu-Jitsu IBJJF Championship,2006,Adult,Black,Male,Middle,2,Felipe Souza,Roger Gracie Academy
European Jiu-Jitsu IBJJF Championship,2006,Adult,Black,Male,Medium Heavy,2,Filipe Oliveira,Gracie Barra
European Jiu-Jitsu IBJJF Championship,2006,Adult,Black,Male,Heavy,2,Dinarte Lima Jr,Kimura
European Jiu-Jitsu IBJJF Championship,2006,Adult,Black,Male,Ultra Heavy,2,Pedro Galliza,Brazilian Top Team
European Jiu-Jitsu IBJJF Championship,2006,Adult,Black,Male,Open Class,2,Victor Costa,Brasa
European Jiu-Jitsu IBJJF Championship,2006,Adult,Black,Male,Light,3,Carlos Eduardo Vieira,Cia Paulista
European Jiu-Jitsu IBJJF Championship,2006,Adult,Black,Male,Light,3,Rafael dos Anjos,Gracie Barra
European Jiu-Jitsu IBJJF Championship,2006,Adult,Black,Male,Middle,3,Fabricio Nascimento,Fabricio Nascimento
European Jiu-Jitsu IBJJF Championship,2006,Adult,Black,Male,Middle,3,Marcelo Bernardo,Brazilian Power
European Jiu-Jitsu IBJJF Championship,2006,Adult,Black,Male,Medium Heavy,3,Renato Tavares,Brazilian Top Team
European Jiu-Jitsu IBJJF Championship,2006,Adult,Black,Male,Medium Heavy,3,Gilles Arsene,Carlson Gracie Team
European Jiu-Jitsu IBJJF Championship,2006,Adult,Black,Male,Heavy,3,Gilberto Bastos Jr,Franco Penteado
European Jiu-Jitsu IBJJF Championship,2006,Adult,Black,Male,Heavy,3,Luis Roberto Pereira,Yamasaki Academy
European Jiu-Jitsu IBJJF Championship,2006,Adult,Black,Male,Ultra Heavy,3,Jose Mario Rangel,Carioca BJJ
European Jiu-Jitsu IBJJF Championship,2006,Adult,Black,Male,Open Class,3,Leonardo Peçanha,Nova Uniao Campos
European Jiu-Jitsu IBJJF Championship,2006,Adult,Black,Male,Open Class,3,Felipe Souza,Roger Gracie Academy
European Jiu-Jitsu IBJJF Championship,2006,Adult,Purple Brown Black,Female,Light,1,Carmen Jahnke,Gracie Barra Lisboa
European Jiu-Jitsu IBJJF Championship,2006,Adult,Purple Brown Black,Female,Middle,1,Camilla Gjelsten,Frontline
European Jiu-Jitsu IBJJF Championship,2006,Adult,Purple Brown Black,Female,Middle,2,Monica Vanessa,Sandro Bala Team
European Jiu-Jitsu IBJJF Championship,2006,Adult,Purple Brown Black,Female,Middle,3,Devi Ahuja,Frontline
European Jiu-Jitsu IBJJF Championship,2006,Adult,Purple Brown Black,Female,Middle,3,Sara Fonseca,Brazilian Power
European Jiu-Jitsu IBJJF Championship,2007,Adult,Black,Male,Light Feather,1,Anderson Pereira,Brazilian Top Team
European Jiu-Jitsu IBJJF Championship,2007,Adult,Black,Male,Feather,1,Reinaldo Ribeiro,Brasa
European Jiu-Jitsu IBJJF Championship,2007,Adult,Black,Male,Light,1,Philipe Della Monica,Gracie Barra Caveirinha
European Jiu-Jitsu IBJJF Championship,2007,Adult,Black,Male,Middle,1,Alan Nascimento,Brasa
European Jiu-Jitsu IBJJF Championship,2007,Adult,Black,Male,Medium Heavy,1,Raphael Abi-Rihan,Carlson Gracie Team
European Jiu-Jitsu IBJJF Championship,2007,Adult,Black,Male,Heavy,1,Braulio Estima,Gracie Barra
European Jiu-Jitsu IBJJF Championship,2007,Adult,Black,Male,Super Heavy,1,Rafael Lovato Jr,Saulo Ribeiro
European Jiu-Jitsu IBJJF Championship,2007,Adult,Black,Male,Ultra Heavy,1,Bruno Dos Santos,Brasa
European Jiu-Jitsu IBJJF Championship,2007,Adult,Black,Male,Open Class,1,Braulio Estima,Gracie Barra
European Jiu-Jitsu IBJJF Championship,2007,Adult,Black,Male,Light Feather,2,Alexandre Vasconcelos,Gracie Barra Caveirinha
European Jiu-Jitsu IBJJF Championship,2007,Adult,Black,Male,Feather,2,Wellington Dias,Gracie Humaita
European Jiu-Jitsu IBJJF Championship,2007,Adult,Black,Male,Light,2,Carlos Eduardo,Gracie Barra Caveirinha
European Jiu-Jitsu IBJJF Championship,2007,Adult,Black,Male,Middle,2,Yan Cabral,Aranha Toulouse
European Jiu-Jitsu IBJJF Championship,2007,Adult,Black,Male,Medium Heavy,2,Antonio Sergio Cardoso,Carlson Gracie Team
European Jiu-Jitsu IBJJF Championship,2007,Adult,Black,Male,Heavy,2,Lucio Rodrigues,Gracie Barra
European Jiu-Jitsu IBJJF Championship,2007,Adult,Black,Male,Super Heavy,2,Bruno Carvalho,Edson Carvalho
European Jiu-Jitsu IBJJF Championship,2007,Adult,Black,Male,Ultra Heavy,2,Leonardo Ramos,Gracie Barra Reus
European Jiu-Jitsu IBJJF Championship,2007,Adult,Black,Male,Open Class,2,Alexandre Ribeiro,Saulo Ribeiro
European Jiu-Jitsu IBJJF Championship,2007,Adult,Black,Male,Light Feather,3,Manoel Renato,Gracie Floriana?polis
European Jiu-Jitsu IBJJF Championship,2007,Adult,Black,Male,Light Feather,3,Augustin Climent,Sukata Alicante
European Jiu-Jitsu IBJJF Championship,2007,Adult,Black,Male,Feather,3,Gilson Dos Santos,Carlson Gracie Team
European Jiu-Jitsu IBJJF Championship,2007,Adult,Black,Male,Feather,3,Fernando Emanuel,De La Riva
European Jiu-Jitsu IBJJF Championship,2007,Adult,Black,Male,Light,3,Naoyoshi Watanabe,Tri-Force
European Jiu-Jitsu IBJJF Championship,2007,Adult,Black,Male,Light,3,Silvio Alberto,Maromba Jj
European Jiu-Jitsu IBJJF Championship,2007,Adult,Black,Male,Middle,3,Marcus Carvalho,Gracie Barra Caveirinha
European Jiu-Jitsu IBJJF Championship,2007,Adult,Black,Male,Middle,3,Aldo Januario,Gracie Barra Caveirinha
European Jiu-Jitsu IBJJF Championship,2007,Adult,Black,Male,Medium Heavy,3,Felipe Amancio Dias,Akxe Bjj
European Jiu-Jitsu IBJJF Championship,2007,Adult,Black,Male,Heavy,3,Fernando Di Pierro,Alliance
European Jiu-Jitsu IBJJF Championship,2007,Adult,Black,Male,Super Heavy,3,Marcelo Bernardo,Brazilian Power
European Jiu-Jitsu IBJJF Championship,2007,Adult,Black,Male,Ultra Heavy,3,Ulpiano Malachias,Gracie Barra
European Jiu-Jitsu IBJJF Championship,2007,Adult,Black,Male,Ultra Heavy,3,Jose Mario Rangel,Carioca Brazilian Jj
European Jiu-Jitsu IBJJF Championship,2007,Adult,Black,Male,Open Class,3,Rafael Lovato Jr,Saulo Ribeiro
European Jiu-Jitsu IBJJF Championship,2007,Adult,Black,Male,Open Class,3,Lucio Rodrigues,Gracie Barra
European Jiu-Jitsu IBJJF Championship,2007,Adult,Brown Black,Female,Light,1,Luciana Dias,Gracie Humaita
European Jiu-Jitsu IBJJF Championship,2008,Adult,Black,Male,Rooster,1,Wekcilley Lima,Swiss Morges Team
European Jiu-Jitsu IBJJF Championship,2008,Adult,Black,Male,Light Feather,1,Felipe Costa,Brasa
European Jiu-Jitsu IBJJF Championship,2008,Adult,Black,Male,Feather,1,Reinaldo Ribeiro,Brasa
European Jiu-Jitsu IBJJF Championship,2008,Adult,Black,Male,Light,1,Michel Maia,Sul JJ
European Jiu-Jitsu IBJJF Championship,2008,Adult,Black,Male,Middle,1,Alan do Nascimento,Brasa
European Jiu-Jitsu IBJJF Championship,2008,Adult,Black,Male,Medium Heavy,1,Alexandre de Souza,Gracie Florianopolis
European Jiu-Jitsu IBJJF Championship,2008,Adult,Black,Male,Heavy,1,Valdir Araujo de Lima Junior,Osvaldo Alves
European Jiu-Jitsu IBJJF Championship,2008,Adult,Black,Male,Super Heavy,1,Marcel Fortuna,Gracie Florianopolis
European Jiu-Jitsu IBJJF Championship,2008,Adult,Black,Male,Ultra Heavy,1,Luis Felipe de Oliveira,Godoi JJ Club
European Jiu-Jitsu IBJJF Championship,2008,Adult,Black,Male,Open Class,1,Alexandre Souza,Gracie Florianopolis
European Jiu-Jitsu IBJJF Championship,2008,Adult,Black,Male,Rooster,2,Pablo Teixeira,Brazilian Fight
European Jiu-Jitsu IBJJF Championship,2008,Adult,Black,Male,Light Feather,2,Bernardo Pitel,Nova Uniao
European Jiu-Jitsu IBJJF Championship,2008,Adult,Black,Male,Feather,2,Anderson Ailva,Alliance
European Jiu-Jitsu IBJJF Championship,2008,Adult,Black,Male,Light,2,Eduardo Pessoa Correa,Nova Uniao
European Jiu-Jitsu IBJJF Championship,2008,Adult,Black,Male,Middle,2,Otavio Souza,Gracie Barra
European Jiu-Jitsu IBJJF Championship,2008,Adult,Black,Male,Medium Heavy,2,Ricardo Oliveira,NCT Suisse
European Jiu-Jitsu IBJJF Championship,2008,Adult,Black,Male,Heavy,2,Renato Tavares de Moraes,Frontline
European Jiu-Jitsu IBJJF Championship,2008,Adult,Black,Male,Super Heavy,2,Hakim Gouran,BJJ Belgium
European Jiu-Jitsu IBJJF Championship,2008,Adult,Black,Male,Ultra Heavy,2,Marcio Corleta,Winner
European Jiu-Jitsu IBJJF Championship,2008,Adult,Black,Male,Open Class,2,Luis Felipe Teodoro,Godoi JJ Club
European Jiu-Jitsu IBJJF Championship,2008,Adult,Black,Male,Light Feather,3,Edvaldo Mota,Gracie Barra Caveirinha
European Jiu-Jitsu IBJJF Championship,2008,Adult,Black,Male,Light Feather,3,Rodrigo Pereira,Integração
European Jiu-Jitsu IBJJF Championship,2008,Adult,Black,Male,Feather,3,Berilo Ferreira Junior,Brazilian Top Team
European Jiu-Jitsu IBJJF Championship,2008,Adult,Black,Male,Feather,3,Wellington Dias,Gracie Humaita
European Jiu-Jitsu IBJJF Championship,2008,Adult,Black,Male,Light,3,Paulo Sergio de Souza,Prana JJ
European Jiu-Jitsu IBJJF Championship,2008,Adult,Black,Male,Light,3,Augusto Mendes,Renovação
European Jiu-Jitsu IBJJF Championship,2008,Adult,Black,Male,Middle,3,Victor Estima,Gracie Barra
European Jiu-Jitsu IBJJF Championship,2008,Adult,Black,Male,Middle,3,Felippe Porto,Brasa
European Jiu-Jitsu IBJJF Championship,2008,Adult,Black,Male,Medium Heavy,3,Eduardo Rios,Brazilian Top Team
European Jiu-Jitsu IBJJF Championship,2008,Adult,Black,Male,Medium Heavy,3,Flavio Serafim,Brazilian Top Team
European Jiu-Jitsu IBJJF Championship,2008,Adult,Black,Male,Heavy,3,Marcelo Bernardo,Brazilian Power
European Jiu-Jitsu IBJJF Championship,2008,Adult,Black,Male,Heavy,3,Mariusz Linke,Macaco Gold Team
European Jiu-Jitsu IBJJF Championship,2008,Adult,Black,Male,Super Heavy,3,Alessandro de Oliveira,Gracie Barra Nantes
European Jiu-Jitsu IBJJF Championship,2008,Adult,Black,Male,Super Heavy,3,Thiago Stefanutti,Maromba JJ
European Jiu-Jitsu IBJJF Championship,2008,Adult,Black,Male,Ultra Heavy,3,Jose Mario Rangel,Carioca Brazilian JJ
European Jiu-Jitsu IBJJF Championship,2008,Adult,Black,Male,Ultra Heavy,3,Leonardo Ramos,Gracie Barra Reus
European Jiu-Jitsu IBJJF Championship,2008,Adult,Black,Male,Open Class,3,Flavio Serafim,Brazilian Top Team
European Jiu-Jitsu IBJJF Championship,2008,Adult,Black,Male,Open Class,3,Victor Estima,Gracie Barra
European Jiu-Jitsu IBJJF Championship,2009,Adult,Black,Male,Light Feather,1,Pablo Santos,Gracie Barra BH
European Jiu-Jitsu IBJJF Championship,2009,Adult,Black,Male,Feather,1,Mario Reis,Gracie Barra Culver City
European Jiu-Jitsu IBJJF Championship,2009,Adult,Black,Male,Light,1,Michael Langui,Alliance
European Jiu-Jitsu IBJJF Championship,2009,Adult,Black,Male,Middle,1,Kron Gracie,Gracie Humaita
European Jiu-Jitsu IBJJF Championship,2009,Adult,Black,Male,Medium Heavy,1,Alan do Nascimento,Check Mat Bjj
European Jiu-Jitsu IBJJF Championship,2009,Adult,Black,Male,Heavy,1,Braulio Estima,Gracie Barra
European Jiu-Jitsu IBJJF Championship,2009,Adult,Black,Male,Super Heavy,1,Rodrigo Cavaca,Check Mat Bjj
European Jiu-Jitsu IBJJF Championship,2009,Adult,Black,Male,Ultra Heavy,1,Marcio Cruz,Gordo JJ
European Jiu-Jitsu IBJJF Championship,2009,Adult,Black,Male,Open Class,1,Braulio Estima,Gracie Barra
European Jiu-Jitsu IBJJF Championship,2009,Adult,Black,Male,Light Feather,2,Edvaldo Mota,Gracie Barra Italia
European Jiu-Jitsu IBJJF Championship,2009,Adult,Black,Male,Feather,2,Wellington Dias,Gracie Humaita
European Jiu-Jitsu IBJJF Championship,2009,Adult,Black,Male,Light,2,Daisuke Sugie,ALIVE
European Jiu-Jitsu IBJJF Championship,2009,Adult,Black,Male,Middle,2,Yan Cabral,Aranha Toulouse
European Jiu-Jitsu IBJJF Championship,2009,Adult,Black,Male,Medium Heavy,2,Otavio Sousa,Gracie Barra
European Jiu-Jitsu IBJJF Championship,2009,Adult,Black,Male,Heavy,2,Alexandre de Souza,Gracie Florianopolis
European Jiu-Jitsu IBJJF Championship,2009,Adult,Black,Male,Super Heavy,2,Lucio Rodrigues,Gracie Barra
European Jiu-Jitsu IBJJF Championship,2009,Adult,Black,Male,Ultra Heavy,2,Victor Costa,Check Mat Bjj
European Jiu-Jitsu IBJJF Championship,2009,Adult,Black,Male,Open Class,2,Alexandre Souza,Gracie Florianopolis
European Jiu-Jitsu IBJJF Championship,2009,Adult,Black,Male,Light Feather,3,Pablo Teixeira,Brazilian Fight
European Jiu-Jitsu IBJJF Championship,2009,Adult,Black,Male,Light Feather,3,Rodrigo Pereira,Integração JJ Portugal
European Jiu-Jitsu IBJJF Championship,2009,Adult,Black,Male,Feather,3,Takumi Nakayama,Paraestra Osaka
European Jiu-Jitsu IBJJF Championship,2009,Adult,Black,Male,Feather,3,Joao Catisti,Atos
European Jiu-Jitsu IBJJF Championship,2009,Adult,Black,Male,Light,3,Thibaut Olivier,Gokudo
European Jiu-Jitsu IBJJF Championship,2009,Adult,Black,Male,Light,3,Carlos Eduardo Ferreira,Gracie Barra Hamburg
European Jiu-Jitsu IBJJF Championship,2009,Adult,Black,Male,Middle,3,Pedro Bessa,Nine Nine
European Jiu-Jitsu IBJJF Championship,2009,Adult,Black,Male,Middle,3,David Vieira da Silva,Gracie Barra
European Jiu-Jitsu IBJJF Championship,2009,Adult,Black,Male,Medium Heavy,3,Maximiliano Carvalho,Gracie Barra Hungria
European Jiu-Jitsu IBJJF Championship,2009,Adult,Black,Male,Medium Heavy,3,Felipe Mota,Akxe BJJ
European Jiu-Jitsu IBJJF Championship,2009,Adult,Black,Male,Heavy,3,Flavio Almeida,Gracie Barra
European Jiu-Jitsu IBJJF Championship,2009,Adult,Black,Male,Heavy,3,Eduardo Telles,Nine Nine
European Jiu-Jitsu IBJJF Championship,2009,Adult,Black,Male,Super Heavy,3,Hakim Gouram,BJJ.BE
European Jiu-Jitsu IBJJF Championship,2009,Adult,Black,Male,Super Heavy,3,Helvecio Penna Neto,De La Riva
European Jiu-Jitsu IBJJF Championship,2009,Adult,Black,Male,Ultra Heavy,3,Jose Mario Rangel,Gracie Florianopolis
European Jiu-Jitsu IBJJF Championship,2009,Adult,Black,Male,Ultra Heavy,3,Henrique Marcos,Nova Uniao
European Jiu-Jitsu IBJJF Championship,2009,Adult,Black,Male,Open Class,3,Eduardo Telles,Nine Nine
European Jiu-Jitsu IBJJF Championship,2009,Adult,Black,Male,Open Class,3,Alan do Nascimento,Check Mat Bjj
European Jiu-Jitsu IBJJF Championship,2009,Adult,Brown Black,Female,Feather,1,Virigina Macedo,Brazilian Power
European Jiu-Jitsu IBJJF Championship,2009,Adult,Brown Black,Female,Middle,1,Monica Silva,Sandro Bala e Julio Pudim
European Jiu-Jitsu IBJJF Championship,2009,Adult,Brown Black,Female,Open Class,1,Monica Silva,Sandro Bala e Julio Pudim
European Jiu-Jitsu IBJJF Championship,2009,Adult,Brown Black,Female,Open Class,2,Virigina Macedo,Brazilian Power
European Jiu-Jitsu IBJJF Championship,2010,Adult,Black,Male,Rooster,1,Bruno Malfacine,Alliance
European Jiu-Jitsu IBJJF Championship,2010,Adult,Black,Male,Light Feather,1,Laercio Fernandes,Atos
European Jiu-Jitsu IBJJF Championship,2010,Adult,Black,Male,Feather,1,Rafael Mendes,Atos
European Jiu-Jitsu IBJJF Championship,2010,Adult,Black,Male,Light,1,Lucas Lepri,Alliance
European Jiu-Jitsu IBJJF Championship,2010,Adult,Black,Male,Middle,1,Gustavo Campos,Atos
European Jiu-Jitsu IBJJF Championship,2010,Adult,Black,Male,Medium Heavy,1,Tarsis Humpreys,Alliance
European Jiu-Jitsu IBJJF Championship,2010,Adult,Black,Male,Heavy,1,Fabio Gurgel,Alliance
European Jiu-Jitsu IBJJF Championship,2010,Adult,Black,Male,Super Heavy,1,Ricardo Abreu,Nova Uniao
European Jiu-Jitsu IBJJF Championship,2010,Adult,Black,Male,Ultra Heavy,1,Rodrigo Cavaca,Checkmat Bjj
European Jiu-Jitsu IBJJF Championship,2010,Adult,Black,Male,Open Class,1,Gustavo Campos,Atos
European Jiu-Jitsu IBJJF Championship,2010,Adult,Black,Male,Rooster,2,Wekcilley Cruz,Atos
European Jiu-Jitsu IBJJF Championship,2010,Adult,Black,Male,Light Feather,2,Pablo Silva,Gracie Barra
European Jiu-Jitsu IBJJF Championship,2010,Adult,Black,Male,Feather,2,Renan Borges,Brazilian Top Team
European Jiu-Jitsu IBJJF Championship,2010,Adult,Black,Male,Light,2,Michael Langhi,Alliance
European Jiu-Jitsu IBJJF Championship,2010,Adult,Black,Male,Middle,2,Rodrigo Caporal,Atos
European Jiu-Jitsu IBJJF Championship,2010,Adult,Black,Male,Medium Heavy,2,Maximiliano Carvalho,Gracie Barra Hungria
European Jiu-Jitsu IBJJF Championship,2010,Adult,Black,Male,Heavy,2,Bernardo Faria,Alliance
European Jiu-Jitsu IBJJF Championship,2010,Adult,Black,Male,Super Heavy,2,Fernando de Piero,Alliance
European Jiu-Jitsu IBJJF Championship,2010,Adult,Black,Male,Ultra Heavy,2,Antonio Peinado,Alliance
European Jiu-Jitsu IBJJF Championship,2010,Adult,Black,Male,Open Class,2,Rodrigo Cavaca,Checkmat Bjj
European Jiu-Jitsu IBJJF Championship,2010,Adult,Black,Male,Rooster,3,Andrea Verdemare,Tribe JJ Roma
European Jiu-Jitsu IBJJF Championship,2010,Adult,Black,Male,Light Feather,3,Laercio Fernandes,Cia Paulista
European Jiu-Jitsu IBJJF Championship,2010,Adult,Black,Male,Light Feather,3,Tomoya Yanagisawa,Purebred
European Jiu-Jitsu IBJJF Championship,2010,Adult,Black,Male,Feather,3,Wellington Dias,Gracie Humaita
European Jiu-Jitsu IBJJF Championship,2010,Adult,Black,Male,Feather,3,Eduardo Ramos,Atos
European Jiu-Jitsu IBJJF Championship,2010,Adult,Black,Male,Light,3,Jonathan Torres,Lloyd Irvin
European Jiu-Jitsu IBJJF Championship,2010,Adult,Black,Male,Light,3,Helder Medeiros,Checkmat Bjj
European Jiu-Jitsu IBJJF Championship,2010,Adult,Black,Male,Middle,3,Rogel Monsalve,Alliance
European Jiu-Jitsu IBJJF Championship,2010,Adult,Black,Male,Middle,3,Gilbert Burns,Atos
European Jiu-Jitsu IBJJF Championship,2010,Adult,Black,Male,Medium Heavy,3,Vitor Toledo,Atos
European Jiu-Jitsu IBJJF Championship,2010,Adult,Black,Male,Medium Heavy,3,Marcelo Bernardo,Brazilian Power
European Jiu-Jitsu IBJJF Championship,2010,Adult,Black,Male,Heavy,3,Igor Silva,Brasa
European Jiu-Jitsu IBJJF Championship,2010,Adult,Black,Male,Heavy,3,Marko Helen,Hilti BJJ
European Jiu-Jitsu IBJJF Championship,2010,Adult,Black,Male,Super Heavy,3,Luiz Fernando Mendonca,Erosion BJJ
European Jiu-Jitsu IBJJF Championship,2010,Adult,Black,Male,Super Heavy,3,Helvecio Penna,De La Riva
European Jiu-Jitsu IBJJF Championship,2010,Adult,Black,Male,Ultra Heavy,3,Reinaldo Ribeiro,Checkmat Bjj
European Jiu-Jitsu IBJJF Championship,2010,Adult,Black,Male,Ultra Heavy,3,Hakim Gouram,BBJJA
European Jiu-Jitsu IBJJF Championship,2010,Adult,Black,Male,Open Class,3,Bernardo Faria,Alliance
European Jiu-Jitsu IBJJF Championship,2010,Adult,Black,Male,Open Class,3,Tarsys Humphreys,Alliance
European Jiu-Jitsu IBJJF Championship,2010,Adult,Brown Black,Female,Light Feather,1,Elisangela Meireles,Gavião
European Jiu-Jitsu IBJJF Championship,2010,Adult,Brown Black,Female,Feather,1,Angelica Ferreira,Nova Uniao
European Jiu-Jitsu IBJJF Championship,2010,Adult,Brown Black,Female,Light,1,Rosalind Ferreira,Gavião
European Jiu-Jitsu IBJJF Championship,2010,Adult,Brown Black,Female,Middle,1,Beatriz Mesquita,Gracie Humaita
European Jiu-Jitsu IBJJF Championship,2010,Adult,Brown Black,Female,Open Class,1,Beatriz Mesquita,Gracie Humaita
European Jiu-Jitsu IBJJF Championship,2010,Adult,Brown Black,Female,Light Feather,2,Oceane Talvard,Lagny JJB
European Jiu-Jitsu IBJJF Championship,2010,Adult,Brown Black,Female,Feather,2,Naomi Suzuki,Nova Uniao
European Jiu-Jitsu IBJJF Championship,2010,Adult,Brown Black,Female,Light,2,Maria Dolores Gonzalez,Climent Club
European Jiu-Jitsu IBJJF Championship,2010,Adult,Brown Black,Female,Middle,2,Monica Vanessa,Sandro Bala e Julio Pudim
European Jiu-Jitsu IBJJF Championship,2010,Adult,Brown Black,Female,Open Class,2,Ida Hansson,Checkmat Bjj
European Jiu-Jitsu IBJJF Championship,2010,Adult,Brown Black,Female,Feather,3,Margareta Myhr,Checkmat Bjj
European Jiu-Jitsu IBJJF Championship,2010,Adult,Brown Black,Female,Middle,3,Ida Hansson,Checkmat Bjj
European Jiu-Jitsu IBJJF Championship,2010,Adult,Brown Black,Female,Middle,3,Shanti Abelha,Checkmat Bjj
European Jiu-Jitsu IBJJF Championship,2010,Adult,Brown Black,Female,Open Class,3,Cassuza Fornari,Emirates Team
European Jiu-Jitsu IBJJF Championship,2010,Adult,Brown Black,Female,Open Class,3,Abby Malone,Nova Uniao NU
European Jiu-Jitsu IBJJF Championship,2011,Adult,Black,Male,Light Feather,1,ary de melo farias,Atos
European Jiu-Jitsu IBJJF Championship,2011,Adult,Black,Male,Feather,1,eduardo ramos da silva,Atos
European Jiu-Jitsu IBJJF Championship,2011,Adult,Black,Male,Light,1,michael alexandre langhi,Alliance
European Jiu-Jitsu IBJJF Championship,2011,Adult,Black,Male,Middle,1,claudio calasans camargo jr,Atos
European Jiu-Jitsu IBJJF Championship,2011,Adult,Black,Male,Medium Heavy,1,braulio de oliveira estima,Gracie Barra
European Jiu-Jitsu IBJJF Championship,2011,Adult,Black,Male,Heavy,1,bernardo augusto rocha de,Alliance
European Jiu-Jitsu IBJJF Championship,2011,Adult,Black,Male,Super Heavy,1,lucio rodrigues,Gracie Barra
European Jiu-Jitsu IBJJF Championship,2011,Adult,Black,Male,Ultra Heavy,1,igor silva,Brasa
European Jiu-Jitsu IBJJF Championship,2011,Adult,Black,Male,Open Class,1,sergio ricardo de moraes,Alliance
European Jiu-Jitsu IBJJF Championship,2011,Adult,Black,Male,Light Feather,2,bruno da silva falfacine,Alliance
European Jiu-Jitsu IBJJF Championship,2011,Adult,Black,Male,Feather,2,bruno frazatto,Atos
European Jiu-Jitsu IBJJF Championship,2011,Adult,Black,Male,Light,2,lucas lepri,Alliance
European Jiu-Jitsu IBJJF Championship,2011,Adult,Black,Male,Middle,2,bruno almeida neves,Gracie Barra
European Jiu-Jitsu IBJJF Championship,2011,Adult,Black,Male,Medium Heavy,2,sergio ricardo de moraes,Alliance
European Jiu-Jitsu IBJJF Championship,2011,Adult,Black,Male,Heavy,2,leonardo pires nogueira,Alliance
European Jiu-Jitsu IBJJF Championship,2011,Adult,Black,Male,Super Heavy,2,rafael lovato jr,Ribeiro JJ
European Jiu-Jitsu IBJJF Championship,2011,Adult,Black,Male,Ultra Heavy,2,rodrigo medeiros,Brasa
European Jiu-Jitsu IBJJF Championship,2011,Adult,Black,Male,Open Class,2,claudio calasans,Atos
European Jiu-Jitsu IBJJF Championship,2011,Adult,Black,Male,Light Feather,3,leando martins da silva,Check Mat Bjj
European Jiu-Jitsu IBJJF Championship,2011,Adult,Black,Male,Light Feather,3,ikuta makoto,TRUST JJ
European Jiu-Jitsu IBJJF Championship,2011,Adult,Black,Male,Feather,3,rafael mendes godoy,Atos
European Jiu-Jitsu IBJJF Championship,2011,Adult,Black,Male,Feather,3,guilherme mendes godoy,Atos
European Jiu-Jitsu IBJJF Championship,2011,Adult,Black,Male,Light,3,jonathan torres,Lloyd Irvin M.A Academy
European Jiu-Jitsu IBJJF Championship,2011,Adult,Black,Male,Light,3,toru nakayama,Tri-Force
European Jiu-Jitsu IBJJF Championship,2011,Adult,Black,Male,Middle,3,victor de oliveira estima,Gracie Barra
European Jiu-Jitsu IBJJF Championship,2011,Adult,Black,Male,Middle,3,alan do nascimento,Check Mat Bjj
European Jiu-Jitsu IBJJF Championship,2011,Adult,Black,Male,Medium Heavy,3,rodrigo fajardo,Gracie Barra Europe
European Jiu-Jitsu IBJJF Championship,2011,Adult,Black,Male,Medium Heavy,3,kleber de oliveira paulino,Gracie Barra
European Jiu-Jitsu IBJJF Championship,2011,Adult,Black,Male,Heavy,3,helvecio augusto penna neto,De La Riva
European Jiu-Jitsu IBJJF Championship,2011,Adult,Black,Male,Heavy,3,igor araujo ferreira de castro,Gracie Barra
European Jiu-Jitsu IBJJF Championship,2011,Adult,Black,Male,Super Heavy,3,augusto ferrari amaro,PSLPB Cicero Costha
European Jiu-Jitsu IBJJF Championship,2011,Adult,Black,Male,Super Heavy,3,bruno bastos cruz,Nova Uniao
European Jiu-Jitsu IBJJF Championship,2011,Adult,Black,Male,Ultra Heavy,3,adrinei edson piaia,Icon JJ team
European Jiu-Jitsu IBJJF Championship,2011,Adult,Black,Male,Ultra Heavy,3,felipe pereira teixeira,Gracie Florianopolis
European Jiu-Jitsu IBJJF Championship,2011,Adult,Black,Male,Open Class,3,bernardo faria,Alliance
European Jiu-Jitsu IBJJF Championship,2011,Adult,Black,Male,Open Class,3,rodrigo cavaca,Check Mat Bjj
European Jiu-Jitsu IBJJF Championship,2011,Adult,Black,Female,Light Feather,1,Oceane Talvard,Attila
European Jiu-Jitsu IBJJF Championship,2011,Adult,Black,Female,Feather,1,Marina Medeiros,Check Mat Bjj
European Jiu-Jitsu IBJJF Championship,2011,Adult,Black,Female,Light,1,Luana Alzuguir,Alliance
European Jiu-Jitsu IBJJF Championship,2011,Adult,Black,Female,Middle,1,Ida Josefin Hansson,Check Mat Bjj
European Jiu-Jitsu IBJJF Championship,2011,Adult,Black,Female,Heavy,1,Gabrielle Lemos Garcia,Alliance
European Jiu-Jitsu IBJJF Championship,2011,Adult,Black,Female,Open Class,1,Gabrielle Lemos Garcia,Alliance
European Jiu-Jitsu IBJJF Championship,2011,Adult,Black,Female,Light Feather,2,Elizangela Meireles,Gavião
European Jiu-Jitsu IBJJF Championship,2011,Adult,Black,Female,Feather,2,Kyra Gracie,Renzo Gracie
European Jiu-Jitsu IBJJF Championship,2011,Adult,Black,Female,Light,2,Michelle Zonato Nicolini,Check Mat Bjj
European Jiu-Jitsu IBJJF Championship,2011,Adult,Black,Female,Middle,2,Priscilla Prandini Juni,Check Mat Bjj
European Jiu-Jitsu IBJJF Championship,2011,Adult,Black,Female,Open Class,2,Luana Alzuguir,Alliance
European Jiu-Jitsu IBJJF Championship,2011,Adult,Black,Female,Feather,3,Margareta Myhr,Check Mat Bjj
European Jiu-Jitsu IBJJF Championship,2011,Adult,Black,Female,Feather,3,Leticia Ribeiro,Gracie Humaita
European Jiu-Jitsu IBJJF Championship,2011,Adult,Black,Female,Light,3,Beatriz de Oliveira Mesquita,Gracie Humaita
European Jiu-Jitsu IBJJF Championship,2011,Adult,Black,Female,Light,3,Shanti A.D. Abelha,Check Mat Bjj
European Jiu-Jitsu IBJJF Championship,2011,Adult,Black,Female,Middle,3,Rosalind Ferreira,Gavião
European Jiu-Jitsu IBJJF Championship,2011,Adult,Black,Female,Middle,3,Christina Jentsch,Alliance
European Jiu-Jitsu IBJJF Championship,2011,Adult,Black,Female,Open Class,3,Beatriz de Oliveira Mesquita,Gracie Humaita
European Jiu-Jitsu IBJJF Championship,2011,Adult,Black,Female,Open Class,3,Michelle Zonato Nicolini,Check Mat Bjj
European Jiu-Jitsu IBJJF Championship,2012,Adult,Black,Male,Rooster,1,Koji Shibamoto,Tri-Force
European Jiu-Jitsu IBJJF Championship,2012,Adult,Black,Male,Light Feather,1,Carlos Vieira Holanda,Checkmat BJJ
European Jiu-Jitsu IBJJF Championship,2012,Adult,Black,Male,Feather,1,Bruno Frazatto,Atos JJ
European Jiu-Jitsu IBJJF Championship,2012,Adult,Black,Male,Light,1,Roberto Souza,BULL-TERRIER BON-SAI
European Jiu-Jitsu IBJJF Championship,2012,Adult,Black,Male,Middle,1,Victor Estima,Gracie Barra
European Jiu-Jitsu IBJJF Championship,2012,Adult,Black,Male,Medium Heavy,1,Rodrigo Fajardo,Gracie Barra
European Jiu-Jitsu IBJJF Championship,2012,Adult,Black,Male,Heavy,1,Rodolfo Vieira Srour,GF Team
European Jiu-Jitsu IBJJF Championship,2012,Adult,Black,Male,Super Heavy,1,Bernardo Faria,Alliance
European Jiu-Jitsu IBJJF Championship,2012,Adult,Black,Male,Ultra Heavy,1,Alexandre Trans,Checkmat BJJ
European Jiu-Jitsu IBJJF Championship,2012,Adult,Black,Male,Open Class,1,Rodolfo Vieira Srour,GF Team
European Jiu-Jitsu IBJJF Championship,2012,Adult,Black,Male,Rooster,2,Masaaki Todokoro,Paraestra
European Jiu-Jitsu IBJJF Championship,2012,Adult,Black,Male,Light Feather,2,Leandro Martins da Silva,Checkmat BJJ
European Jiu-Jitsu IBJJF Championship,2012,Adult,Black,Male,Feather,2,David Lemes,Atos JJ
European Jiu-Jitsu IBJJF Championship,2012,Adult,Black,Male,Light,2,Jonathan Torres,Lloyd Irvin M.A Academy
European Jiu-Jitsu IBJJF Championship,2012,Adult,Black,Male,Middle,2,Alan Nascimento,Checkmat BJJ
European Jiu-Jitsu IBJJF Championship,2012,Adult,Black,Male,Medium Heavy,2,Nivaldo Lima,Checkmat BJJ
European Jiu-Jitsu IBJJF Championship,2012,Adult,Black,Male,Heavy,2,Roberto de Alencar,Gracie Barra
European Jiu-Jitsu IBJJF Championship,2012,Adult,Black,Male,Super Heavy,2,Lucio Rodrigues,Team Lagarto
European Jiu-Jitsu IBJJF Championship,2012,Adult,Black,Male,Ultra Heavy,2,Thiago Gaia,Nova Uniao
European Jiu-Jitsu IBJJF Championship,2012,Adult,Black,Male,Open Class,2,Bernardo Faria,Alliance
European Jiu-Jitsu IBJJF Championship,2012,Adult,Black,Male,Rooster,3,Gabriel Rosberg,Checkmat BJJ
European Jiu-Jitsu IBJJF Championship,2012,Adult,Black,Male,Rooster,3,Jordy Jean Peute,Gracie Barra
European Jiu-Jitsu IBJJF Championship,2012,Adult,Black,Male,Light Feather,3,Yuchiro Mizuarai,X-Treme Jiu-Jitsu
European Jiu-Jitsu IBJJF Championship,2012,Adult,Black,Male,Light Feather,3,Francielio da Costa,Alliance
European Jiu-Jitsu IBJJF Championship,2012,Adult,Black,Male,Feather,3,Maxmiliano Campos,Checkmat BJJ
European Jiu-Jitsu IBJJF Championship,2012,Adult,Black,Male,Feather,3,Denilson Pimenta,GF Team
European Jiu-Jitsu IBJJF Championship,2012,Adult,Black,Male,Light,3,Michael Langhi,Alliance
European Jiu-Jitsu IBJJF Championship,2012,Adult,Black,Male,Light,3,Eduardo Ramos,Atos JJ
European Jiu-Jitsu IBJJF Championship,2012,Adult,Black,Male,Middle,3,Clark Gracie,Carley Gracie Academy
European Jiu-Jitsu IBJJF Championship,2012,Adult,Black,Male,Middle,3,Gabriel Goulart,Alliance
European Jiu-Jitsu IBJJF Championship,2012,Adult,Black,Male,Medium Heavy,3,Igor Araujo,Academia Caveirinha
European Jiu-Jitsu IBJJF Championship,2012,Adult,Black,Male,Medium Heavy,3,Marcos Yoshio,BULL-TERRIER BON-SAI
European Jiu-Jitsu IBJJF Championship,2012,Adult,Black,Male,Heavy,3,Paulo Tarcisio,Checkmat BJJ
European Jiu-Jitsu IBJJF Championship,2012,Adult,Black,Male,Heavy,3,Rafael Lovato,Ribeiro JJ
European Jiu-Jitsu IBJJF Championship,2012,Adult,Black,Male,Super Heavy,3,Leonardo Nogueira,Alliance
European Jiu-Jitsu IBJJF Championship,2012,Adult,Black,Male,Super Heavy,3,Eder Lima,Gracie Barra
European Jiu-Jitsu IBJJF Championship,2012,Adult,Black,Male,Ultra Heavy,3,Thiago Borges,Cia Paulista
European Jiu-Jitsu IBJJF Championship,2012,Adult,Black,Male,Ultra Heavy,3,Andre Campos,Gracie Barra
European Jiu-Jitsu IBJJF Championship,2012,Adult,Black,Male,Open Class,3,Lucio Rodrigues,Team Lagarto
European Jiu-Jitsu IBJJF Championship,2012,Adult,Black,Male,Open Class,3,Rafael Lovato,Ribeiro JJ
European Jiu-Jitsu IBJJF Championship,2012,Adult,Black,Female,Light Feather,1,Angelica Ferreira,Atos JJ
European Jiu-Jitsu IBJJF Championship,2012,Adult,Black,Female,Middle,1,Ida Hansson,Checkmat BJJ
European Jiu-Jitsu IBJJF Championship,2012,Adult,Black,Female,Medium Heavy,1,Michelle Nicolini,Checkmat BJJ
European Jiu-Jitsu IBJJF Championship,2012,Adult,Black,Female,Open Class,1,Michelle Nicolini,Checkmat BJJ
European Jiu-Jitsu IBJJF Championship,2012,Adult,Black,Female,Middle,2,Monica Fonseca,2 Brothers BFC
European Jiu-Jitsu IBJJF Championship,2012,Adult,Black,Female,Medium Heavy,2,Fernanda Almeida,Striker JJ / Goes
European Jiu-Jitsu IBJJF Championship,2012,Adult,Black,Female,Open Class,2,Ida Hansson,Checkmat BJJ
European Jiu-Jitsu IBJJF Championship,2012,Adult,Black,Female,Medium Heavy,3,Shanti Abelha,Checkmat BJJ
European Jiu-Jitsu IBJJF Championship,2012,Adult,Black,Female,Open Class,3,Fernanda Almeida,Striker JJ / Goes
European Jiu-Jitsu IBJJF Championship,2012,Adult,Black,Female,Open Class,3,Monica Fonseca,2 Brothers BFC
European IBJJF Jiu-Jitsu Championship ,2013,Adult,Black,Male,Rooster,1,James Brandon Mullins,Gracie Barra
European IBJJF Jiu-Jitsu Championship ,2013,Adult,Black,Male,Light-Feather,1,Laercio Fernandes,Alliance
European IBJJF Jiu-Jitsu Championship ,2013,Adult,Black,Male,Feather,1,Rubens Charles Maciel,Alliance
European IBJJF Jiu-Jitsu Championship ,2013,Adult,Black,Male,Light,1,Michael Alexandre Langhi,Alliance
European IBJJF Jiu-Jitsu Championship ,2013,Adult,Black,Male,Middle,1,Claudio Calasans Camargo Júnior,Atos Jiu-Jitsu
European IBJJF Jiu-Jitsu Championship ,2013,Adult,Black,Male,Medium-Heavy,1,Rômulo Claudio Barral,Gracie Barra
European IBJJF Jiu-Jitsu Championship ,2013,Adult,Black,Male,Heavy,1,Dimitrius Soares Souza,Alliance
European IBJJF Jiu-Jitsu Championship ,2013,Adult,Black,Male,Super-Heavy,1,Bernardo Augusto Rocha de Faria,Alliance
European IBJJF Jiu-Jitsu Championship ,2013,Adult,Black,Male,Ultra-Heavy,1,Alexander Riis Hilligsoe Trans,CheckMat
European IBJJF Jiu-Jitsu Championship ,2013,Adult,Black,Male,Open Class,1,Leonardo Pires Nogueira,Alliance
European IBJJF Jiu-Jitsu Championship ,2013,Adult,Black,Male,Rooster,2,Koji Shibamoto,Tri-Force Jiu-Jitsu Academy
European IBJJF Jiu-Jitsu Championship ,2013,Adult,Black,Male,Light-Feather,2,Carlos Vieira Holanda,CheckMat
European IBJJF Jiu-Jitsu Championship ,2013,Adult,Black,Male,Feather,2,Augusto Lopes Mendes,Soul Fighters BJJ
European IBJJF Jiu-Jitsu Championship ,2013,Adult,Black,Male,Light,2,Vinícius Tavares Marinho,GF Team
European IBJJF Jiu-Jitsu Championship ,2013,Adult,Black,Male,Middle,2,Fernando Augusto da Silva,Alliance
European IBJJF Jiu-Jitsu Championship ,2013,Adult,Black,Male,Medium-Heavy,2,Rodrigo Fajardo,Gracie Barra
European IBJJF Jiu-Jitsu Championship ,2013,Adult,Black,Male,Heavy,2,Leonardo da Costa Maciel,GF Team
European IBJJF Jiu-Jitsu Championship ,2013,Adult,Black,Male,Super-Heavy,2,Lucio Furtado Rodrigues,Gracie Barra
European IBJJF Jiu-Jitsu Championship ,2013,Adult,Black,Male,Ultra-Heavy,2,Rodrigo Henrique Cavaca,CheckMat
European IBJJF Jiu-Jitsu Championship ,2013,Adult,Black,Male,Open Class,2,Bernardo Augusto Rocha de Faria,Alliance
European IBJJF Jiu-Jitsu Championship ,2013,Adult,Black,Male,Rooster,3,Jordy A. Jean Antoon Peute,Gracie Barra
European IBJJF Jiu-Jitsu Championship ,2013,Adult,Black,Male,Rooster,3,Takahito Yoshioka,Tokushima BJJ
European IBJJF Jiu-Jitsu Championship ,2013,Adult,Black,Male,Light-Feather,3,Andre Carvalho Monteiro,BJJ Revolution Team
European IBJJF Jiu-Jitsu Championship ,2013,Adult,Black,Male,Light-Feather,3,Thomas Lincoln Correa Lisboa,Alliance
European IBJJF Jiu-Jitsu Championship ,2013,Adult,Black,Male,Feather,3,Eduardo Ramos da Silva,Atos Jiu-Jitsu
European IBJJF Jiu-Jitsu Championship ,2013,Adult,Black,Male,Feather,3,Osvaldo Augusto Honorio Moizinho,Caio Terra Association
European IBJJF Jiu-Jitsu Championship ,2013,Adult,Black,Male,Light,3,Gabriel Rodrigues A. Goulart,Alliance
European IBJJF Jiu-Jitsu Championship ,2013,Adult,Black,Male,Light,3,Maxime Silvére Olivier,CheckMat
European IBJJF Jiu-Jitsu Championship ,2013,Adult,Black,Male,Middle,3,Alan Douglas Pereira do Nascimento,CheckMat
European IBJJF Jiu-Jitsu Championship ,2013,Adult,Black,Male,Middle,3,Mathias Fernandes Ribeiro,Alliance
European IBJJF Jiu-Jitsu Championship ,2013,Adult,Black,Male,Medium-Heavy,3,Renato Guimaraes Cardoso,CheckMat
European IBJJF Jiu-Jitsu Championship ,2013,Adult,Black,Male,Medium-Heavy,3,Vitor Fabio Martins Toledo,Atos Jiu-Jitsu
European IBJJF Jiu-Jitsu Championship ,2013,Adult,Black,Male,Heavy,3,Fabiano Junior Leite de Souza,Alliance
European IBJJF Jiu-Jitsu Championship ,2013,Adult,Black,Male,Heavy,3,Marcelo da Silva Bernardo,United BJJ
European IBJJF Jiu-Jitsu Championship ,2013,Adult,Black,Male,Super-Heavy,3,Filippi Soto Mattos,Barbosa JJ e MMA
European IBJJF Jiu-Jitsu Championship ,2013,Adult,Black,Male,Super-Heavy,3,Mauricio Henrique Cristo Lima,PSLPB Cicero Costha
European IBJJF Jiu-Jitsu Championship ,2013,Adult,Black,Male,Ultra-Heavy,3,José Ferreira da Silva Júnior,UAE Jiu-jitsu Team
European IBJJF Jiu-Jitsu Championship ,2013,Adult,Black,Male,Ultra-Heavy,3,Leonardo Pires Nogueira,Alliance
European IBJJF Jiu-Jitsu Championship ,2013,Adult,Black,Male,Open Class,3,Alexander Riis Hilligsoe Trans,CheckMat
European IBJJF Jiu-Jitsu Championship ,2013,Adult,Black,Male,Open Class,3,Claudio Calasans Camargo Júnior,Atos Jiu-Jitsu
European IBJJF Jiu-Jitsu Championship ,2013,Adult,Black,Female,Light-Feather,1,Yasmin Tahira Sewgobind,Jiu Jitsu Factory
European IBJJF Jiu-Jitsu Championship ,2013,Adult,Black,Female,Feather,1,Mackenzie Lynne Dern,Gracie Humaita
European IBJJF Jiu-Jitsu Championship ,2013,Adult,Black,Female,Light,1,Marina Soares de Araujo Ribeiro,CheckMat
European IBJJF Jiu-Jitsu Championship ,2013,Adult,Black,Female,Middle,1,Luanna Alzuguir Marton Moraes,Alliance
European IBJJF Jiu-Jitsu Championship ,2013,Adult,Black,Female,Medium-Heavy,1,Caroline de Lazzer Cardoso,UAE Jiu-jitsu Team
European IBJJF Jiu-Jitsu Championship ,2013,Adult,Black,Female,Open Class,1,Luanna Alzuguir Marton Moraes,Alliance
European IBJJF Jiu-Jitsu Championship ,2013,Adult,Black,Female,Light-Feather,2,Angelica Vieira Ferreira,Atos Jiu-Jitsu
European IBJJF Jiu-Jitsu Championship ,2013,Adult,Black,Female,Feather,2,Michelle Zonato Nicolini,CheckMat
European IBJJF Jiu-Jitsu Championship ,2013,Adult,Black,Female,Middle,2,Ida Josefin Hansson,CheckMat
European IBJJF Jiu-Jitsu Championship ,2013,Adult,Black,Female,Medium-Heavy,2,Polyana Lago Barbosa,Alliance
European IBJJF Jiu-Jitsu Championship ,2013,Adult,Black,Female,Open Class,2,Michelle Zonato Nicolini,CheckMat
European IBJJF Jiu-Jitsu Championship ,2013,Adult,Black,Female,Feather,3,Nyjah Michea Easton,Team Lloyd Irvin
European IBJJF Jiu-Jitsu Championship ,2013,Adult,Black,Female,Medium-Heavy,3,Erika Carrarine Correia,De La Riva / BA
European IBJJF Jiu-Jitsu Championship ,2013,Adult,Black,Female,Medium-Heavy,3,Shanti A. D. Abelha,CheckMat
European IBJJF Jiu-Jitsu Championship ,2013,Adult,Black,Female,Open Class,3,Marina Soares de Araujo Ribeiro,CheckMat
European IBJJF Jiu-Jitsu Championship ,2013,Adult,Black,Female,Open Class,3,Polyana Lago Barbosa,Alliance
European IBJJF Jiu-Jitsu Championship ,2014,Adult,Black,Male,Rooster,1,Caio Terra,Brasa Caio Terra
European IBJJF Jiu-Jitsu Championship ,2014,Adult,Black,Male,Light-Feather,1,José Tiago da Silva Barros,PSLPB Cicero Costha
European IBJJF Jiu-Jitsu Championship ,2014,Adult,Black,Male,Feather,1,Rafael Mendes,Atos Jiu-Jitsu
European IBJJF Jiu-Jitsu Championship ,2014,Adult,Black,Male,Light,1,Michael Alexandre Langhi,Alliance
European IBJJF Jiu-Jitsu Championship ,2014,Adult,Black,Male,Middle,1,Claudio Calasans Camargo Júnior,Atos Jiu-Jitsu
European IBJJF Jiu-Jitsu Championship ,2014,Adult,Black,Male,Medium-Heavy,1,Thiago Sá Fortes Silva,CheckMat
European IBJJF Jiu-Jitsu Championship ,2014,Adult,Black,Male,Heavy,1,Jackson Sousa dos Santos,CheckMat
European IBJJF Jiu-Jitsu Championship ,2014,Adult,Black,Male,Super-Heavy,1,Lucio Furtado Rodrigues,Gracie Barra
European IBJJF Jiu-Jitsu Championship ,2014,Adult,Black,Male,Ultra-Heavy,1,Rodrigo Henrique Cavaca,Zenith BJJ
European IBJJF Jiu-Jitsu Championship ,2014,Adult,Black,Male,Open Class,1,Alexander Riis Hilligsoe Trans,CheckMat
European IBJJF Jiu-Jitsu Championship ,2014,Adult,Black,Male,Rooster,2,Koji Shibamoto,Tri-Force Jiu-Jitsu Academy
European IBJJF Jiu-Jitsu Championship ,2014,Adult,Black,Male,Light-Feather,2,João Ricardo Bordignon Miyao,PSLPB Cicero Costha
European IBJJF Jiu-Jitsu Championship ,2014,Adult,Black,Male,Feather,2,Paulo H. Bordignon Miyao,PSLPB Cicero Costha
European IBJJF Jiu-Jitsu Championship ,2014,Adult,Black,Male,Light,2,Francisco Antonio Iturralde Lara,Alliance
European IBJJF Jiu-Jitsu Championship ,2014,Adult,Black,Male,Middle,2,Jonathan Torres,Atos Jiu-Jitsu
European IBJJF Jiu-Jitsu Championship ,2014,Adult,Black,Male,Medium-Heavy,2,Renato Guimaraes Cardoso,CheckMat
European IBJJF Jiu-Jitsu Championship ,2014,Adult,Black,Male,Heavy,2,Yuri Costa Simões M. da Silva,Brasa Caio Terra
European IBJJF Jiu-Jitsu Championship ,2014,Adult,Black,Male,Super-Heavy,2,Rafael Lovato Jr.,Ribeiro Jiu-Jitsu
European IBJJF Jiu-Jitsu Championship ,2014,Adult,Black,Male,Ultra-Heavy,2,Ricardo Ferreira Evangelista,GF Team
European IBJJF Jiu-Jitsu Championship ,2014,Adult,Black,Male,Open Class,2,Yuri Costa Simões M. da Silva,Brasa Caio Terra
European IBJJF Jiu-Jitsu Championship ,2014,Adult,Black,Male,Rooster,3,Takahito Yoshioka,Tokushima BJJ
European IBJJF Jiu-Jitsu Championship ,2014,Adult,Black,Male,Light-Feather,3,Hideyuki Yamada,DeLariva Japan
European IBJJF Jiu-Jitsu Championship ,2014,Adult,Black,Male,Light-Feather,3,Luis Filipe Fernandes Lopes,Icon JJ Team - Cascais
European IBJJF Jiu-Jitsu Championship ,2014,Adult,Black,Male,Feather,3,Gianni Paul Grippo,Alliance
European IBJJF Jiu-Jitsu Championship ,2014,Adult,Black,Male,Feather,3,Simone Franceschini,Cyclone
European IBJJF Jiu-Jitsu Championship ,2014,Adult,Black,Male,Light,3,AJ Agazarm,Gracie Barra
European IBJJF Jiu-Jitsu Championship ,2014,Adult,Black,Male,Light,3,Sandro Gabriel Vieira,CheckMat
European IBJJF Jiu-Jitsu Championship ,2014,Adult,Black,Male,Middle,3,Leonardo I. Iturralde Aguirre,Alliance
European IBJJF Jiu-Jitsu Championship ,2014,Adult,Black,Male,Middle,3,Luca Anacoreta,Aeterna Jiu Jitsu
European IBJJF Jiu-Jitsu Championship ,2014,Adult,Black,Male,Medium-Heavy,3,Maksymilian Wisniewski,Zenith BJJ
European IBJJF Jiu-Jitsu Championship ,2014,Adult,Black,Male,Medium-Heavy,3,Vitor Fabio Martins Toledo,Atos Jiu-Jitsu
European IBJJF Jiu-Jitsu Championship ,2014,Adult,Black,Male,Heavy,3,Paulo Tarcisio Pessoa Jardim,CheckMat
European IBJJF Jiu-Jitsu Championship ,2014,Adult,Black,Male,Heavy,3,Toni Tapani Linden,Hilti BJJ Turku
European IBJJF Jiu-Jitsu Championship ,2014,Adult,Black,Male,Super-Heavy,3,Antonio Carlos Alexandre Peinado,Alliance
European IBJJF Jiu-Jitsu Championship ,2014,Adult,Black,Male,Super-Heavy,3,Igor Silva,GF Team
European IBJJF Jiu-Jitsu Championship ,2014,Adult,Black,Male,Ultra-Heavy,3,Alexander Riis Hilligsoe Trans,CheckMat
European IBJJF Jiu-Jitsu Championship ,2014,Adult,Black,Male,Ultra-Heavy,3,Bruno Matias Soares,CheckMat
European IBJJF Jiu-Jitsu Championship ,2014,Adult,Black,Male,Open Class,3,Fabiano Junior Leite de Souza,Alliance
European IBJJF Jiu-Jitsu Championship ,2014,Adult,Black,Male,Open Class,3,Jackson Sousa dos Santos,CheckMat
European IBJJF Jiu-Jitsu Championship ,2014,Adult,Black,Female,Light,1,Laurence Cousin Fouillat,Acemat
European IBJJF Jiu-Jitsu Championship ,2014,Adult,Black,Female,Middle,1,Vanessa Oliveira do Nascimento,GF Team
European IBJJF Jiu-Jitsu Championship ,2014,Adult,Black,Female,Medium-Heavy,1,Luanna Alzuguir Marton Moraes,Alliance
European IBJJF Jiu-Jitsu Championship ,2014,Adult,Black,Female,Open Class,1,Luanna Alzuguir Marton Moraes,Alliance
European IBJJF Jiu-Jitsu Championship ,2014,Adult,Black,Female,Light,2,Andrea Endy Alves de Souza,UAE Jiu-jitsu Team
European IBJJF Jiu-Jitsu Championship ,2014,Adult,Black,Female,Middle,2,Ida Josefin Hansson,CheckMat
European IBJJF Jiu-Jitsu Championship ,2014,Adult,Black,Female,Medium-Heavy,2,Janni Margareta Larsson,CheckMat
European IBJJF Jiu-Jitsu Championship ,2014,Adult,Black,Female,Open Class,2,Ida Josefin Hansson,CheckMat
European IBJJF Jiu-Jitsu Championship ,2014,Adult,Black,Female,Medium-Heavy,3,Erika Carrarine Correia,De La Riva / BA
European IBJJF Jiu-Jitsu Championship ,2014,Adult,Black,Female,Medium-Heavy,3,Gretchen Dawn Zoeller,Gracie Barra
European IBJJF Jiu-Jitsu Championship ,2014,Adult,Black,Female,Open Class,3,Janni Margareta Larsson,CheckMat
European IBJJF Jiu-Jitsu Championship ,2014,Adult,Black,Female,Open Class,3,Vanessa Oliveira do Nascimento,GF Team
European IBJJF Jiu-Jitsu Championship ,2015,Adult,Black,Male,Rooster,1,Caio Terra,Brasa CTA
European IBJJF Jiu-Jitsu Championship ,2015,Adult,Black,Male,Light-Feather,1,João Ricardo Bordignon Miyao,PSLPB Cicero Costha
European IBJJF Jiu-Jitsu Championship ,2015,Adult,Black,Male,Feather,1,Marcio Andre da Costa Barbosa Junior,Nova União
European IBJJF Jiu-Jitsu Championship ,2015,Adult,Black,Male,Light,1,Michael Alexandre Langhi,Alliance
European IBJJF Jiu-Jitsu Championship ,2015,Adult,Black,Male,Middle,1,Jonathan Torres,Atos Jiu-Jitsu
European IBJJF Jiu-Jitsu Championship ,2015,Adult,Black,Male,Medium-Heavy,1,Andre Luiz Leite Galvão,Atos Jiu-Jitsu
European IBJJF Jiu-Jitsu Championship ,2015,Adult,Black,Male,Heavy,1,Erberth Santos de Mesquita,Team Lloyd Irvin
European IBJJF Jiu-Jitsu Championship ,2015,Adult,Black,Male,Super-Heavy,1,Lucio Furtado Rodrigues,Gracie Barra
European IBJJF Jiu-Jitsu Championship ,2015,Adult,Black,Male,Ultra-Heavy,1,Ricardo Ferreira Evangelista,GF Team
European IBJJF Jiu-Jitsu Championship ,2015,Adult,Black,Male,Open Class,1,Andre Luiz Leite Galvão,Atos Jiu-Jitsu
European IBJJF Jiu-Jitsu Championship ,2015,Adult,Black,Male,Rooster,2,Nicolas Gaillard,Toulon JJB
European IBJJF Jiu-Jitsu Championship ,2015,Adult,Black,Male,Light-Feather,2,Paulo H. Bordignon Miyao,PSLPB Cicero Costha
European IBJJF Jiu-Jitsu Championship ,2015,Adult,Black,Male,Feather,2,Gianni Paul Grippo,Alliance
European IBJJF Jiu-Jitsu Championship ,2015,Adult,Black,Male,Light,2,Gabriel Rollo da Silva Pontes,CheckMat
European IBJJF Jiu-Jitsu Championship ,2015,Adult,Black,Male,Middle,2,Davi Ramos Pinheiro da Silva,Atos Jiu-Jitsu
European IBJJF Jiu-Jitsu Championship ,2015,Adult,Black,Male,Medium-Heavy,2,Renato Guimaraes Cardoso,Alliance
European IBJJF Jiu-Jitsu Championship ,2015,Adult,Black,Male,Heavy,2,Paulo Tarcisio Pessoa Jardim,CheckMat
European IBJJF Jiu-Jitsu Championship ,2015,Adult,Black,Male,Super-Heavy,2,Christopher Bowe,Gracie Barra
European IBJJF Jiu-Jitsu Championship ,2015,Adult,Black,Male,Ultra-Heavy,2,Igor Silva,GF Team
European IBJJF Jiu-Jitsu Championship ,2015,Adult,Black,Male,Open Class,2,Igor Silva,GF Team
European IBJJF Jiu-Jitsu Championship ,2015,Adult,Black,Male,Rooster,3,Andrea Verdemare,Cyclone
European IBJJF Jiu-Jitsu Championship ,2015,Adult,Black,Male,Rooster,3,Koji Shibamoto,Tri-Force Jiu-Jitsu Academy
European IBJJF Jiu-Jitsu Championship ,2015,Adult,Black,Male,Light-Feather,3,Simone Franceschini,Cyclone
European IBJJF Jiu-Jitsu Championship ,2015,Adult,Black,Male,Light-Feather,3,Thomas Lincoln Correa Lisboa,Alliance
European IBJJF Jiu-Jitsu Championship ,2015,Adult,Black,Male,Feather,3,Gabriel Marangoni de Oliveira,Zenith BJJ
European IBJJF Jiu-Jitsu Championship ,2015,Adult,Black,Male,Feather,3,Kim Terra,Brasa CTA
European IBJJF Jiu-Jitsu Championship ,2015,Adult,Black,Male,Light,3,Rafael Henrique Pereira,Gordo Jiu-Jitsu
European IBJJF Jiu-Jitsu Championship ,2015,Adult,Black,Male,Light,3,Sandro Gabriel Vieira,CheckMat
European IBJJF Jiu-Jitsu Championship ,2015,Adult,Black,Male,Middle,3,Francisco Antonio Iturralde Lara,Alliance
European IBJJF Jiu-Jitsu Championship ,2015,Adult,Black,Male,Middle,3,Jaime Soares Canuto,GF Team
European IBJJF Jiu-Jitsu Championship ,2015,Adult,Black,Male,Medium-Heavy,3,Maximiliano de Figueiredo Carvalho,Gracie Barra
European IBJJF Jiu-Jitsu Championship ,2015,Adult,Black,Male,Medium-Heavy,3,Rodrigo Fajardo,Gracie Barra
European IBJJF Jiu-Jitsu Championship ,2015,Adult,Black,Male,Heavy,3,Antonio Antonioli,Atos Jiu-Jitsu
European IBJJF Jiu-Jitsu Championship ,2015,Adult,Black,Male,Heavy,3,Vitor Fabio Martins Toledo,Atos Jiu-Jitsu
European IBJJF Jiu-Jitsu Championship ,2015,Adult,Black,Male,Super-Heavy,3,Felipe Menezes Bueno,Alliance
European IBJJF Jiu-Jitsu Championship ,2015,Adult,Black,Male,Super-Heavy,3,Karim Mohamed Ait Khalifa,Alliance
European IBJJF Jiu-Jitsu Championship ,2015,Adult,Black,Male,Ultra-Heavy,3,Gabriel Lyrio Lucas,CheckMat
European IBJJF Jiu-Jitsu Championship ,2015,Adult,Black,Male,Ultra-Heavy,3,José Ferreira da Silva Júnior,UAE Jiu-jitsu Team
European IBJJF Jiu-Jitsu Championship ,2015,Adult,Black,Male,Open Class,3,Lucio Furtado Rodrigues,Gracie Barra
European IBJJF Jiu-Jitsu Championship ,2015,Adult,Black,Male,Open Class,3,Paulo Tarcisio Pessoa Jardim,CheckMat
European IBJJF Jiu-Jitsu Championship ,2015,Adult,Black,Female,Feather,1,Michelle Zonato Nicolini,CheckMat
European IBJJF Jiu-Jitsu Championship ,2015,Adult,Black,Female,Light,1,Angelica Cabral Firme Galvao,Atos Jiu-Jitsu
European IBJJF Jiu-Jitsu Championship ,2015,Adult,Black,Female,Middle,1,Janni Margareta Larsson,CheckMat
European IBJJF Jiu-Jitsu Championship ,2015,Adult,Black,Female,Medium-Heavy,1,Ida Josefin Hansson,CheckMat
European IBJJF Jiu-Jitsu Championship ,2015,Adult,Black,Female,Heavy,1,Dominyka Obelenyte,Alliance
European IBJJF Jiu-Jitsu Championship ,2015,Adult,Black,Female,Super-Heavy,1,Gabrielle Lemos Garcia,Alliance
European IBJJF Jiu-Jitsu Championship ,2015,Adult,Black,Female,Open Class,1,Gabrielle Lemos Garcia,Alliance
European IBJJF Jiu-Jitsu Championship ,2015,Adult,Black,Female,Feather,2,Mackenzie Lynne Dern,Gracie Humaita
European IBJJF Jiu-Jitsu Championship ,2015,Adult,Black,Female,Light,2,Anna Louise Mayne,CFS BJJ
European IBJJF Jiu-Jitsu Championship ,2015,Adult,Black,Female,Middle,2,Amanda Loewen,SBG International (SBGI)
European IBJJF Jiu-Jitsu Championship ,2015,Adult,Black,Female,Medium-Heavy,2,Andrea Endy Alves de Souza,Brazilian Power Team International
European IBJJF Jiu-Jitsu Championship ,2015,Adult,Black,Female,Super-Heavy,2,Venla Orvokki Luukkonen,Hilti BJJ Jyvaskyla
European IBJJF Jiu-Jitsu Championship ,2015,Adult,Black,Female,Open Class,2,Mackenzie Lynne Dern,Gracie Humaita
European IBJJF Jiu-Jitsu Championship ,2015,Adult,Black,Female,Feather,3,Ana Carolina Schmitt,Nova União
European IBJJF Jiu-Jitsu Championship ,2015,Adult,Black,Female,Feather,3,Laurence Cousin Fouillat,Ribeiro Jiu-Jitsu
European IBJJF Jiu-Jitsu Championship ,2015,Adult,Black,Female,Light,3,Maria Dolores Asensi Gonzalez,Climent club
European IBJJF Jiu-Jitsu Championship ,2015,Adult,Black,Female,Light,3,Yasmine Clarisa Wilson,Roger Gracie
European IBJJF Jiu-Jitsu Championship ,2015,Adult,Black,Female,Middle,3,Anne Francoise Toupet,GF Team
European IBJJF Jiu-Jitsu Championship ,2015,Adult,Black,Female,Middle,3,Shanti A. D. Abelha,CheckMat
European IBJJF Jiu-Jitsu Championship ,2015,Adult,Black,Female,Medium-Heavy,3,Gretchen Dawn Zoeller,Gracie Barra
European IBJJF Jiu-Jitsu Championship ,2015,Adult,Black,Female,Super-Heavy,3,Samela Shoham Lopes Leite,Ribeiro Jiu-Jitsu
European IBJJF Jiu-Jitsu Championship ,2015,Adult,Black,Female,Open Class,3,Dominyka Obelenyte,Alliance
European IBJJF Jiu-Jitsu Championship ,2015,Adult,Black,Female,Open Class,3,Shanti A. D. Abelha,CheckMat
European IBJJF Jiu-Jitsu Championship ,2016,Adult,Black,Male,Rooster,1,Caio Terra,Brasa CTA
European IBJJF Jiu-Jitsu Championship ,2016,Adult,Black,Male,Light-Feather,1,João Ricardo Bordignon Miyao,PSLPB Cicero Costha
European IBJJF Jiu-Jitsu Championship ,2016,Adult,Black,Male,Feather,1,Marcio Andre da Costa Barbosa Junior,Nova União
European IBJJF Jiu-Jitsu Championship ,2016,Adult,Black,Male,Light,1,Michael Remigio Liera Jr.,Atos Jiu-Jitsu
European IBJJF Jiu-Jitsu Championship ,2016,Adult,Black,Male,Middle,1,Yago Vinicius de Souza,Ns Brotherhood
European IBJJF Jiu-Jitsu Championship ,2016,Adult,Black,Male,Medium-Heavy,1,Gabriel Arges de Sousa,Gracie Barra JJ
European IBJJF Jiu-Jitsu Championship ,2016,Adult,Black,Male,Heavy,1,Jackson Sousa dos Santos,CheckMat
European IBJJF Jiu-Jitsu Championship ,2016,Adult,Black,Male,Super-Heavy,1,Erberth Santos de Mesquita,Ryan Gracie Team
European IBJJF Jiu-Jitsu Championship ,2016,Adult,Black,Male,Ultra-Heavy,1,Pedro Henrique de Souza Moura,Ribeiro Jiu-Jitsu
European IBJJF Jiu-Jitsu Championship ,2016,Adult,Black,Male,Open Class,1,Felipe Carsalade Araujo Pena,Gracie Barra
European IBJJF Jiu-Jitsu Championship ,2016,Adult,Black,Male,Rooster,2,Koji Shibamoto,Tri-Force Jiu-Jitsu Academy
European IBJJF Jiu-Jitsu Championship ,2016,Adult,Black,Male,Light-Feather,2,Hiago George Santos Silva,PSLPB Cicero Costha
European IBJJF Jiu-Jitsu Championship ,2016,Adult,Black,Male,Feather,2,Paulo Henrique Bordignon Miyao,PSLPB Cicero Costha
European IBJJF Jiu-Jitsu Championship ,2016,Adult,Black,Male,Light,2,Alex Cabanes Gisbert,Atos Jiu-Jitsu
European IBJJF Jiu-Jitsu Championship ,2016,Adult,Black,Male,Middle,2,Alan Douglas Pereira do Nascimento,CheckMat
European IBJJF Jiu-Jitsu Championship ,2016,Adult,Black,Male,Medium-Heavy,2,Rômulo Claudio Barral,Gracie Barra
European IBJJF Jiu-Jitsu Championship ,2016,Adult,Black,Male,Heavy,2,Felipe Menezes Bueno,Alliance
European IBJJF Jiu-Jitsu Championship ,2016,Adult,Black,Male,Super-Heavy,2,Lucio Furtado Rodrigues,Gracie Barra
European IBJJF Jiu-Jitsu Championship ,2016,Adult,Black,Male,Ultra-Heavy,2,Luke Richard Costello,Gracie Barra
European IBJJF Jiu-Jitsu Championship ,2016,Adult,Black,Male,Open Class,2,Rômulo Claudio Barral,Gracie Barra
European IBJJF Jiu-Jitsu Championship ,2016,Adult,Black,Male,Rooster,3,Rodnei Barbosa Gabriel Jr.,Zenith BJJ
European IBJJF Jiu-Jitsu Championship ,2016,Adult,Black,Male,Rooster,3,Vincent Arnaud Nguyen,Atos Jiu-Jitsu
European IBJJF Jiu-Jitsu Championship ,2016,Adult,Black,Male,Light-Feather,3,Gabriel Willcox Furley,Icon Jiu-Jitsu Team
European IBJJF Jiu-Jitsu Championship ,2016,Adult,Black,Male,Light-Feather,3,Luis Felipe Ninja de Moraes Pinto,Kronos BJJ HQ
European IBJJF Jiu-Jitsu Championship ,2016,Adult,Black,Male,Feather,3,Brian Daniel Mahecha,American Top Team
European IBJJF Jiu-Jitsu Championship ,2016,Adult,Black,Male,Feather,3,Ítalo Silva Lins de Albuquerque,GF Team
European IBJJF Jiu-Jitsu Championship ,2016,Adult,Black,Male,Light,3,Edwin Najmi,Gracie Barra
European IBJJF Jiu-Jitsu Championship ,2016,Adult,Black,Male,Light,3,Samuel Thomas F. Gibson,Carlson Gracie Team
European IBJJF Jiu-Jitsu Championship ,2016,Adult,Black,Male,Middle,3,Charles Negromonte Santos,Gracie Barra
European IBJJF Jiu-Jitsu Championship ,2016,Adult,Black,Male,Middle,3,Eduardo Rios,Frontline Academy
European IBJJF Jiu-Jitsu Championship ,2016,Adult,Black,Male,Medium-Heavy,3,Diogo Sampaio Araujo,Soul Fighters BJJ
European IBJJF Jiu-Jitsu Championship ,2016,Adult,Black,Male,Medium-Heavy,3,Patrick Pontes de Moura Santos Gaudio,GF Team
European IBJJF Jiu-Jitsu Championship ,2016,Adult,Black,Male,Heavy,3,Maksymilian Wisniewski,Zenith BJJ
European IBJJF Jiu-Jitsu Championship ,2016,Adult,Black,Male,Heavy,3,Manuel António Ambrósio S. T. Pontes,Gracie Barra BJJ
European IBJJF Jiu-Jitsu Championship ,2016,Adult,Black,Male,Super-Heavy,3,Alexandro Ceconi de Souza,Ceconi Team
European IBJJF Jiu-Jitsu Championship ,2016,Adult,Black,Male,Super-Heavy,3,Christopher Stephen Bowe,Gracie Barra JJ
European IBJJF Jiu-Jitsu Championship ,2016,Adult,Black,Male,Ultra-Heavy,3,Gilmar Silva de Oliveira,Academia BSB
European IBJJF Jiu-Jitsu Championship ,2016,Adult,Black,Male,Ultra-Heavy,3,Robson Ricardo Barbosa Oliveira,CheckMat
European IBJJF Jiu-Jitsu Championship ,2016,Adult,Black,Male,Open Class,3,Erberth Santos de Mesquita,Ryan Gracie Team
European IBJJF Jiu-Jitsu Championship ,2016,Adult,Black,Male,Open Class,3,Jackson Sousa dos Santos,CheckMat
European IBJJF Jiu-Jitsu Championship ,2016,Adult,Black,Female,Light-Feather,1,Kristina Sofia Puruganan Barlaan,Brasa CTA
European IBJJF Jiu-Jitsu Championship ,2016,Adult,Black,Female,Feather,1,Mackenzie Lynne Dern,Gracie Humaita
European IBJJF Jiu-Jitsu Championship ,2016,Adult,Black,Female,Light,1,Jessica Cristina C. A. dos Santos,UAE Jiu-Jitsu Team
European IBJJF Jiu-Jitsu Championship ,2016,Adult,Black,Female,Middle,1,Luiza Monteiro Moura da Costa,Ns Brotherhood
European IBJJF Jiu-Jitsu Championship ,2016,Adult,Black,Female,Medium-Heavy,1,Andresa Correa,Alliance
European IBJJF Jiu-Jitsu Championship ,2016,Adult,Black,Female,Super-Heavy,1,Ewelyn Arruda,Alliance
European IBJJF Jiu-Jitsu Championship ,2016,Adult,Black,Female,Open Class,1,Andresa Correa,Alliance
European IBJJF Jiu-Jitsu Championship ,2016,Adult,Black,Female,Light-Feather,2,Ariadne de Oliveira,Equipe Mestre Wilson Jiu-Jitsu
European IBJJF Jiu-Jitsu Championship ,2016,Adult,Black,Female,Feather,2,Yasmine Clarisa Wilson,Roger Gracie
European IBJJF Jiu-Jitsu Championship ,2016,Adult,Black,Female,Light,2,Laurence Elisabeth E. Cousin,Ribeiro Jiu-Jitsu
European IBJJF Jiu-Jitsu Championship ,2016,Adult,Black,Female,Middle,2,Amanda Loewen,SBG International (SBGI)
European IBJJF Jiu-Jitsu Championship ,2016,Adult,Black,Female,Medium-Heavy,2,Karolina Zawodnik,Brasa CTA
European IBJJF Jiu-Jitsu Championship ,2016,Adult,Black,Female,Super-Heavy,2,Venla Orvokki Luukkonen,Hilti BJJ Jyvaskyla
European IBJJF Jiu-Jitsu Championship ,2016,Adult,Black,Female,Open Class,2,Mackenzie Lynne Dern,Gracie Humaita
European IBJJF Jiu-Jitsu Championship ,2016,Adult,Black,Female,Light-Feather,3,Chelsea Bainbridge-Donner,Atos Jiu-Jitsu
European IBJJF Jiu-Jitsu Championship ,2016,Adult,Black,Female,Light-Feather,3,Serena Gabrielli,Flow
European IBJJF Jiu-Jitsu Championship ,2016,Adult,Black,Female,Light,3,Maria Dolores Asensi Gonzalez,Climent club
European IBJJF Jiu-Jitsu Championship ,2016,Adult,Black,Female,Light,3,Sarah Johnel Black,GD Jiu-Jitsu Association
European IBJJF Jiu-Jitsu Championship ,2016,Adult,Black,Female,Middle,3,Priscila Cardoso Cerqueira,UAE Jiu-Jitsu Team
European IBJJF Jiu-Jitsu Championship ,2016,Adult,Black,Female,Middle,3,Shanti A. D. Abelha,CheckMat
European IBJJF Jiu-Jitsu Championship ,2016,Adult,Black,Female,Medium-Heavy,3,Gretchen Dawn Zoeller,Gracie Barra
European IBJJF Jiu-Jitsu Championship ,2016,Adult,Black,Female,Medium-Heavy,3,Olga Lyashevska,Carlson Gracie Team
European IBJJF Jiu-Jitsu Championship ,2016,Adult,Black,Female,Open Class,3,Luiza Monteiro Moura da Costa,Ns Brotherhood
European IBJJF Jiu-Jitsu Championship ,2016,Adult,Black,Female,Open Class,3,Olga Lyashevska,Carlson Gracie Team
European IBJJF Jiu-Jitsu Championship ,2017,Adult,Black,Male,Rooster,1,Koji Shibamoto,Tri-Force Jiu-Jitsu Academy
European IBJJF Jiu-Jitsu Championship ,2017,Adult,Black,Male,Light-Feather,1,Michael Musumeci Jr.,Brasa CTA
European IBJJF Jiu-Jitsu Championship ,2017,Adult,Black,Male,Feather,1,Rubens Charles Maciel,Alliance
European IBJJF Jiu-Jitsu Championship ,2017,Adult,Black,Male,Light,1,Marcio Andre da Costa Barbosa Junior,Nova União
European IBJJF Jiu-Jitsu Championship ,2017,Adult,Black,Male,Middle,1,Marcos Vinícius da Silva Tinoco,Alliance
European IBJJF Jiu-Jitsu Championship ,2017,Adult,Black,Male,Medium-Heavy,1,Rodrigo Fajardo,Gracie Barra
European IBJJF Jiu-Jitsu Championship ,2017,Adult,Black,Male,Heavy,1,Leandro Lo Pereira do Nascimento,Ns Brotherhood
European IBJJF Jiu-Jitsu Championship ,2017,Adult,Black,Male,Super-Heavy,1,Mahamed Aly Santos da Silva,Team Lloyd Irvin
European IBJJF Jiu-Jitsu Championship ,2017,Adult,Black,Male,Ultra-Heavy,1,Igor Silva,GF Team
European IBJJF Jiu-Jitsu Championship ,2017,Adult,Black,Male,Open Class,1,Leandro Lo Pereira do Nascimento,Ns Brotherhood
European IBJJF Jiu-Jitsu Championship ,2017,Adult,Black,Male,Rooster,2,Rodnei Barbosa Gabriel Jr.,Zenith BJJ
European IBJJF Jiu-Jitsu Championship ,2017,Adult,Black,Male,Light-Feather,2,Gabriel Afonso dos Santos Moraes,Alliance
European IBJJF Jiu-Jitsu Championship ,2017,Adult,Black,Male,Feather,2,Gianni Paul Grippo,Alliance
European IBJJF Jiu-Jitsu Championship ,2017,Adult,Black,Male,Light,2,Luan de Carvalho Alves,Nova União
European IBJJF Jiu-Jitsu Championship ,2017,Adult,Black,Male,Middle,2,Alec Jerrod Baulding,Alliance
European IBJJF Jiu-Jitsu Championship ,2017,Adult,Black,Male,Medium-Heavy,2,Horlando de Jesus Monteiro,Nova União
European IBJJF Jiu-Jitsu Championship ,2017,Adult,Black,Male,Heavy,2,Tanner Wade Rice,Soul Fighter BJJ Connecticut
European IBJJF Jiu-Jitsu Championship ,2017,Adult,Black,Male,Super-Heavy,2,Lucio Furtado Rodrigues,Gracie Barra
European IBJJF Jiu-Jitsu Championship ,2017,Adult,Black,Male,Ultra-Heavy,2,Ricardo Ferreira Evangelista,GF Team
European IBJJF Jiu-Jitsu Championship ,2017,Adult,Black,Male,Open Class,2,Claudio Calasans Camargo Júnior,Atos Jiu-Jitsu
European IBJJF Jiu-Jitsu Championship ,2017,Adult,Black,Male,Rooster,3,Guilherme Angelus Montenegro de Carvalho,GF Team
European IBJJF Jiu-Jitsu Championship ,2017,Adult,Black,Male,Rooster,3,Vincent Arnaud Nguyen,Atos Jiu-Jitsu
European IBJJF Jiu-Jitsu Championship ,2017,Adult,Black,Male,Light-Feather,3,Hiago George Santos Silva,PSLPB Cicero Costha
European IBJJF Jiu-Jitsu Championship ,2017,Adult,Black,Male,Light-Feather,3,João Ricardo Bordignon Miyao,PSLPB Cicero Costha
European IBJJF Jiu-Jitsu Championship ,2017,Adult,Black,Male,Feather,3,Gabriel Marangoni de Oliveira,Brasa CTA
European IBJJF Jiu-Jitsu Championship ,2017,Adult,Black,Male,Feather,3,Isaque Alberto de Oliveira Paiva,Saikoo Jiu-Jitsu
European IBJJF Jiu-Jitsu Championship ,2017,Adult,Black,Male,Light,3,Andris Auseklis Brunovskis,Atos Jiu-Jitsu
European IBJJF Jiu-Jitsu Championship ,2017,Adult,Black,Male,Light,3,Masahiro Iwasaki,Carpe Diem
European IBJJF Jiu-Jitsu Championship ,2017,Adult,Black,Male,Middle,3,Isaque Bahiense Braz,Alliance International
European IBJJF Jiu-Jitsu Championship ,2017,Adult,Black,Male,Middle,3,Jaime Soares Canuto,GF Team
European IBJJF Jiu-Jitsu Championship ,2017,Adult,Black,Male,Medium-Heavy,3,Matheus Spirandeli Souza,Ns Brotherhood
European IBJJF Jiu-Jitsu Championship ,2017,Adult,Black,Male,Medium-Heavy,3,Vinicius Carvalho Garcia,Ns Brotherhood
European IBJJF Jiu-Jitsu Championship ,2017,Adult,Black,Male,Heavy,3,Adam Piotr Wardzinski,CheckMat
European IBJJF Jiu-Jitsu Championship ,2017,Adult,Black,Male,Heavy,3,Jesse Juhani Urholin,Alliance
European IBJJF Jiu-Jitsu Championship ,2017,Adult,Black,Male,Super-Heavy,3,Christopher Stephen Bowe,Gracie Barra JJ
European IBJJF Jiu-Jitsu Championship ,2017,Adult,Black,Male,Super-Heavy,3,Vitor Fabio Martins Toledo,Atos Jiu-Jitsu
European IBJJF Jiu-Jitsu Championship ,2017,Adult,Black,Male,Ultra-Heavy,3,Carlos Eduardo de Araujo Farias,Brasa CTA
European IBJJF Jiu-Jitsu Championship ,2017,Adult,Black,Male,Ultra-Heavy,3,Gustavo Dias Elias,Ribeiro Jiu-Jitsu
European IBJJF Jiu-Jitsu Championship ,2017,Adult,Black,Male,Open Class,3,Mahamed Aly Santos da Silva,Team Lloyd Irvin
European IBJJF Jiu-Jitsu Championship ,2017,Adult,Black,Male,Open Class,3,Manuel Ribamar V. de Oliveira Filho,Ns Brotherhood
European IBJJF Jiu-Jitsu Championship ,2017,Adult,Black,Female,Rooster,1,Serena Gabrielli,Flow
European IBJJF Jiu-Jitsu Championship ,2017,Adult,Black,Female,Light-Feather,1,Gezary Matuda Kubis Bandeira,American Top Team
European IBJJF Jiu-Jitsu Championship ,2017,Adult,Black,Female,Feather,1,Mackenzie Lynne Dern,Gracie Humaita
European IBJJF Jiu-Jitsu Championship ,2017,Adult,Black,Female,Light,1,Beatriz de Oliveira Mesquita,Gracie Humaita
European IBJJF Jiu-Jitsu Championship ,2017,Adult,Black,Female,Middle,1,Ana Carolina Vieira Srour,GF Team
European IBJJF Jiu-Jitsu Championship ,2017,Adult,Black,Female,Medium-Heavy,1,Nathiely Karoline Melo de Jesus,PSLPB Cicero Costha B
European IBJJF Jiu-Jitsu Championship ,2017,Adult,Black,Female,Heavy,1,Claudia Fernanda Onofre Valim Doval,De La Riva JJ
European IBJJF Jiu-Jitsu Championship ,2017,Adult,Black,Female,Super-Heavy,1,Tayane Porfírio de Araújo,Alliance
European IBJJF Jiu-Jitsu Championship ,2017,Adult,Black,Female,Open Class,1,Tayane Porfírio de Araújo,Alliance
European IBJJF Jiu-Jitsu Championship ,2017,Adult,Black,Female,Rooster,2,Outi K. Tammilehto,Brasa CTA
European IBJJF Jiu-Jitsu Championship ,2017,Adult,Black,Female,Light-Feather,2,Kristina Sofia Puruganan Barlaan,Brasa CTA
European IBJJF Jiu-Jitsu Championship ,2017,Adult,Black,Female,Feather,2,Emilie Maxine M. H. Thylin,Gracie Humaita
European IBJJF Jiu-Jitsu Championship ,2017,Adult,Black,Female,Light,2,Luiza Monteiro Moura da Costa,Ns Brotherhood
European IBJJF Jiu-Jitsu Championship ,2017,Adult,Black,Female,Middle,2,Paivi Anneli Aittamaa,CheckMat
European IBJJF Jiu-Jitsu Championship ,2017,Adult,Black,Female,Medium-Heavy,2,Ida Fløisvik,Roger Gracie Academy
European IBJJF Jiu-Jitsu Championship ,2017,Adult,Black,Female,Super-Heavy,2,Venla Orvokki Luukkonen,Hilti BJJ Jyvaskyla
European IBJJF Jiu-Jitsu Championship ,2017,Adult,Black,Female,Open Class,2,Beatriz de Oliveira Mesquita,Gracie Humaita
European IBJJF Jiu-Jitsu Championship ,2017,Adult,Black,Female,Light-Feather,3,Sofia Rosa Amarante,Fight Sports
European IBJJF Jiu-Jitsu Championship ,2017,Adult,Black,Female,Light-Feather,3,Thamires Diógenes de Aquino,GF Team
European IBJJF Jiu-Jitsu Championship ,2017,Adult,Black,Female,Feather,3,Carolina Carriello,Gracie Barra
European IBJJF Jiu-Jitsu Championship ,2017,Adult,Black,Female,Feather,3,Yasmine Clarisa Wilson,Roger Gracie Academy
European IBJJF Jiu-Jitsu Championship ,2017,Adult,Black,Female,Light,3,Fabiana Alves Borges,Gracie Barra
European IBJJF Jiu-Jitsu Championship ,2017,Adult,Black,Female,Light,3,Tammi Alana Musumeci,Brasa CTA
European IBJJF Jiu-Jitsu Championship ,2017,Adult,Black,Female,Middle,3,Amanda Loewen,SBG International (SBGI)
European IBJJF Jiu-Jitsu Championship ,2017,Adult,Black,Female,Middle,3,Barbara Gomes dos Santos,Universidade Católica de Brasília
European IBJJF Jiu-Jitsu Championship ,2017,Adult,Black,Female,Medium-Heavy,3,Karolina Zawodnik,Brasa CTA
European IBJJF Jiu-Jitsu Championship ,2017,Adult,Black,Female,Medium-Heavy,3,Olga Lyashevska,Carlson Gracie Team
European IBJJF Jiu-Jitsu Championship ,2017,Adult,Black,Female,Open Class,3,Claudia Fernanda Onofre Valim Doval,De La Riva JJ
European IBJJF Jiu-Jitsu Championship ,2017,Adult,Black,Female,Open Class,3,Mackenzie Lynne Dern,Gracie Humaita
European IBJJF Jiu-Jitsu Championship ,2018,Adult,Black,Male,Rooster,1,Hiago Gama Sousa,Alliance
European IBJJF Jiu-Jitsu Championship ,2018,Adult,Black,Male,Light-Feather,1,Hiago George Santos Silva,Cicero Costha Europe
European IBJJF Jiu-Jitsu Championship ,2018,Adult,Black,Male,Feather,1,Marcio Andre da Costa Barbosa Junior,Nova União
European IBJJF Jiu-Jitsu Championship ,2018,Adult,Black,Male,Light,1,Michael Alexandre Langhi,Alliance
European IBJJF Jiu-Jitsu Championship ,2018,Adult,Black,Male,Middle,1,Isaque Bahiense Braz,Alliance
European IBJJF Jiu-Jitsu Championship ,2018,Adult,Black,Male,Medium-Heavy,1,Horlando de Jesus Monteiro,Nova União
European IBJJF Jiu-Jitsu Championship ,2018,Adult,Black,Male,Heavy,1,Keenan Kai-James Cornelius,Atos Jiu-Jitsu
European IBJJF Jiu-Jitsu Championship ,2018,Adult,Black,Male,Super-Heavy,1,Manuel António Ambrósio S. T. Pontes,Gracie Barra
European IBJJF Jiu-Jitsu Championship ,2018,Adult,Black,Male,Ultra-Heavy,1,Ricardo Ferreira Evangelista,GF Team
European IBJJF Jiu-Jitsu Championship ,2018,Adult,Black,Male,Open Class,1,Lucas Daniel Silva Barbosa,Atos Jiu-Jitsu
European IBJJF Jiu-Jitsu Championship ,2018,Adult,Black,Male,Rooster,2,Cleito Soares de Resende Junior,Alliance
European IBJJF Jiu-Jitsu Championship ,2018,Adult,Black,Male,Light-Feather,2,João Ricardo Bordignon Miyao,Cicero Costha Europe
European IBJJF Jiu-Jitsu Championship ,2018,Adult,Black,Male,Feather,2,Gian Paul Grippo,Alliance
European IBJJF Jiu-Jitsu Championship ,2018,Adult,Black,Male,Light,2,Masahiro Iwasaki,Carpe Diem
European IBJJF Jiu-Jitsu Championship ,2018,Adult,Black,Male,Middle,2,Marcos Vinícius da Silva Tinoco,Alliance
European IBJJF Jiu-Jitsu Championship ,2018,Adult,Black,Male,Medium-Heavy,2,Renato Guimaraes Cardoso,Alliance
European IBJJF Jiu-Jitsu Championship ,2018,Adult,Black,Male,Heavy,2,Helton José M. da Silva Junior,Cicero Costha Europe
European IBJJF Jiu-Jitsu Championship ,2018,Adult,Black,Male,Super-Heavy,2,Arya  Esfandmaz,Roger Gracie Academy
European IBJJF Jiu-Jitsu Championship ,2018,Adult,Black,Male,Ultra-Heavy,2,Victor Hugo Honório P. da Silva,Qatar BJJ
European IBJJF Jiu-Jitsu Championship ,2018,Adult,Black,Male,Open Class,2,Keenan Kai-James Cornelius,Atos Jiu-Jitsu
European IBJJF Jiu-Jitsu Championship ,2018,Adult,Black,Male,Rooster,3,Koji Shibamoto,Tri-Force Jiu-Jitsu Academy
European IBJJF Jiu-Jitsu Championship ,2018,Adult,Black,Male,Rooster,3,Vincent Arnaud Nguyen,GF Team France
European IBJJF Jiu-Jitsu Championship ,2018,Adult,Black,Male,Light-Feather,3,Pablo Mantovani Dutra,Atos Jiu-Jitsu
European IBJJF Jiu-Jitsu Championship ,2018,Adult,Black,Male,Light-Feather,3,Rene Eduardo Lopez,Brasa CTA
European IBJJF Jiu-Jitsu Championship ,2018,Adult,Black,Male,Feather,3,Isaac Nolan Doederlein,Alliance
European IBJJF Jiu-Jitsu Championship ,2018,Adult,Black,Male,Feather,3,Isaque Alberto de Oliveira Paiva,Saikoo Jiu-Jitsu
European IBJJF Jiu-Jitsu Championship ,2018,Adult,Black,Male,Light,3,Edwin Najmi,Gracie Barra
European IBJJF Jiu-Jitsu Championship ,2018,Adult,Black,Male,Light,3,Hugo Doerzapff Marques,Double Five Tijuca
European IBJJF Jiu-Jitsu Championship ,2018,Adult,Black,Male,Middle,3,Jaime Soares Canuto,GF Team
European IBJJF Jiu-Jitsu Championship ,2018,Adult,Black,Male,Middle,3,Nathan Albrecht Mendelsohn,Coalition 95
European IBJJF Jiu-Jitsu Championship ,2018,Adult,Black,Male,Medium-Heavy,3,Patrick Pontes de Moura Santos Gaudio,GF Team
European IBJJF Jiu-Jitsu Championship ,2018,Adult,Black,Male,Medium-Heavy,3,Viking Wai Chun Wong,GF Team
European IBJJF Jiu-Jitsu Championship ,2018,Adult,Black,Male,Heavy,3,Adam Piotr Wardzinski,CheckMat
European IBJJF Jiu-Jitsu Championship ,2018,Adult,Black,Male,Heavy,3,Jackson Sousa dos Santos,CheckMat
European IBJJF Jiu-Jitsu Championship ,2018,Adult,Black,Male,Super-Heavy,3,Eliot Andrew Kelly,Yemaso Brazilian Jiu-Jitsu
European IBJJF Jiu-Jitsu Championship ,2018,Adult,Black,Male,Super-Heavy,3,Marek Pawel Zbrog,Gracie Barra
European IBJJF Jiu-Jitsu Championship ,2018,Adult,Black,Male,Ultra-Heavy,3,Lucas Daniel Silva Barbosa,Atos Jiu-Jitsu
European IBJJF Jiu-Jitsu Championship ,2018,Adult,Black,Male,Ultra-Heavy,3,Otavio de Souza Nalati,Guigo JJ
European IBJJF Jiu-Jitsu Championship ,2018,Adult,Black,Male,Open Class,3,Tommy Lilleskog Langaker,Team Kimura KMR
European IBJJF Jiu-Jitsu Championship ,2018,Adult,Black,Male,Open Class,3,Victor Hugo Honório P. da Silva,Qatar BJJ
European IBJJF Jiu-Jitsu Championship ,2018,Adult,Black,Female,Rooster,1,Serena Gabrielli,Flow
European IBJJF Jiu-Jitsu Championship ,2018,Adult,Black,Female,Light-Feather,1,Vanessa English,Gracie Barra
European IBJJF Jiu-Jitsu Championship ,2018,Adult,Black,Female,Feather,1,Amanda Monteiro Canuto,GF Team
European IBJJF Jiu-Jitsu Championship ,2018,Adult,Black,Female,Light,1,Beatriz de Oliveira Mesquita,Gracie Humaita
European IBJJF Jiu-Jitsu Championship ,2018,Adult,Black,Female,Middle,1,Danielle Renee Alvarez,Gracie Humaita South Bay
European IBJJF Jiu-Jitsu Championship ,2018,Adult,Black,Female,Medium-Heavy,1,Claudia Fernanda Onofre Valim Doval,De La Riva JJ
European IBJJF Jiu-Jitsu Championship ,2018,Adult,Black,Female,Heavy,1,Carina Curvelo Santi,G13 BJJ
European IBJJF Jiu-Jitsu Championship ,2018,Adult,Black,Female,Super-Heavy,1,Tayane Porfírio de Araújo,Alliance
European IBJJF Jiu-Jitsu Championship ,2018,Adult,Black,Female,Open Class,1,Tayane Porfírio de Araújo,Alliance
European IBJJF Jiu-Jitsu Championship ,2018,Adult,Black,Female,Rooster,2,Outi K. Tammilehto,Brasa CTA
European IBJJF Jiu-Jitsu Championship ,2018,Adult,Black,Female,Light-Feather,2,Liwia Giles,Absolute MMA Australia
European IBJJF Jiu-Jitsu Championship ,2018,Adult,Black,Female,Feather,2,Bianca Barbosa Basilio,Atos Jiu-Jitsu
European IBJJF Jiu-Jitsu Championship ,2018,Adult,Black,Female,Light,2,Erin Elizabeth Herle,Alliance
European IBJJF Jiu-Jitsu Championship ,2018,Adult,Black,Female,Middle,2,Raquel Dayne Kaleialoha Canuto,Zenith BJJ - Las Vegas
European IBJJF Jiu-Jitsu Championship ,2018,Adult,Black,Female,Medium-Heavy,2,Samantha Lea Cook,CheckMat
European IBJJF Jiu-Jitsu Championship ,2018,Adult,Black,Female,Heavy,2,Jessica da Silva Flowers,Gracie Barra
European IBJJF Jiu-Jitsu Championship ,2018,Adult,Black,Female,Super-Heavy,2,Venla Orvokki Luukkonen,Hilti BJJ Jyvaskyla
European IBJJF Jiu-Jitsu Championship ,2018,Adult,Black,Female,Open Class,2,Beatriz de Oliveira Mesquita,Gracie Humaita
European IBJJF Jiu-Jitsu Championship ,2018,Adult,Black,Female,Light-Feather,3,Ana Talita de Oliveira Alencar,Alliance
European IBJJF Jiu-Jitsu Championship ,2018,Adult,Black,Female,Light-Feather,3,Tassia Vanessa Ferreira,Gracie Barra
European IBJJF Jiu-Jitsu Championship ,2018,Adult,Black,Female,Feather,3,Emilia Tuukkanen,Gracie Barra
European IBJJF Jiu-Jitsu Championship ,2018,Adult,Black,Female,Feather,3,Emilie Maxine M. H. Thylin,Gracie Humaita South Bay
European IBJJF Jiu-Jitsu Championship ,2018,Adult,Black,Female,Light,3,Charlotte Valentina Von Baumgarten,Alliance
European IBJJF Jiu-Jitsu Championship ,2018,Adult,Black,Female,Light,3,Líbia Christal Alves Gonçalves,Natural Kombat
European IBJJF Jiu-Jitsu Championship ,2018,Adult,Black,Female,Middle,3,Maria Eduarda Vieira Santos,Brazilian Power Team International
European IBJJF Jiu-Jitsu Championship ,2018,Adult,Black,Female,Middle,3,Renata Marinho Moreira,Alliance
European IBJJF Jiu-Jitsu Championship ,2018,Adult,Black,Female,Open Class,3,Claudia Fernanda Onofre Valim Doval,De La Riva JJ
European IBJJF Jiu-Jitsu Championship ,2018,Adult,Black,Female,Open Class,3,Jessica da Silva Flowers,Gracie Barra
European IBJJF Jiu-Jitsu Championship ,2019,Adult,Black,Male,Rooster,1,Rodnei Barbosa Gabriel Jr.,Qatar BJJ Brasil
European IBJJF Jiu-Jitsu Championship ,2019,Adult,Black,Male,Light-Feather,1,João Ricardo Bordignon Miyao,Cicero Costha Internacional
European IBJJF Jiu-Jitsu Championship ,2019,Adult,Black,Male,Feather,1,Paulo H. Bordignon Miyao,Cicero Costha Internacional
European IBJJF Jiu-Jitsu Championship ,2019,Adult,Black,Male,Light,1,Levi Jones-Leary,Unity Jiu-jitsu
European IBJJF Jiu-Jitsu Championship ,2019,Adult,Black,Male,Middle,1,Isaque Bahiense Braz,Alliance
European IBJJF Jiu-Jitsu Championship ,2019,Adult,Black,Male,Medium-Heavy,1,Rudson Mateus Sarmento Teles,Brasa CTA
European IBJJF Jiu-Jitsu Championship ,2019,Adult,Black,Male,Heavy,1,Kaynan Casemiro Duarte,Atos Jiu-Jitsu
European IBJJF Jiu-Jitsu Championship ,2019,Adult,Black,Male,Super-Heavy,1,Fellipe Andrew Leandro Silva,Zenith BJJ
European IBJJF Jiu-Jitsu Championship ,2019,Adult,Black,Male,Ultra-Heavy,1,Victor Hugo Honório P. da Silva,Qatar BJJ Brasil
European IBJJF Jiu-Jitsu Championship ,2019,Adult,Black,Male,Open Class,1,Gustavo Espindola Batista,Atos Jiu-Jitsu
European IBJJF Jiu-Jitsu Championship ,2019,Adult,Black,Male,Rooster,2,Tomoyuki Hashimoto,Carpe Diem
European IBJJF Jiu-Jitsu Championship ,2019,Adult,Black,Male,Light-Feather,2,Hiago George Santos Silva,Cicero Costha Internacional
European IBJJF Jiu-Jitsu Championship ,2019,Adult,Black,Male,Feather,2,Isaac Doederlein,Alliance
European IBJJF Jiu-Jitsu Championship ,2019,Adult,Black,Male,Light,2,Lucas Alves Lepri,Alliance
European IBJJF Jiu-Jitsu Championship ,2019,Adult,Black,Male,Middle,2,Tommy Lilleskog Langaker,KMR BJJ KIMURA
European IBJJF Jiu-Jitsu Championship ,2019,Adult,Black,Male,Medium-Heavy,2,Gabriel Salles Muniz Almeida,CheckMat
European IBJJF Jiu-Jitsu Championship ,2019,Adult,Black,Male,Heavy,2,Gustavo Espindola Batista,Atos Jiu-Jitsu
European IBJJF Jiu-Jitsu Championship ,2019,Adult,Black,Male,Super-Heavy,2,Helton José M. da Silva Junior,Atos Jiu-Jitsu
European IBJJF Jiu-Jitsu Championship ,2019,Adult,Black,Male,Ultra-Heavy,2,Tanner Wade Rice,Soul Fighters BJJ
European IBJJF Jiu-Jitsu Championship ,2019,Adult,Black,Male,Open Class,2,Lucas Alves Lepri,Alliance
European IBJJF Jiu-Jitsu Championship ,2019,Adult,Black,Male,Rooster,3,Aniel  Bonifacio Candido,Qatar BJJ Brasil
European IBJJF Jiu-Jitsu Championship ,2019,Adult,Black,Male,Rooster,3,Carlos Alberto Oliveira da Silva,GF Team
European IBJJF Jiu-Jitsu Championship ,2019,Adult,Black,Male,Light-Feather,3,Cleber de Sousa Fernandes,Atos Jiu-Jitsu
European IBJJF Jiu-Jitsu Championship ,2019,Adult,Black,Male,Light-Feather,3,Pedro Paulo Dias Clementino,Cantagalo Team
European IBJJF Jiu-Jitsu Championship ,2019,Adult,Black,Male,Feather,3,João Pedro Bueno Mendes,Atos Jiu-Jitsu
European IBJJF Jiu-Jitsu Championship ,2019,Adult,Black,Male,Feather,3,Leonardo Fernandes Saggioro,Brazilian Top Team
European IBJJF Jiu-Jitsu Championship ,2019,Adult,Black,Male,Light,3,Alexandre Faria Molinaro,Carlson Gracie Team
European IBJJF Jiu-Jitsu Championship ,2019,Adult,Black,Male,Light,3,Gianni Paul Grippo,Alliance
European IBJJF Jiu-Jitsu Championship ,2019,Adult,Black,Male,Middle,3,Andris Auseklis Brunovskis,Atos Jiu-Jitsu
European IBJJF Jiu-Jitsu Championship ,2019,Adult,Black,Male,Middle,3,Michael Remigio Liera Jr.,Atos Jiu-Jitsu
European IBJJF Jiu-Jitsu Championship ,2019,Adult,Black,Male,Medium-Heavy,3,Horlando de Jesus Monteiro,KMR BJJ KIMURA
European IBJJF Jiu-Jitsu Championship ,2019,Adult,Black,Male,Medium-Heavy,3,José Henrique Cardoso,Ceconi KMKZ
European IBJJF Jiu-Jitsu Championship ,2019,Adult,Black,Male,Heavy,3,Adam Wardzinski,CheckMat
European IBJJF Jiu-Jitsu Championship ,2019,Adult,Black,Male,Heavy,3,Pedro Henrique de Lima Elias,Ns Brotherhood
European IBJJF Jiu-Jitsu Championship ,2019,Adult,Black,Male,Super-Heavy,3,Arya  Esfandmaz,Roger Gracie Academy
European IBJJF Jiu-Jitsu Championship ,2019,Adult,Black,Male,Super-Heavy,3,James Richard Puopolo,Ribeiro Jiu-Jitsu
European IBJJF Jiu-Jitsu Championship ,2019,Adult,Black,Male,Ultra-Heavy,3,Antonio de Padua Assef Nunes Nascimento,GF Team
European IBJJF Jiu-Jitsu Championship ,2019,Adult,Black,Male,Ultra-Heavy,3,Seif-Eddine Houmine,GF Team
European IBJJF Jiu-Jitsu Championship ,2019,Adult,Black,Male,Open Class,3,Igor Gregório Schneider,Ns Brotherhood
European IBJJF Jiu-Jitsu Championship ,2019,Adult,Black,Male,Open Class,3,Kaynan Casemiro Duarte,Atos Jiu-Jitsu
European IBJJF Jiu-Jitsu Championship ,2019,Adult,Black,Female,Rooster,1,Mayssa Caldas Pereira Bastos,GF Team
European IBJJF Jiu-Jitsu Championship ,2019,Adult,Black,Female,Light-Feather,1,AMAL AMJAHID,PAT Academy Belgium
European IBJJF Jiu-Jitsu Championship ,2019,Adult,Black,Female,Feather,1,Ffion Eira Davies,ECJJA
European IBJJF Jiu-Jitsu Championship ,2019,Adult,Black,Female,Light,1,Charlotte von Baumgarten,Mathias Ribeiro Team
European IBJJF Jiu-Jitsu Championship ,2019,Adult,Black,Female,Middle,1,Samantha Lea Cook,CheckMat
European IBJJF Jiu-Jitsu Championship ,2019,Adult,Black,Female,Medium-Heavy,1,Luiza Monteiro Moura da Costa,Atos Jiu-Jitsu
European IBJJF Jiu-Jitsu Championship ,2019,Adult,Black,Female,Heavy,1,Nathiely Karoline Melo de Jesus,Rodrigo Pinheiro BJJ
European IBJJF Jiu-Jitsu Championship ,2019,Adult,Black,Female,Super-Heavy,1,Carina Curvelo Santi,G13 BJJ
European IBJJF Jiu-Jitsu Championship ,2019,Adult,Black,Female,Open Class,1,Nathiely Karoline Melo de Jesus,Rodrigo Pinheiro BJJ
European IBJJF Jiu-Jitsu Championship ,2019,Adult,Black,Female,Rooster,2,Serena Gabrielli,Flow
European IBJJF Jiu-Jitsu Championship ,2019,Adult,Black,Female,Light-Feather,2,Larissa Campos Carvalho,Gracie Humaita Reunion
European IBJJF Jiu-Jitsu Championship ,2019,Adult,Black,Female,Feather,2,Gabriela Meireles Fechter,CheckMat
European IBJJF Jiu-Jitsu Championship ,2019,Adult,Black,Female,Light,2,Bianca Barbosa Basilio,Atos Jiu-Jitsu
European IBJJF Jiu-Jitsu Championship ,2019,Adult,Black,Female,Middle,2,Glaucia Braga Libano,Gracie Barra
European IBJJF Jiu-Jitsu Championship ,2019,Adult,Black,Female,Medium-Heavy,2,Claudia Fernanda Onofre Valim Doval,De La Riva JJ
European IBJJF Jiu-Jitsu Championship ,2019,Adult,Black,Female,Heavy,2,Claire-France Thevenon,Mako Team Paris
European IBJJF Jiu-Jitsu Championship ,2019,Adult,Black,Female,Super-Heavy,2,Jessica da Silva Oliveira,Gracie Barra
European IBJJF Jiu-Jitsu Championship ,2019,Adult,Black,Female,Open Class,2,Luiza Monteiro Moura da Costa,Atos Jiu-Jitsu
European IBJJF Jiu-Jitsu Championship ,2019,Adult,Black,Female,Rooster,3,Arantzazu Romero Pérez,CFC Team
European IBJJF Jiu-Jitsu Championship ,2019,Adult,Black,Female,Rooster,3,Natalia Carriello,Gracie Barra
European IBJJF Jiu-Jitsu Championship ,2019,Adult,Black,Female,Light-Feather,3,Emilia Tuukkanen,Gracie Barra
European IBJJF Jiu-Jitsu Championship ,2019,Adult,Black,Female,Feather,3,Ana Carolina Schmitt,Garage Jiu-Jitsu
European IBJJF Jiu-Jitsu Championship ,2019,Adult,Black,Female,Light,3,Amandine Cathy Nadege Layec,Toulon JJB
European IBJJF Jiu-Jitsu Championship ,2019,Adult,Black,Female,Light,3,Christine McDonagh,Gracie Barra
European IBJJF Jiu-Jitsu Championship ,2019,Adult,Black,Female,Middle,3,Maria Eduarda Vieira Santos,Brazilian Power Team International
European IBJJF Jiu-Jitsu Championship ,2019,Adult,Black,Female,Middle,3,Tatiane Pereira dos Santos,GF Team
European IBJJF Jiu-Jitsu Championship ,2019,Adult,Black,Female,Super-Heavy,3,Venla Orvokki Luukkonen,Hilti Akademi Nord
European IBJJF Jiu-Jitsu Championship ,2019,Adult,Black,Female,Open Class,3,Bianca Barbosa Basilio,Atos Jiu-Jitsu
European IBJJF Jiu-Jitsu Championship ,2019,Adult,Black,Female,Open Class,3,Claudia Fernanda Onofre Valim Doval,De La Riva JJ
European IBJJF Jiu-Jitsu Championship ,2020,Adult,Black,Male,Rooster,1,Tomoyuki Hashimoto,Brasa CTA
European IBJJF Jiu-Jitsu Championship ,2020,Adult,Black,Male,Light-Feather,1,Michael Musumeci Jr.,Brasa CTA
European IBJJF Jiu-Jitsu Championship ,2020,Adult,Black,Male,Feather,1,Isaac Doederlein,Alliance
European IBJJF Jiu-Jitsu Championship ,2020,Adult,Black,Male,Light,1,Jonnatas Gracie Araujo da Silva,Atos Jiu-Jitsu
European IBJJF Jiu-Jitsu Championship ,2020,Adult,Black,Male,Middle,1,Tommy Lilleskog Langaker,Team Kimura KMR
European IBJJF Jiu-Jitsu Championship ,2020,Adult,Black,Male,Medium-Heavy,1,Manuel Ribamar V. de Oliveira Filho,Rodrigo Pinheiro BJJ
European IBJJF Jiu-Jitsu Championship ,2020,Adult,Black,Male,Heavy,1,Keenan Kai-James Cornelius,Legion American Jiu-Jitsu
European IBJJF Jiu-Jitsu Championship ,2020,Adult,Black,Male,Super-Heavy,1,Patrick Pontes Moura Santos Gaudio,GF Team
European IBJJF Jiu-Jitsu Championship ,2020,Adult,Black,Male,Ultra-Heavy,1,Igor Gregório Schneider,Ns Brotherhood
European IBJJF Jiu-Jitsu Championship ,2020,Adult,Black,Male,Open Class,1,Fellipe Andrew Leandro Silva,Zenith BJJ
European IBJJF Jiu-Jitsu Championship ,2020,Adult,Black,Male,Rooster,2,Thalison Vitorino Soares,Cicero Costha Internacional
European IBJJF Jiu-Jitsu Championship ,2020,Adult,Black,Male,Light-Feather,2,Francisco Jonas B. Andrade,Cicero Costha Europe
European IBJJF Jiu-Jitsu Championship ,2020,Adult,Black,Male,Feather,2,Leonardo Fernandes Saggioro,Brazilian Top Team
European IBJJF Jiu-Jitsu Championship ,2020,Adult,Black,Male,Light,2,Vitor Henrique Silva Oliveira,GF Team
European IBJJF Jiu-Jitsu Championship ,2020,Adult,Black,Male,Middle,2,Pedro Alves Douteiro  Cranfield Ramalho,Focus Jiu-Jitsu
European IBJJF Jiu-Jitsu Championship ,2020,Adult,Black,Male,Medium-Heavy,2,Bruno Filipe Santos Lima,Alexandre Machado Association - AMA Jiu-Jitsu Team
European IBJJF Jiu-Jitsu Championship ,2020,Adult,Black,Male,Heavy,2,Adam Piotr Wardzinski,CheckMat
European IBJJF Jiu-Jitsu Championship ,2020,Adult,Black,Male,Super-Heavy,2,Fellipe Andrew Leandro Silva,Zenith BJJ
European IBJJF Jiu-Jitsu Championship ,2020,Adult,Black,Male,Ultra-Heavy,2,Seif-Eddine Houmine,GF Team
European IBJJF Jiu-Jitsu Championship ,2020,Adult,Black,Male,Open Class,2,Keenan Kai-James Cornelius,Legion American Jiu-Jitsu
European IBJJF Jiu-Jitsu Championship ,2020,Adult,Black,Male,Rooster,3,Cleber de Sousa Fernandes,Atos Jiu-Jitsu
European IBJJF Jiu-Jitsu Championship ,2020,Adult,Black,Male,Rooster,3,Koji Shibamoto,Tri-Force Jiu-Jitsu Academy
European IBJJF Jiu-Jitsu Championship ,2020,Adult,Black,Male,Light-Feather,3,Carlos Alberto Oliveira da Silva,GF Team
European IBJJF Jiu-Jitsu Championship ,2020,Adult,Black,Male,Light-Feather,3,Diego Oliveira Batista,Cicero Costha Internacional
European IBJJF Jiu-Jitsu Championship ,2020,Adult,Black,Male,Feather,3,Alexssandro Pinto Sodré,Nova União
European IBJJF Jiu-Jitsu Championship ,2020,Adult,Black,Male,Feather,3,João Gabriel Batista de Sousa,ZR Team Association
European IBJJF Jiu-Jitsu Championship ,2020,Adult,Black,Male,Light,3,Luan de Carvalho Alves,Nova União
European IBJJF Jiu-Jitsu Championship ,2020,Adult,Black,Male,Light,3,Pedro Henrique Segura Veras,Cicero Costha Internacional
European IBJJF Jiu-Jitsu Championship ,2020,Adult,Black,Male,Middle,3,Alexandre Joaquim de Jesus,Atos Jiu-Jitsu
European IBJJF Jiu-Jitsu Championship ,2020,Adult,Black,Male,Middle,3,Ronaldo Pereira de Souza Júnior,Atos Jiu-Jitsu
European IBJJF Jiu-Jitsu Championship ,2020,Adult,Black,Male,Medium-Heavy,3,Jakub Zajkowski,Gracie Barra
European IBJJF Jiu-Jitsu Championship ,2020,Adult,Black,Male,Medium-Heavy,3,Santeri Lilius,Gracie Barra BJJ
European IBJJF Jiu-Jitsu Championship ,2020,Adult,Black,Male,Heavy,3,Dimitrius Soares Souza,Alliance
European IBJJF Jiu-Jitsu Championship ,2020,Adult,Black,Male,Heavy,3,Jackson Sousa dos Santos,CheckMat
European IBJJF Jiu-Jitsu Championship ,2020,Adult,Black,Male,Super-Heavy,3,Fellipe Ubaiz Trovo,Gracie Barra
European IBJJF Jiu-Jitsu Championship ,2020,Adult,Black,Male,Super-Heavy,3,Gerard Piotr Labinski,NS Brotherhood International
European IBJJF Jiu-Jitsu Championship ,2020,Adult,Black,Male,Ultra-Heavy,3,Mahamed Aly Santos da Silva,Team Lloyd Irvin
European IBJJF Jiu-Jitsu Championship ,2020,Adult,Black,Male,Ultra-Heavy,3,Tanner Wade Rice,Double Five
European IBJJF Jiu-Jitsu Championship ,2020,Adult,Black,Male,Open Class,3,Fellipe Ubaiz Trovo,Gracie Barra
European IBJJF Jiu-Jitsu Championship ,2020,Adult,Black,Male,Open Class,3,Mahamed Aly Santos da Silva,Team Lloyd Irvin
European IBJJF Jiu-Jitsu Championship ,2020,Adult,Black,Female,Rooster,1,Mayssa Caldas Pereira Bastos,GF Team
European IBJJF Jiu-Jitsu Championship ,2020,Adult,Black,Female,Light-Feather,1,Ana Cristina Araujo Rodrigues,Alliance
European IBJJF Jiu-Jitsu Championship ,2020,Adult,Black,Female,Feather,1,Amal Amjahid,PAT Academy Belgium
European IBJJF Jiu-Jitsu Championship ,2020,Adult,Black,Female,Light,1,Ffion Eira Davies,ECJJA
European IBJJF Jiu-Jitsu Championship ,2020,Adult,Black,Female,Middle,1,Thamara Ferreira Silva,Cicero Costha Internacional
European IBJJF Jiu-Jitsu Championship ,2020,Adult,Black,Female,Medium-Heavy,1,Sábatha Laís Francisco dos Santos,Ryan Gracie Team
European IBJJF Jiu-Jitsu Championship ,2020,Adult,Black,Female,Heavy,1,Laura Barker,Gracie Barra
European IBJJF Jiu-Jitsu Championship ,2020,Adult,Black,Female,Super-Heavy,1,Jessica D Flowers,Gracie Barra
European IBJJF Jiu-Jitsu Championship ,2020,Adult,Black,Female,Open Class,1,Ffion Eira Davies,ECJJA
European IBJJF Jiu-Jitsu Championship ,2020,Adult,Black,Female,Rooster,2,Serena Gabrielli,Flow
European IBJJF Jiu-Jitsu Championship ,2020,Adult,Black,Female,Light-Feather,2,Ana Talita de Oliveira Alencar,Alliance
European IBJJF Jiu-Jitsu Championship ,2020,Adult,Black,Female,Feather,2,Larissa Campos Carvalho,Gracie Humaita
European IBJJF Jiu-Jitsu Championship ,2020,Adult,Black,Female,Light,2,Charlotte von Baumgarten,Mathias Ribeiro Team
European IBJJF Jiu-Jitsu Championship ,2020,Adult,Black,Female,Middle,2,Danielle Renee Alvarez,LEAD BJJ
European IBJJF Jiu-Jitsu Championship ,2020,Adult,Black,Female,Medium-Heavy,2,Margaret Rose Grindatti,Fight Sports International
European IBJJF Jiu-Jitsu Championship ,2020,Adult,Black,Female,Heavy,2,Magdalena Zofia Loska,Brasa CTA
European IBJJF Jiu-Jitsu Championship ,2020,Adult,Black,Female,Super-Heavy,2,Kendall Marie Reusing,Gracie Barra
European IBJJF Jiu-Jitsu Championship ,2020,Adult,Black,Female,Open Class,2,Jessica D Flowers,Gracie Barra
European IBJJF Jiu-Jitsu Championship ,2020,Adult,Black,Female,Light-Feather,3,Naiomi Anaiansi Matthews Martín,Team Ganbaru
European IBJJF Jiu-Jitsu Championship ,2020,Adult,Black,Female,Light-Feather,3,Rose-Marie El Sharouni,CheckMat
European IBJJF Jiu-Jitsu Championship ,2020,Adult,Black,Female,Feather,3,Bianca Barbosa Basilio,Atos Jiu-Jitsu
European IBJJF Jiu-Jitsu Championship ,2020,Adult,Black,Female,Feather,3,Gabriela Meireles Fechter,CheckMat
European IBJJF Jiu-Jitsu Championship ,2020,Adult,Black,Female,Light,3,Nathalie Wan Soares Veras Ribeiro,CheckMat
European IBJJF Jiu-Jitsu Championship ,2020,Adult,Black,Female,Light,3,Nicole C. Sullivan,Atos Jiu-Jitsu
European IBJJF Jiu-Jitsu Championship ,2020,Adult,Black,Female,Middle,3,Hannah Katharina Rauch,Gracie Humaita
European IBJJF Jiu-Jitsu Championship ,2020,Adult,Black,Female,Middle,3,Julia Maele,OXY
European IBJJF Jiu-Jitsu Championship ,2020,Adult,Black,Female,Medium-Heavy,3,Maria Eduarda Vieira Santos,Brazilian Power Team International
European IBJJF Jiu-Jitsu Championship ,2020,Adult,Black,Female,Heavy,3,Claire-France Thevenon,Mako Team Paris
European IBJJF Jiu-Jitsu Championship ,2020,Adult,Black,Female,Heavy,3,Patrícia Ramos Caiado dos Santos,Double Five
European IBJJF Jiu-Jitsu Championship ,2020,Adult,Black,Female,Super-Heavy,3,Venla Orvokki Luukkonen,Hilti Akademi Nord
European IBJJF Jiu-Jitsu Championship ,2020,Adult,Black,Female,Open Class,3,Larissa Campos Carvalho,Gracie Humaita
European IBJJF Jiu-Jitsu Championship ,2020,Adult,Black,Female,Open Class,3,Vedha Clemente Toscano,CheckMat
European IBJJF Jiu-Jitsu Championship ,2022,Adult,Black,Male,Rooster,1,Thalison Vitorino Soares,Cicero Costha Internacional
European IBJJF Jiu-Jitsu Championship ,2022,Adult,Black,Male,Light-Feather,1,Hiago George Santos Silva,Cicero Costha Internacional
European IBJJF Jiu-Jitsu Championship ,2022,Adult,Black,Male,Feather,1,Raimundo Diego Pinto Sodre,Nova União
European IBJJF Jiu-Jitsu Championship ,2022,Adult,Black,Male,Light,1,Espen  Mathiesen,KMR BJJ KIMURA
European IBJJF Jiu-Jitsu Championship ,2022,Adult,Black,Male,Middle,1,Tainan Dalpra Costa,Art of Jiu Jitsu
European IBJJF Jiu-Jitsu Championship ,2022,Adult,Black,Male,Medium-Heavy,1,Bruno Filipe Santos Lima,Alexandre Machado Association - AMA Jiu-Jitsu Team
European IBJJF Jiu-Jitsu Championship ,2022,Adult,Black,Male,Heavy,1,Adam Wardzinski,CheckMat
European IBJJF Jiu-Jitsu Championship ,2022,Adult,Black,Male,Super-Heavy,1,Fellipe Andrew Leandro Silva,Alliance
European IBJJF Jiu-Jitsu Championship ,2022,Adult,Black,Male,Ultra-Heavy,1,Rafael Lovato Jr.,Six Blades Jiu-Jitsu
European IBJJF Jiu-Jitsu Championship ,2022,Adult,Black,Male,Open Class,1,Fellipe Andrew Leandro Silva,Alliance
European IBJJF Jiu-Jitsu Championship ,2022,Adult,Black,Male,Rooster,2,Welerson Gonçalves da Silva,Nova União
European IBJJF Jiu-Jitsu Championship ,2022,Adult,Black,Male,Light-Feather,2,Paulo H. Bordignon Miyao,Cicero Costha Internacional
European IBJJF Jiu-Jitsu Championship ,2022,Adult,Black,Male,Feather,2,Isaac Doederlein,Alliance
European IBJJF Jiu-Jitsu Championship ,2022,Adult,Black,Male,Light,2,Marcelo Fausto de Abreu Montanagna,CheckMat
European IBJJF Jiu-Jitsu Championship ,2022,Adult,Black,Male,Middle,2,Tommy Lilleskog Langaker,KMR BJJ KIMURA
European IBJJF Jiu-Jitsu Championship ,2022,Adult,Black,Male,Medium-Heavy,2,Szilard Sule,ZR Team Association
European IBJJF Jiu-Jitsu Championship ,2022,Adult,Black,Male,Heavy,2,Dominique L. Bell,Atos Jiu-Jitsu
European IBJJF Jiu-Jitsu Championship ,2022,Adult,Black,Male,Super-Heavy,2,Vinicius Ferreira Gazola,Alliance
European IBJJF Jiu-Jitsu Championship ,2022,Adult,Black,Male,Ultra-Heavy,2,Guilherme Bacha Guedes,CheckMat
European IBJJF Jiu-Jitsu Championship ,2022,Adult,Black,Male,Open Class,2,Yatan Martins Bueno,Dream Art
European IBJJF Jiu-Jitsu Championship ,2022,Adult,Black,Male,Rooster,3,Francisco Jonas Borges Andrade,Cicero Costha Internacional
European IBJJF Jiu-Jitsu Championship ,2022,Adult,Black,Male,Rooster,3,Yuri Hendrex Assunção Soares,PSLPB Cicero Costha
European IBJJF Jiu-Jitsu Championship ,2022,Adult,Black,Male,Light-Feather,3,Huthayfah Penney,Carlson Gracie Team
European IBJJF Jiu-Jitsu Championship ,2022,Adult,Black,Male,Light-Feather,3,Igor V. Terreco,Grand Union Jiu-Jitsu
European IBJJF Jiu-Jitsu Championship ,2022,Adult,Black,Male,Feather,3,Sam Mc Nally,ECJJA
European IBJJF Jiu-Jitsu Championship ,2022,Adult,Black,Male,Feather,3,Wilhiam Mateus Marques da Silva,ZR Team Association
European IBJJF Jiu-Jitsu Championship ,2022,Adult,Black,Male,Light,3,Igor Nascimento da Costa Feliz,R1NG BJJ
European IBJJF Jiu-Jitsu Championship ,2022,Adult,Black,Male,Light,3,Marcio Andre da Costa Barbosa Junior,Nova União
European IBJJF Jiu-Jitsu Championship ,2022,Adult,Black,Male,Middle,3,Fabio Pititto,Budo Clan
European IBJJF Jiu-Jitsu Championship ,2022,Adult,Black,Male,Middle,3,Tarik Hopstock,Frontline Academy
European IBJJF Jiu-Jitsu Championship ,2022,Adult,Black,Male,Medium-Heavy,3,Matheus Spirandeli Souza,Alliance
European IBJJF Jiu-Jitsu Championship ,2022,Adult,Black,Male,Medium-Heavy,3,Sean Coates,Gracie Barra
European IBJJF Jiu-Jitsu Championship ,2022,Adult,Black,Male,Heavy,3,Jakub Zajkowski,Gracie Barra
European IBJJF Jiu-Jitsu Championship ,2022,Adult,Black,Male,Heavy,3,Mebtouche Reda,Carpe Diem
European IBJJF Jiu-Jitsu Championship ,2022,Adult,Black,Male,Super-Heavy,3,Eric Jasper Bergmann,Gracie Barra
European IBJJF Jiu-Jitsu Championship ,2022,Adult,Black,Male,Super-Heavy,3,Ezequiel Esteves Nogueira,PS Phoenix BJJ International
European IBJJF Jiu-Jitsu Championship ,2022,Adult,Black,Male,Ultra-Heavy,3,Felipe Figueiredo Mauricio,Icon Jiu-Jitsu Team
European IBJJF Jiu-Jitsu Championship ,2022,Adult,Black,Male,Ultra-Heavy,3,Yatan Martins Bueno,Dream Art
European IBJJF Jiu-Jitsu Championship ,2022,Adult,Black,Male,Open Class,3,Adam Wardzinski,CheckMat
European IBJJF Jiu-Jitsu Championship ,2022,Adult,Black,Male,Open Class,3,Matheus Felipe da Silva Xavier,CheckMat
European IBJJF Jiu-Jitsu Championship ,2022,Adult,Black,Female,Rooster,1,Thaís Loureiro Felipe,Atos Jiu-Jitsu
European IBJJF Jiu-Jitsu Championship ,2022,Adult,Black,Female,Light-Feather,1,Mayssa Caldas Pereira Bastos,Unity Jiu-jitsu
European IBJJF Jiu-Jitsu Championship ,2022,Adult,Black,Female,Feather,1,Ana Cristina Araujo Rodrigues,Dream Art
European IBJJF Jiu-Jitsu Championship ,2022,Adult,Black,Female,Light,1,Nathalie Wan Soares Veras Ribeiro,CheckMat
European IBJJF Jiu-Jitsu Championship ,2022,Adult,Black,Female,Middle,1,Thalyta Stefhane Lima Silva,Qatar BJJ / Vision Brasil
European IBJJF Jiu-Jitsu Championship ,2022,Adult,Black,Female,Medium-Heavy,1,Maggie Grindatti,Fight Sports
European IBJJF Jiu-Jitsu Championship ,2022,Adult,Black,Female,Super-Heavy,1,Gabrieli Pessanha de Souza Marinho,Infight JJ
European IBJJF Jiu-Jitsu Championship ,2022,Adult,Black,Female,Open Class,1,Gabrieli Pessanha de Souza Marinho,Infight JJ
European IBJJF Jiu-Jitsu Championship ,2022,Adult,Black,Female,Rooster,2,Kaori Asela Hernandez,Unique Logic Jiu-Jitsu HQ
European IBJJF Jiu-Jitsu Championship ,2022,Adult,Black,Female,Light-Feather,2,Rose-Marie el Sharouni,CheckMat
European IBJJF Jiu-Jitsu Championship ,2022,Adult,Black,Female,Feather,2,Gabriela A. Pereira,Qatar BJJ / Vision Brasil
European IBJJF Jiu-Jitsu Championship ,2022,Adult,Black,Female,Light,2,Janaina Maia de Menezes,Gracie Humaita
European IBJJF Jiu-Jitsu Championship ,2022,Adult,Black,Female,Middle,2,Erin Johnson,Iron Roots BJJ
European IBJJF Jiu-Jitsu Championship ,2022,Adult,Black,Female,Medium-Heavy,2,Magdalena Zofia Loska,Brasa Poland
European IBJJF Jiu-Jitsu Championship ,2022,Adult,Black,Female,Super-Heavy,2,Claire-France Thevenon,Panda Supa Crew
European IBJJF Jiu-Jitsu Championship ,2022,Adult,Black,Female,Open Class,2,Thalyta Stefhane Lima Silva,Qatar BJJ / Vision Brasil
European IBJJF Jiu-Jitsu Championship ,2022,Adult,Black,Female,Light-Feather,3,Maria Eduarda  Tozoni Ono,Kronos BJJ
European IBJJF Jiu-Jitsu Championship ,2022,Adult,Black,Female,Light-Feather,3,Naiomi Anaiansi Matthews Martín,Team Ganbaru
European IBJJF Jiu-Jitsu Championship ,2022,Adult,Black,Female,Feather,3,Ashley Louise Bendle,Gracie Barra
European IBJJF Jiu-Jitsu Championship ,2022,Adult,Black,Female,Feather,3,Zofia Szawernowska,Brasa Poland
European IBJJF Jiu-Jitsu Championship ,2022,Adult,Black,Female,Light,3,Amandine Cathy Nadege Layec,Gracie Humaita International
European IBJJF Jiu-Jitsu Championship ,2022,Adult,Black,Female,Light,3,Margot Ciccarelli,Unity Jiu-Jitsu International
European IBJJF Jiu-Jitsu Championship ,2022,Adult,Black,Female,Middle,3,Luciane dos Santos Silva,CheckMat
European IBJJF Jiu-Jitsu Championship ,2022,Adult,Black,Female,Medium-Heavy,3,Raiane Mara dos Santos,Gracie Barra
European IBJJF Jiu-Jitsu Championship ,2022,Adult,Black,Female,Medium-Heavy,3,Rita Tana,Waza
European IBJJF Jiu-Jitsu Championship ,2022,Adult,Black,Female,Open Class,3,Ana Cristina Araujo Rodrigues,Dream Art
European IBJJF Jiu-Jitsu Championship ,2022,Adult,Black,Female,Open Class,3,Nathalie Wan Soares Veras Ribeiro,CheckMat
European IBJJF Jiu-Jitsu Championship ,2023,Adult,Black,Male,Rooster,1,Thalison Vitorino Soares,Art of Jiu Jitsu
European IBJJF Jiu-Jitsu Championship ,2023,Adult,Black,Male,Light-Feather,1,Malachi James C. Edmond,Team Lloyd Irvin
European IBJJF Jiu-Jitsu Championship ,2023,Adult,Black,Male,Feather,1,Fabricio Andrey Batista  Junior,Melqui Galvão Jiu-jitsu
European IBJJF Jiu-Jitsu Championship ,2023,Adult,Black,Male,Light,1,Andy Tomas Murasaki Pereira,Atos Jiu-Jitsu
European IBJJF Jiu-Jitsu Championship ,2023,Adult,Black,Male,Middle,1,Tainan Dalpra Costa,Art of Jiu Jitsu
European IBJJF Jiu-Jitsu Championship ,2023,Adult,Black,Male,Medium-Heavy,1,Jansen Gomes Ramos,CheckMat
European IBJJF Jiu-Jitsu Championship ,2023,Adult,Black,Male,Heavy,1,Fellipe Andrew Leandro Silva,Alliance
European IBJJF Jiu-Jitsu Championship ,2023,Adult,Black,Male,Super-Heavy,1,Kaynan Casemiro Duarte,Atos Jiu-Jitsu
European IBJJF Jiu-Jitsu Championship ,2023,Adult,Black,Male,Ultra-Heavy,1,Mason Fowler,Brasa CTA
European IBJJF Jiu-Jitsu Championship ,2023,Adult,Black,Male,Open Class,1,Kaynan Casemiro Duarte,Atos Jiu-Jitsu
European IBJJF Jiu-Jitsu Championship ,2023,Adult,Black,Male,Rooster,2,Welerson Gonçalves da Silva,Nova União
European IBJJF Jiu-Jitsu Championship ,2023,Adult,Black,Male,Light-Feather,2,Diego Oliveira Batista,DreamArt
European IBJJF Jiu-Jitsu Championship ,2023,Adult,Black,Male,Feather,2,Alexssandro Pinto Sodré,Nova União
European IBJJF Jiu-Jitsu Championship ,2023,Adult,Black,Male,Light,2,Natan Chueng Freitas,Fratres Brazilian Jiu-Jitsu
European IBJJF Jiu-Jitsu Championship ,2023,Adult,Black,Male,Middle,2,Pavel Kalesnik,Brasa CTA
European IBJJF Jiu-Jitsu Championship ,2023,Adult,Black,Male,Medium-Heavy,2,Pedro Henrique Pinheiro Machado de Souza,Atos Jiu-Jitsu
European IBJJF Jiu-Jitsu Championship ,2023,Adult,Black,Male,Heavy,2,Adam Wardzinski,CheckMat
European IBJJF Jiu-Jitsu Championship ,2023,Adult,Black,Male,Super-Heavy,2,Luis Fernando de Oliveira,Fratres Brazilian Jiu-Jitsu
European IBJJF Jiu-Jitsu Championship ,2023,Adult,Black,Male,Ultra-Heavy,2,Kjetil Lydvo,Frontline Academy
European IBJJF Jiu-Jitsu Championship ,2023,Adult,Black,Male,Open Class,2,Rider Zuchi Samelo do Amaral,Fratres Brazilian Jiu-Jitsu
European IBJJF Jiu-Jitsu Championship ,2023,Adult,Black,Male,Rooster,3,Frank Cespedes,Alliance
European IBJJF Jiu-Jitsu Championship ,2023,Adult,Black,Male,Rooster,3,Tadiyah William Danforth,Alliance
European IBJJF Jiu-Jitsu Championship ,2023,Adult,Black,Male,Light-Feather,3,Leonardo Mário Pereira Júnior,Cicero Costha Internacional
European IBJJF Jiu-Jitsu Championship ,2023,Adult,Black,Male,Light-Feather,3,Tomoyuki Hashimoto,Brasa CTA
European IBJJF Jiu-Jitsu Championship ,2023,Adult,Black,Male,Feather,3,Jun Yong Cho,KJ Competition Team
European IBJJF Jiu-Jitsu Championship ,2023,Adult,Black,Male,Feather,3,Lucas Batista Rodrigues,Aura Jiu-Jitsu
European IBJJF Jiu-Jitsu Championship ,2023,Adult,Black,Male,Light,3,Elijah Amir Dorsey,Team Lloyd Irvin
European IBJJF Jiu-Jitsu Championship ,2023,Adult,Black,Male,Light,3,Luiz Felipe dos Santos,Team Predador Brasil
European IBJJF Jiu-Jitsu Championship ,2023,Adult,Black,Male,Middle,3,Jakub Najdek,CheckMat
European IBJJF Jiu-Jitsu Championship ,2023,Adult,Black,Male,Middle,3,Lucas Andre Galvão Protasio,CheckMat
European IBJJF Jiu-Jitsu Championship ,2023,Adult,Black,Male,Medium-Heavy,3,Marcos Vinicius de Oliveira Martins,Fratres Brazilian Jiu-Jitsu
European IBJJF Jiu-Jitsu Championship ,2023,Adult,Black,Male,Medium-Heavy,3,Wellington Luís Sebastião,Fratres Brazilian Jiu-Jitsu
European IBJJF Jiu-Jitsu Championship ,2023,Adult,Black,Male,Heavy,3,Devhonte M. Johnson,Unity Jiu-jitsu
European IBJJF Jiu-Jitsu Championship ,2023,Adult,Black,Male,Heavy,3,Rider Zuchi Samelo do Amaral,Fratres Brazilian Jiu-Jitsu
European IBJJF Jiu-Jitsu Championship ,2023,Adult,Black,Male,Super-Heavy,3,Harryson Santana Pereira,Ataque Duplo
European IBJJF Jiu-Jitsu Championship ,2023,Adult,Black,Male,Super-Heavy,3,Marcus Vinicius Ribeiro de Siqueira,Alliance
European IBJJF Jiu-Jitsu Championship ,2023,Adult,Black,Male,Ultra-Heavy,3,Cleyton Rafael Flores,Team Cruz BJJ
European IBJJF Jiu-Jitsu Championship ,2023,Adult,Black,Male,Ultra-Heavy,3,Seif-Eddine Houmine,GF Team
European IBJJF Jiu-Jitsu Championship ,2023,Adult,Black,Male,Open Class,3,Bruno Filipe Santos Lima,Alexandre Machado Association - AMA Jiu-Jitsu Team
European IBJJF Jiu-Jitsu Championship ,2023,Adult,Black,Male,Open Class,3,Mason Fowler,Brasa CTA
European IBJJF Jiu-Jitsu Championship ,2023,Adult,Black,Female,Rooster,1,Jessica Caroline Coelho Dantas,R1NG BJJ
European IBJJF Jiu-Jitsu Championship ,2023,Adult,Black,Female,Light-Feather,1,Mayssa Caldas Pereira Bastos,Unity Jiu-jitsu
European IBJJF Jiu-Jitsu Championship ,2023,Adult,Black,Female,Feather,1,Ana Cristina Araujo Rodrigues,DreamArt
European IBJJF Jiu-Jitsu Championship ,2023,Adult,Black,Female,Light,1,Luiza Monteiro Moura da Costa,Atos Jiu-Jitsu
European IBJJF Jiu-Jitsu Championship ,2023,Adult,Black,Female,Middle,1,Thalyta Stefhane Lima Silva,DreamArt
European IBJJF Jiu-Jitsu Championship ,2023,Adult,Black,Female,Medium-Heavy,1,Maria Malyjasiak,Abmar Barbosa Association
European IBJJF Jiu-Jitsu Championship ,2023,Adult,Black,Female,Heavy,1,Amanda Magda de Oliveira,Fratres Brazilian Jiu-Jitsu
European IBJJF Jiu-Jitsu Championship ,2023,Adult,Black,Female,Super-Heavy,1,Gabrieli Pessanha de Souza Marinho,Infight JJ
European IBJJF Jiu-Jitsu Championship ,2023,Adult,Black,Female,Open Class,1,Gabrieli Pessanha de Souza Marinho,Infight JJ
European IBJJF Jiu-Jitsu Championship ,2023,Adult,Black,Female,Rooster,2,Thaís Loureiro Felipe,Atos Jiu-Jitsu
European IBJJF Jiu-Jitsu Championship ,2023,Adult,Black,Female,Light-Feather,2,Brenda Larissa Alves da Silva,Melqui Galvão Jiu-jitsu
European IBJJF Jiu-Jitsu Championship ,2023,Adult,Black,Female,Feather,2,Andreia Lopes Cavalcante,ZR Team Association
European IBJJF Jiu-Jitsu Championship ,2023,Adult,Black,Female,Light,2,Nathalie Wan Soares Veras Ribeiro,CheckMat
European IBJJF Jiu-Jitsu Championship ,2023,Adult,Black,Female,Middle,2,Vannessa Nancy Griffin,Crazy 88
European IBJJF Jiu-Jitsu Championship ,2023,Adult,Black,Female,Medium-Heavy,2,Sábatha Laís Francisco dos Santos,Fratres Brazilian Jiu-Jitsu
European IBJJF Jiu-Jitsu Championship ,2023,Adult,Black,Female,Heavy,2,Elizabeth Katherine Mitrovic,Alliance
European IBJJF Jiu-Jitsu Championship ,2023,Adult,Black,Female,Super-Heavy,2,Claire-France Thevenon,Panda Supa Crew
European IBJJF Jiu-Jitsu Championship ,2023,Adult,Black,Female,Open Class,2,Thalyta Stefhane Lima Silva,DreamArt
European IBJJF Jiu-Jitsu Championship ,2023,Adult,Black,Female,Rooster,3,Jessamine Jada Khan,Art of Jiu Jitsu
European IBJJF Jiu-Jitsu Championship ,2023,Adult,Black,Female,Rooster,3,Vicky Hoang,Jiu-Jitsu For Life Team
European IBJJF Jiu-Jitsu Championship ,2023,Adult,Black,Female,Light-Feather,3,Naiomi Anaiansi Matthews Martín,Team Ganbaru
European IBJJF Jiu-Jitsu Championship ,2023,Adult,Black,Female,Light-Feather,3,Rose-Marie el Sharouni,CheckMat
European IBJJF Jiu-Jitsu Championship ,2023,Adult,Black,Female,Feather,3,Ashley Louise Bendle,Draig
European IBJJF Jiu-Jitsu Championship ,2023,Adult,Black,Female,Feather,3,Zofia Szawernowska,Brasa CTA
European IBJJF Jiu-Jitsu Championship ,2023,Adult,Black,Female,Light,3,Gabriela A. Pereira,Qatar BJJ / Vision Brasil
European IBJJF Jiu-Jitsu Championship ,2023,Adult,Black,Female,Light,3,Janine Lillian Mutton,Cicero Costha Internacional
European IBJJF Jiu-Jitsu Championship ,2023,Adult,Black,Female,Middle,3,Elisabeth Ann Clay,Ares BJJ
European IBJJF Jiu-Jitsu Championship ,2023,Adult,Black,Female,Middle,3,Magdalena Zofia Loska,Brasa CTA
European IBJJF Jiu-Jitsu Championship ,2023,Adult,Black,Female,Medium-Heavy,3,Gabriele da Silva Schuck,ZR Team Association
European IBJJF Jiu-Jitsu Championship ,2023,Adult,Black,Female,Heavy,3,Letícia Cardozo de Carvalho,Alliance
European IBJJF Jiu-Jitsu Championship ,2023,Adult,Black,Female,Heavy,3,Rana Qubbaj,Samy Al Jamal - FIT Jiu-Jitsu
European IBJJF Jiu-Jitsu Championship ,2023,Adult,Black,Female,Open Class,3,Luiza Monteiro Moura da Costa,Atos Jiu-Jitsu
European IBJJF Jiu-Jitsu Championship ,2023,Adult,Black,Female,Open Class,3,Maria Malyjasiak,Abmar Barbosa Association
European IBJJF Jiu-Jitsu Championship ,2024,Adult,Black,Male,Rooster,1,Thalison Vitorino Soares,Art of Jiu Jitsu
European IBJJF Jiu-Jitsu Championship ,2024,Adult,Black,Male,Light-Feather,1,Meyram Maquiné Alves,Fratres Brazilian Jiu-Jitsu
European IBJJF Jiu-Jitsu Championship ,2024,Adult,Black,Male,Feather,1,Kennedy Leonardo Maciel,Alliance
European IBJJF Jiu-Jitsu Championship ,2024,Adult,Black,Male,Light,1,Elijah Amir Dorsey,Team Lloyd Irvin
European IBJJF Jiu-Jitsu Championship ,2024,Adult,Black,Male,Middle,1,Micael Ferreira Galvâo,Melqui Galvão Jiu-jitsu
European IBJJF Jiu-Jitsu Championship ,2024,Adult,Black,Male,Medium-Heavy,1,Mauricio de Oliveira Santos Neto,Fratres Brazilian Jiu-Jitsu
European IBJJF Jiu-Jitsu Championship ,2024,Adult,Black,Male,Heavy,1,Adam Wardzinski,CheckMat
European IBJJF Jiu-Jitsu Championship ,2024,Adult,Black,Male,Super-Heavy,1,Erich Munis dos Santos,Fratres Brazilian Jiu-Jitsu
European IBJJF Jiu-Jitsu Championship ,2024,Adult,Black,Male,Ultra-Heavy,1,Gutemberg de Jesus Santos Pereira,Art of Jiu Jitsu
European IBJJF Jiu-Jitsu Championship ,2024,Adult,Black,Male,Open Class,1,Gutemberg de Jesus Santos Pereira,Art of Jiu Jitsu
European IBJJF Jiu-Jitsu Championship ,2024,Adult,Black,Male,Rooster,2,Francisco Jonas Borges Andrade,Cicero Costha Internacional
European IBJJF Jiu-Jitsu Championship ,2024,Adult,Black,Male,Light-Feather,2,Anderson Delfino Duarte Júnior,Atrium Brazilian Jiu-Jitsu
European IBJJF Jiu-Jitsu Championship ,2024,Adult,Black,Male,Feather,2,Alexssandro Pinto Sodré,Team Kimura KMR
European IBJJF Jiu-Jitsu Championship ,2024,Adult,Black,Male,Light,2,Espen  Mathiesen,Mavs
European IBJJF Jiu-Jitsu Championship ,2024,Adult,Black,Male,Middle,2,Andy Tomas Murasaki Pereira,Atos Jiu-Jitsu
European IBJJF Jiu-Jitsu Championship ,2024,Adult,Black,Male,Medium-Heavy,2,Wellington Luís Sebastião,Fratres Jiu Jitsu Competition
European IBJJF Jiu-Jitsu Championship ,2024,Adult,Black,Male,Heavy,2,Fellipe Andrew Leandro Silva,Alliance
European IBJJF Jiu-Jitsu Championship ,2024,Adult,Black,Male,Super-Heavy,2,Anderson Kauan Gomes Marinho,Infight JJ
European IBJJF Jiu-Jitsu Championship ,2024,Adult,Black,Male,Ultra-Heavy,2,Yatan Martins Bueno,Fratres Brazilian Jiu-Jitsu
European IBJJF Jiu-Jitsu Championship ,2024,Adult,Black,Male,Open Class,2,Pedro Henrique Pinheiro Machado de Souza,Atos Jiu-Jitsu
European IBJJF Jiu-Jitsu Championship ,2024,Adult,Black,Male,Rooster,3,Oziel Santos de Carvalho,Fratres Brazilian Jiu-Jitsu
European IBJJF Jiu-Jitsu Championship ,2024,Adult,Black,Male,Rooster,3,Tadiyah William Danforth,Foundry BJJ
European IBJJF Jiu-Jitsu Championship ,2024,Adult,Black,Male,Light-Feather,3,Jefferson Veloso Fagundes,Cicero Costha Internacional
European IBJJF Jiu-Jitsu Championship ,2024,Adult,Black,Male,Light-Feather,3,seo Seok Hyeon,Over Limit BJJ International
European IBJJF Jiu-Jitsu Championship ,2024,Adult,Black,Male,Feather,3,Ademir Barreto de Araújo,GFTeam - Jiu Art
European IBJJF Jiu-Jitsu Championship ,2024,Adult,Black,Male,Feather,3,Raimundo Diego Pinto Sodre,Team Kimura KMR
European IBJJF Jiu-Jitsu Championship ,2024,Adult,Black,Male,Light,3,Natan Chueng Freitas,Fratres Brazilian Jiu-Jitsu
European IBJJF Jiu-Jitsu Championship ,2024,Adult,Black,Male,Light,3,Pablo Lavaselli,Art of Jiu Jitsu
European IBJJF Jiu-Jitsu Championship ,2024,Adult,Black,Male,Middle,3,Fabyury Khrysthyan Texeira Freitas,GFTeam - Jiu Art
European IBJJF Jiu-Jitsu Championship ,2024,Adult,Black,Male,Middle,3,João Pedro Silva de Souza,DreamArt
European IBJJF Jiu-Jitsu Championship ,2024,Adult,Black,Male,Medium-Heavy,3,Davi Vetoraci De Menezes,Focus Jiu-Jitsu
European IBJJF Jiu-Jitsu Championship ,2024,Adult,Black,Male,Medium-Heavy,3,Horlando de Jesus Monteiro,Team Kimura KMR
European IBJJF Jiu-Jitsu Championship ,2024,Adult,Black,Male,Heavy,3,Lucas Jose Alves de Oliveira,DreamArt
European IBJJF Jiu-Jitsu Championship ,2024,Adult,Black,Male,Heavy,3,Pedro Henrique Pinheiro Machado de Souza,Atos Jiu-Jitsu
European IBJJF Jiu-Jitsu Championship ,2024,Adult,Black,Male,Super-Heavy,3,Harryson Santana Pereira,Ataque Duplo
European IBJJF Jiu-Jitsu Championship ,2024,Adult,Black,Male,Super-Heavy,3,Rayron Gracie,Renzo Gracie Academy
European IBJJF Jiu-Jitsu Championship ,2024,Adult,Black,Male,Ultra-Heavy,3,Kjetil Lydvo,Frontline Academy
European IBJJF Jiu-Jitsu Championship ,2024,Adult,Black,Male,Ultra-Heavy,3,Marcus Vinicius Ribeiro de Siqueira,Alliance
European IBJJF Jiu-Jitsu Championship ,2024,Adult,Black,Male,Open Class,3,Guilherme Wander Lambertucci de Andrade,Gracie Barra
European IBJJF Jiu-Jitsu Championship ,2024,Adult,Black,Male,Open Class,3,Mauricio de Oliveira Santos Neto,Fratres Brazilian Jiu-Jitsu
European IBJJF Jiu-Jitsu Championship ,2024,Adult,Black,Female,Rooster,1,Shelby Lena Murphey,Art of Jiu Jitsu
European IBJJF Jiu-Jitsu Championship ,2024,Adult,Black,Female,Light-Feather,1,Jessica Caroline Coelho Dantas,Fratres Brazilian Jiu-Jitsu
European IBJJF Jiu-Jitsu Championship ,2024,Adult,Black,Female,Feather,1,Margot Ciccarelli,Art of Jiu Jitsu
European IBJJF Jiu-Jitsu Championship ,2024,Adult,Black,Female,Light,1,Júlia de Jesus Alves,GFTeam - Jiu Art
European IBJJF Jiu-Jitsu Championship ,2024,Adult,Black,Female,Middle,1,Thalyta Stefhane Lima Silva,Fratres Brazilian Jiu-Jitsu
European IBJJF Jiu-Jitsu Championship ,2024,Adult,Black,Female,Medium-Heavy,1,Aurélie LE Vern,Six Blades Jiu-Jitsu
European IBJJF Jiu-Jitsu Championship ,2024,Adult,Black,Female,Heavy,1,Melissa Stricker Cueto,Alliance
European IBJJF Jiu-Jitsu Championship ,2024,Adult,Black,Female,Super-Heavy,1,Gabrieli Pessanha de Souza Marinho,Infight JJ
European IBJJF Jiu-Jitsu Championship ,2024,Adult,Black,Female,Open Class,1,Gabrieli Pessanha de Souza Marinho,Infight JJ
European IBJJF Jiu-Jitsu Championship ,2024,Adult,Black,Female,Rooster,2,Giulia Guimarães Gregorut,Fratres Brazilian Jiu-Jitsu
European IBJJF Jiu-Jitsu Championship ,2024,Adult,Black,Female,Light-Feather,2,Mayssa Caldas Pereira Bastos,Art of Jiu Jitsu
European IBJJF Jiu-Jitsu Championship ,2024,Adult,Black,Female,Feather,2,Gabriela Andrelevicius Pereira,Qatar BJJ / Vision Brasil
European IBJJF Jiu-Jitsu Championship ,2024,Adult,Black,Female,Light,2,Vitoria Carollina Araujo Vieira,GFTeam - Jiu Art
European IBJJF Jiu-Jitsu Championship ,2024,Adult,Black,Female,Middle,2,Ingridd Alves de Sousa,DreamArt
European IBJJF Jiu-Jitsu Championship ,2024,Adult,Black,Female,Medium-Heavy,2,Sábatha Laís Francisco dos Santos,Fratres Brazilian Jiu-Jitsu
European IBJJF Jiu-Jitsu Championship ,2024,Adult,Black,Female,Heavy,2,Izadora Cristina Silva,DreamArt
European IBJJF Jiu-Jitsu Championship ,2024,Adult,Black,Female,Super-Heavy,2,Tayane Porfírio de Araújo,Qatar BJJ / Vision Brasil
European IBJJF Jiu-Jitsu Championship ,2024,Adult,Black,Female,Open Class,2,Thalyta Stefhane Lima Silva,Fratres Brazilian Jiu-Jitsu
European IBJJF Jiu-Jitsu Championship ,2024,Adult,Black,Female,Rooster,3,Amber Rymarz-Freitas,Atos Jiu-Jitsu
European IBJJF Jiu-Jitsu Championship ,2024,Adult,Black,Female,Light-Feather,3,Diana Thais de Souza Teixeira,Atos Jiu-Jitsu
European IBJJF Jiu-Jitsu Championship ,2024,Adult,Black,Female,Light-Feather,3,Rose-Marie el Sharouni,CheckMat
European IBJJF Jiu-Jitsu Championship ,2024,Adult,Black,Female,Feather,3,Rafaela Alexandra Policarpo da Rosa,CheckMat
European IBJJF Jiu-Jitsu Championship ,2024,Adult,Black,Female,Feather,3,Vitória Damiana Silva de Assis,Double Five
European IBJJF Jiu-Jitsu Championship ,2024,Adult,Black,Female,Light,3,Ludmila Fiori de Araujo,Qatar BJJ / Vision Brasil
European IBJJF Jiu-Jitsu Championship ,2024,Adult,Black,Female,Light,3,Sabrina Rogéria Ataide B. Gondim,Fratres Brazilian Jiu-Jitsu
European IBJJF Jiu-Jitsu Championship ,2024,Adult,Black,Female,Middle,3,Natália Zumba de Souza,JFC Almeida JJ
European IBJJF Jiu-Jitsu Championship ,2024,Adult,Black,Female,Middle,3,Raquel Dayne Kaleialoha Paaluhi,CheckMat
European IBJJF Jiu-Jitsu Championship ,2024,Adult,Black,Female,Medium-Heavy,3,Letícia Cardozo de Carvalho,Alliance
European IBJJF Jiu-Jitsu Championship ,2024,Adult,Black,Female,Medium-Heavy,3,Maria Malyjasiak,Abmar Barbosa Association
European IBJJF Jiu-Jitsu Championship ,2024,Adult,Black,Female,Heavy,3,Amanda Magda de Oliveira,Fratres Brazilian Jiu-Jitsu
European IBJJF Jiu-Jitsu Championship ,2024,Adult,Black,Female,Heavy,3,Maria Carolina Barón Vicentini,DreamArt
European IBJJF Jiu-Jitsu Championship ,2024,Adult,Black,Female,Super-Heavy,3,Maryanna Santos Cardoso,CheckMat
European IBJJF Jiu-Jitsu Championship ,2024,Adult,Black,Female,Super-Heavy,3,Yara Soares do Nascimento,Fratres Brazilian Jiu-Jitsu
European IBJJF Jiu-Jitsu Championship ,2024,Adult,Black,Female,Open Class,3,Melissa Stricker Cueto,Alliance
European IBJJF Jiu-Jitsu Championship ,2024,Adult,Black,Female,Open Class,3,Yara Soares do Nascimento,Fratres Brazilian Jiu-Jitsu
European IBJJF Jiu-Jitsu Championship ,2025,Adult,Black,Male,Rooster,1,Yuri Hendrex Assunção Soares,Melqui Galvão Jiu-jitsu
European IBJJF Jiu-Jitsu Championship ,2025,Adult,Black,Male,Light-Feather,1,Diogo Pinheiro dos Reis,Melqui Galvão Jiu-jitsu
European IBJJF Jiu-Jitsu Championship ,2025,Adult,Black,Male,Feather,1,Diego Oliveira Batista,AOJ
European IBJJF Jiu-Jitsu Championship ,2025,Adult,Black,Male,Light,1,Leonardo Souza de Oliveira,KSA Team
European IBJJF Jiu-Jitsu Championship ,2025,Adult,Black,Male,Middle,1,Tainan Dalpra Costa,AOJ
European IBJJF Jiu-Jitsu Championship ,2025,Adult,Black,Male,Medium-Heavy,1,Davi Vetoraci de Menezes,Focus Jiu-Jitsu
European IBJJF Jiu-Jitsu Championship ,2025,Adult,Black,Male,Heavy,1,Adam Piotr Wardzinski,CheckMat
European IBJJF Jiu-Jitsu Championship ,2025,Adult,Black,Male,Super-Heavy,1,Windson Alves de Oliveira Torres,Gracie Barra BJJ
European IBJJF Jiu-Jitsu Championship ,2025,Adult,Black,Male,Ultra-Heavy,1,Luis Fernando de Oliveira,Fratres Brazilian Jiu-Jitsu
European IBJJF Jiu-Jitsu Championship ,2025,Adult,Black,Male,Open Class,1,Luis Fernando de Oliveira,Fratres Brazilian Jiu-Jitsu
European IBJJF Jiu-Jitsu Championship ,2025,Adult,Black,Male,Rooster,2,Michael Jalen B. Fonacier,Alliance
European IBJJF Jiu-Jitsu Championship ,2025,Adult,Black,Male,Light-Feather,2,Shoya Ishiguro,Carpe Diem
European IBJJF Jiu-Jitsu Championship ,2025,Adult,Black,Male,Feather,2,Kennedy Leonardo N Maciel,Alliance
European IBJJF Jiu-Jitsu Championship ,2025,Adult,Black,Male,Light,2,Lucas Andre Galvão Protasio,CheckMat
European IBJJF Jiu-Jitsu Championship ,2025,Adult,Black,Male,Middle,2,Andy Tomas Murasaki Pereira,Atos Jiu-Jitsu
European IBJJF Jiu-Jitsu Championship ,2025,Adult,Black,Male,Medium-Heavy,2,Matheus Vetoraci de Menezes,Blvckout Grappling
European IBJJF Jiu-Jitsu Championship ,2025,Adult,Black,Male,Heavy,2,Leonardo Silveira Ferreira,Alliance
European IBJJF Jiu-Jitsu Championship ,2025,Adult,Black,Male,Super-Heavy,2,Pedro Lucas Soares Ribeiro,Companhia Jiu-Jitsu
European IBJJF Jiu-Jitsu Championship ,2025,Adult,Black,Male,Ultra-Heavy,2,Hygor Brito da Silva,Lótus Club
European IBJJF Jiu-Jitsu Championship ,2025,Adult,Black,Male,Open Class,2,Marcos Carrozzino,GF Team
European IBJJF Jiu-Jitsu Championship ,2025,Adult,Black,Male,Open Class,2,Marcus Vinicius Ribeiro de Siqueira,Alliance
European IBJJF Jiu-Jitsu Championship ,2025,Adult,Black,Male,Rooster,3,Andrew Soares dos Santos,Vision
European IBJJF Jiu-Jitsu Championship ,2025,Adult,Black,Male,Rooster,3,Tadiyah William Danforth,Foundry BJJ
European IBJJF Jiu-Jitsu Championship ,2025,Adult,Black,Male,Light-Feather,3,Leonardo Mário Pereira Júnior,Alliance
European IBJJF Jiu-Jitsu Championship ,2025,Adult,Black,Male,Light-Feather,3,Rerisson dos Santos Gabriel,Alliance
European IBJJF Jiu-Jitsu Championship ,2025,Adult,Black,Male,Feather,3,Marcos Paulo de Amorim Pinheiro,R1NG BJJ
European IBJJF Jiu-Jitsu Championship ,2025,Adult,Black,Male,Feather,3,Minho Yoon,Wire Jiu-Jitsu
European IBJJF Jiu-Jitsu Championship ,2025,Adult,Black,Male,Light,3,Pedro Henrique Maia Costa,KSA Team
European IBJJF Jiu-Jitsu Championship ,2025,Adult,Black,Male,Light,3,Thiago Robson Saboia Sousa,Alliance
European IBJJF Jiu-Jitsu Championship ,2025,Adult,Black,Male,Middle,3,Jefferson Alves Goteu,CheckMat
European IBJJF Jiu-Jitsu Championship ,2025,Adult,Black,Male,Middle,3,Rafael Leite Borges,Fratres Brazilian Jiu-Jitsu
European IBJJF Jiu-Jitsu Championship ,2025,Adult,Black,Male,Medium-Heavy,3,Bruno Filipe Santos Lima,Alexandre Machado Association - AMA Jiu-Jitsu Team
European IBJJF Jiu-Jitsu Championship ,2025,Adult,Black,Male,Medium-Heavy,3,Uanderson Ferreira de Oliveira,Carlson Gracie Team
European IBJJF Jiu-Jitsu Championship ,2025,Adult,Black,Male,Heavy,3,Rider Zuchi Samelo do Amaral,Fratres Brazilian Jiu-Jitsu
European IBJJF Jiu-Jitsu Championship ,2025,Adult,Black,Male,Heavy,3,Vinicius Liberati,Fratres Brazilian Jiu-Jitsu
European IBJJF Jiu-Jitsu Championship ,2025,Adult,Black,Male,Super-Heavy,3,Guilherme  Carmo Cypriano,Cicero Costha Internacional
European IBJJF Jiu-Jitsu Championship ,2025,Adult,Black,Male,Super-Heavy,3,Marcos Carrozzino,GF Team
European IBJJF Jiu-Jitsu Championship ,2025,Adult,Black,Male,Ultra-Heavy,3,Anderson Kauan Gomes Marinho,Infight JJ
European IBJJF Jiu-Jitsu Championship ,2025,Adult,Black,Male,Ultra-Heavy,3,Marcus Vinicius Ribeiro de Siqueira,Alliance
European IBJJF Jiu-Jitsu Championship ,2025,Adult,Black,Male,Open Class,3,Leonardo Silveira Ferreira,Alliance
European IBJJF Jiu-Jitsu Championship ,2025,Adult,Black,Female,Rooster,1,Thaís Loureiro Felipe,Atos Jiu-Jitsu
European IBJJF Jiu-Jitsu Championship ,2025,Adult,Black,Female,Light-Feather,1,Mayssa Caldas Pereira Bastos,AOJ
European IBJJF Jiu-Jitsu Championship ,2025,Adult,Black,Female,Feather,1,Larissa Campos Carvalho,AOJ
European IBJJF Jiu-Jitsu Championship ,2025,Adult,Black,Female,Light,1,Janaina Maia de Menezes,AOJ
European IBJJF Jiu-Jitsu Championship ,2025,Adult,Black,Female,Middle,1,Vannessa Nancy Griffin,Team Lloyd Irvin
European IBJJF Jiu-Jitsu Championship ,2025,Adult,Black,Female,Medium-Heavy,1,Ingridd Alves de Sousa,DreamArt
European IBJJF Jiu-Jitsu Championship ,2025,Adult,Black,Female,Heavy,1,Melissa Stricker Cueto,Alliance
European IBJJF Jiu-Jitsu Championship ,2025,Adult,Black,Female,Super-Heavy,1,Gabrieli Pessanha de Souza Marinho,Infight JJ
European IBJJF Jiu-Jitsu Championship ,2025,Adult,Black,Female,Open Class,1,Gabrieli Pessanha de Souza Marinho,Infight JJ
European IBJJF Jiu-Jitsu Championship ,2025,Adult,Black,Female,Rooster,2,Yasmyn Castro,Marcio Andre Jiu-Jitsu
European IBJJF Jiu-Jitsu Championship ,2025,Adult,Black,Female,Light-Feather,2,Jessica Caroline Coelho Dantas,Fratres Brazilian Jiu-Jitsu
European IBJJF Jiu-Jitsu Championship ,2025,Adult,Black,Female,Feather,2,Vitória Damiana Silva de Assis,Double Five
European IBJJF Jiu-Jitsu Championship ,2025,Adult,Black,Female,Light,2,Stéphanie Caroline Delphine Faure,CheckMat
European IBJJF Jiu-Jitsu Championship ,2025,Adult,Black,Female,Middle,2,Vitoria Gabriella Nogueira dos Reis,Castro Team
European IBJJF Jiu-Jitsu Championship ,2025,Adult,Black,Female,Medium-Heavy,2,Aurélie Le Vern,Six Blades Jiu-Jitsu
European IBJJF Jiu-Jitsu Championship ,2025,Adult,Black,Female,Heavy,2,Izadora Cristina Silva,DreamArt
European IBJJF Jiu-Jitsu Championship ,2025,Adult,Black,Female,Super-Heavy,2,Yara Soares do Nascimento,Fratres Brazilian Jiu-Jitsu
European IBJJF Jiu-Jitsu Championship ,2025,Adult,Black,Female,Open Class,2,Yara Soares do Nascimento,Fratres Brazilian Jiu-Jitsu
European IBJJF Jiu-Jitsu Championship ,2025,Adult,Black,Female,Rooster,3,Giulia Guimarães Gregorut,Fratres Brazilian Jiu-Jitsu
European IBJJF Jiu-Jitsu Championship ,2025,Adult,Black,Female,Rooster,3,Mara Ananda Kelly,BJJ Revolution Team - International
European IBJJF Jiu-Jitsu Championship ,2025,Adult,Black,Female,Light-Feather,3,Leticia Barbosa Gomes,GF Team
European IBJJF Jiu-Jitsu Championship ,2025,Adult,Black,Female,Light-Feather,3,Naiomi Anaiansi Matthews Martín,Team Ganbaru
European IBJJF Jiu-Jitsu Championship ,2025,Adult,Black,Female,Feather,3,Astrid Agneta C. Scholin,CheckMat
European IBJJF Jiu-Jitsu Championship ,2025,Adult,Black,Female,Feather,3,Cassia Remesar,LEAD BJJ
European IBJJF Jiu-Jitsu Championship ,2025,Adult,Black,Female,Light,3,Janine Lillian Mutton,Jiu-Jitsu For Life Team
European IBJJF Jiu-Jitsu Championship ,2025,Adult,Black,Female,Light,3,Randryely da Silva Souza,Vision
European IBJJF Jiu-Jitsu Championship ,2025,Adult,Black,Female,Middle,3,Amanda Pamela Nicole Schurtz,ECJJA
European IBJJF Jiu-Jitsu Championship ,2025,Adult,Black,Female,Middle,3,Sábatha Laís Francisco dos Santos,Fratres Brazilian Jiu-Jitsu
European IBJJF Jiu-Jitsu Championship ,2025,Adult,Black,Female,Medium-Heavy,3,Alexia Souza Arantes,Vision
European IBJJF Jiu-Jitsu Championship ,2025,Adult,Black,Female,Medium-Heavy,3,Fernanda Yukari Makiyama Cristo,Evox BJJ
European IBJJF Jiu-Jitsu Championship ,2025,Adult,Black,Female,Heavy,3,Giovanna Jara de Souza,Fratres Brazilian Jiu-Jitsu
European IBJJF Jiu-Jitsu Championship ,2025,Adult,Black,Female,Heavy,3,Magdalena Zofia Loska,Brasa Poland
European IBJJF Jiu-Jitsu Championship ,2025,Adult,Black,Female,Super-Heavy,3,Maria Victoria Barboza de Santiago,LEAD BJJ
European IBJJF Jiu-Jitsu Championship ,2025,Adult,Black,Female,Super-Heavy,3,Maryanna Santos Cardoso,CheckMat
European IBJJF Jiu-Jitsu Championship ,2025,Adult,Black,Female,Open Class,3,Amanda Pamela Nicole Schurtz,ECJJA
European IBJJF Jiu-Jitsu Championship ,2025,Adult,Black,Female,Open Class,3,Melissa Stricker Cueto,Alliance
European IBJJF Jiu-Jitsu Championship ,2026,Adult,Black,Male,Rooster,1,Michael Jalen B. Fonacier,Alliance
European IBJJF Jiu-Jitsu Championship ,2026,Adult,Black,Male,Light-Feather,1,Diego Oliveira Batista,AOJ
European IBJJF Jiu-Jitsu Championship ,2026,Adult,Black,Male,Feather,1,Kennedy Leonardo N Maciel,Alliance
European IBJJF Jiu-Jitsu Championship ,2026,Adult,Black,Male,Light,1,William James Wilson,Carlson Gracie Team
European IBJJF Jiu-Jitsu Championship ,2026,Adult,Black,Male,Middle,1,Tainan Dalpra Costa,AOJ
European IBJJF Jiu-Jitsu Championship ,2026,Adult,Black,Male,Medium-Heavy,1,Francisco Eduardo Alves Costa,Alliance
European IBJJF Jiu-Jitsu Championship ,2026,Adult,Black,Male,Heavy,1,Leonardo Silveira Ferreira,Alliance
European IBJJF Jiu-Jitsu Championship ,2026,Adult,Black,Male,Super-Heavy,1,Vinicius Liberati,Soldiers Jiu-Jitsu B
European IBJJF Jiu-Jitsu Championship ,2026,Adult,Black,Male,Ultra-Heavy,1,Seif-Eddine Houmine,GF Team
European IBJJF Jiu-Jitsu Championship ,2026,Adult,Black,Male,Open Class,1,Gabriel de Sousa Ribeiro,Soldiers Jiu-Jitsu
European IBJJF Jiu-Jitsu Championship ,2026,Adult,Black,Male,Rooster,2,Tadiyah William Danforth,Foundry BJJ
European IBJJF Jiu-Jitsu Championship ,2026,Adult,Black,Male,Light-Feather,2,Gustavo Umeoka Ogawa,AOJ
European IBJJF Jiu-Jitsu Championship ,2026,Adult,Black,Male,Feather,2,Cole Anthony Abate,AOJ
European IBJJF Jiu-Jitsu Championship ,2026,Adult,Black,Male,Light,2,Mateo Cardona,AOJ
European IBJJF Jiu-Jitsu Championship ,2026,Adult,Black,Male,Middle,2,José Steve Nduazulu Ndilu,DreamArt
European IBJJF Jiu-Jitsu Championship ,2026,Adult,Black,Male,Medium-Heavy,2,Luiz Victor Gregoriano Pinto Maxnuk,Marcio Andre Jiu-Jitsu
European IBJJF Jiu-Jitsu Championship ,2026,Adult,Black,Male,Heavy,2,Matheus Vetoraci de Menezes,Blvckout Grappling
European IBJJF Jiu-Jitsu Championship ,2026,Adult,Black,Male,Super-Heavy,2,Harryson Santana Pereira,Ataque Duplo
European IBJJF Jiu-Jitsu Championship ,2026,Adult,Black,Male,Ultra-Heavy,2,Pedro Alex dos Santos Pimenta,GF Team
European IBJJF Jiu-Jitsu Championship ,2026,Adult,Black,Male,Open Class,2,Erich Munis dos Santos,Soldiers Jiu-Jitsu
European IBJJF Jiu-Jitsu Championship ,2026,Adult,Black,Male,Rooster,3,Samuel David Marquez,Fabio Santos BJJ
European IBJJF Jiu-Jitsu Championship ,2026,Adult,Black,Male,Rooster,3,Yuri da Silva Campos,Brothers Club
European IBJJF Jiu-Jitsu Championship ,2026,Adult,Black,Male,Light-Feather,3,Malachi James C. Edmond,Team Lloyd Irvin
European IBJJF Jiu-Jitsu Championship ,2026,Adult,Black,Male,Light-Feather,3,Shoya Ishiguro,Arta
European IBJJF Jiu-Jitsu Championship ,2026,Adult,Black,Male,Feather,3,Jun Yong Cho,Wire Jiu-Jitsu
European IBJJF Jiu-Jitsu Championship ,2026,Adult,Black,Male,Feather,3,Sebastian Ernesto Serpa,Outer Heaven
European IBJJF Jiu-Jitsu Championship ,2026,Adult,Black,Male,Light,3,Kevin Javier Mahecha,Outer Heaven
European IBJJF Jiu-Jitsu Championship ,2026,Adult,Black,Male,Light,3,Lucas Maquiné Silva,Target Team
European IBJJF Jiu-Jitsu Championship ,2026,Adult,Black,Male,Middle,3,Gabriel Ávila Queiroz Machado,Equipe Hugo Velasco Jiu-Jitsu
European IBJJF Jiu-Jitsu Championship ,2026,Adult,Black,Male,Middle,3,Pablo de Oliveira Custódia,Carlson Gracie Team
European IBJJF Jiu-Jitsu Championship ,2026,Adult,Black,Male,Medium-Heavy,3,Mikael Rhaillander Teixeira de Arruda,LGC-Luton Grappling Club
European IBJJF Jiu-Jitsu Championship ,2026,Adult,Black,Male,Medium-Heavy,3,Uanderson Ferreira de Oliveira,Carlson Gracie Team
European IBJJF Jiu-Jitsu Championship ,2026,Adult,Black,Male,Heavy,3,Igor Tanabe Guimarães,Brasa CTA
European IBJJF Jiu-Jitsu Championship ,2026,Adult,Black,Male,Heavy,3,Nolan Patrick Braga Stuart,Brea Jiu-Jitsu
European IBJJF Jiu-Jitsu Championship ,2026,Adult,Black,Male,Super-Heavy,3,Erich Munis dos Santos,Soldiers Jiu-Jitsu
European IBJJF Jiu-Jitsu Championship ,2026,Adult,Black,Male,Super-Heavy,3,Telmo Lucileno Ferreira Castro,Fight Nation Portugal
European IBJJF Jiu-Jitsu Championship ,2026,Adult,Black,Male,Ultra-Heavy,3,Hygor Brito da Silva,Lotus Club
European IBJJF Jiu-Jitsu Championship ,2026,Adult,Black,Male,Ultra-Heavy,3,Kjetil Hope Lydvo,CheckMat
European IBJJF Jiu-Jitsu Championship ,2026,Adult,Black,Male,Open Class,3,Pedro Henrique Maia Costa,Six Blades Jiu-Jitsu
European IBJJF Jiu-Jitsu Championship ,2026,Adult,Black,Male,Open Class,3,Seif-Eddine Houmine,GF Team
European IBJJF Jiu-Jitsu Championship ,2026,Adult,Black,Female,Rooster,1,Thaís Loureiro Felipe,Atos Jiu-Jitsu
European IBJJF Jiu-Jitsu Championship ,2026,Adult,Black,Female,Light-Feather,1,Ashlee Funegra,AOJ
European IBJJF Jiu-Jitsu Championship ,2026,Adult,Black,Female,Feather,1,Cassia Moura Remesar,LEAD BJJ
European IBJJF Jiu-Jitsu Championship ,2026,Adult,Black,Female,Light,1,Sarah C. Firme Galvao,Atos Jiu-Jitsu
European IBJJF Jiu-Jitsu Championship ,2026,Adult,Black,Female,Middle,1,Larissa Martins dos Santos,DreamArt
European IBJJF Jiu-Jitsu Championship ,2026,Adult,Black,Female,Medium-Heavy,1,Denise Krahn,Hilti BJJ IMAG Berlin
European IBJJF Jiu-Jitsu Championship ,2026,Adult,Black,Female,Heavy,1,Yara Soares do Nascimento,Fratres Brazilian Jiu-Jitsu
European IBJJF Jiu-Jitsu Championship ,2026,Adult,Black,Female,Super-Heavy,1,Gabrieli Pessanha de Souza Marinho,Infight JJ
European IBJJF Jiu-Jitsu Championship ,2026,Adult,Black,Female,Open Class,1,Gabrieli Pessanha de Souza Marinho,Infight JJ
European IBJJF Jiu-Jitsu Championship ,2026,Adult,Black,Female,Rooster,2,Mayssa Caldas Pereira Bastos,AOJ
European IBJJF Jiu-Jitsu Championship ,2026,Adult,Black,Female,Light-Feather,2,Josefine Beatrice Modig,CheckMat
European IBJJF Jiu-Jitsu Championship ,2026,Adult,Black,Female,Feather,2,Larissa Campos Carvalho,AOJ
European IBJJF Jiu-Jitsu Championship ,2026,Adult,Black,Female,Light,2,Tamara Toros,Atos Jiu-Jitsu
European IBJJF Jiu-Jitsu Championship ,2026,Adult,Black,Female,Middle,2,Amanda Pamela Nicole Schurtz,ECJJA
European IBJJF Jiu-Jitsu Championship ,2026,Adult,Black,Female,Medium-Heavy,2,Ingridd Alves de Sousa,Melqui Galvão Jiu-Jitsu
European IBJJF Jiu-Jitsu Championship ,2026,Adult,Black,Female,Heavy,2,Anabel Lopez Beard,CheckMat
European IBJJF Jiu-Jitsu Championship ,2026,Adult,Black,Female,Super-Heavy,2,Marina Carraro Penedo,JFC Almeida JJ
European IBJJF Jiu-Jitsu Championship ,2026,Adult,Black,Female,Open Class,2,Sarah C. Firme Galvao,Atos Jiu-Jitsu
European IBJJF Jiu-Jitsu Championship ,2026,Adult,Black,Female,Rooster,3,Jessica Caroline Coelho Dantas,Pax Jiu-Jitsu Academy
European IBJJF Jiu-Jitsu Championship ,2026,Adult,Black,Female,Rooster,3,Mariana Cabral Rolszt,Gracie Humaita South Bay
European IBJJF Jiu-Jitsu Championship ,2026,Adult,Black,Female,Light-Feather,3,Eonju Im,Tri-Force Jiu-Jitsu Academy
European IBJJF Jiu-Jitsu Championship ,2026,Adult,Black,Female,Light-Feather,3,Rose-Marie El Sharouni,CheckMat
European IBJJF Jiu-Jitsu Championship ,2026,Adult,Black,Female,Feather,3,Maria Luiza Nunes Pinto,JFC Almeida JJ
European IBJJF Jiu-Jitsu Championship ,2026,Adult,Black,Female,Feather,3,Thaynara Victoria Soares da Silva,DreamArt
European IBJJF Jiu-Jitsu Championship ,2026,Adult,Black,Female,Light,3,Beatrice Z Jin,Kogaion Academy
European IBJJF Jiu-Jitsu Championship ,2026,Adult,Black,Female,Light,3,Randryely da Silva Souza,Vision
European IBJJF Jiu-Jitsu Championship ,2026,Adult,Black,Female,Middle,3,Stéphanie Caroline Delphine Faure,CheckMat
European IBJJF Jiu-Jitsu Championship ,2026,Adult,Black,Female,Middle,3,Vitoria Gabriella Nogueira dos Reis,Castro Team
European IBJJF Jiu-Jitsu Championship ,2026,Adult,Black,Female,Medium-Heavy,3,Laura Liwia Sieradzan,CheckMat
European IBJJF Jiu-Jitsu Championship ,2026,Adult,Black,Female,Medium-Heavy,3,Maria Carolina Barón Vicentini,AOJ
European IBJJF Jiu-Jitsu Championship ,2026,Adult,Black,Female,Heavy,3,Isabely Sanches Ribeiro,Lotus Club
European IBJJF Jiu-Jitsu Championship ,2026,Adult,Black,Female,Heavy,3,Sara Maria Lehto,Hilti Nokia
European IBJJF Jiu-Jitsu Championship ,2026,Adult,Black,Female,Super-Heavy,3,Simone de Abreu Pinheiro,CheckMat
European IBJJF Jiu-Jitsu Championship ,2026,Adult,Black,Female,Open Class,3,Marina Carraro Penedo,JFC Almeida JJ
European IBJJF Jiu-Jitsu Championship ,2026,Adult,Black,Female,Open Class,3,Simone de Abreu Pinheiro,CheckMat
