Tournament,Year,Age,Belt,Gender,Weight Class,Placing,Competitor Name,Academy Name
Pan Jiu-Jitsu No-Gi IBJJF Championship,2007,Adult,Black,Male,Light Feather,1,Alex Taveira,Carioca Brazilian Jj
Pan Jiu-Jitsu No-Gi IBJJF Championship,2007,Adult,Black,Male,Light,1,Marcio Feitosa,Gracie Barra
Pan Jiu-Jitsu No-Gi IBJJF Championship,2007,Adult,Black,Male,Medium Heavy,1,Saulo Ribeiro,Saulo Ribeiro
Pan Jiu-Jitsu No-Gi IBJJF Championship,2007,Adult,Black,Male,Super Heavy,1,Flavio Almeida,Gracie Barra
Pan Jiu-Jitsu No-Gi IBJJF Championship,2007,Adult,Black,Male,Ultra Heavy,1,Rodrigo Medeiros,Brasa
Pan Jiu-Jitsu No-Gi IBJJF Championship,2007,Adult,Black,Male,Light Feather,2,Rogerio Taborda,Tatu Jj
Pan Jiu-Jitsu No-Gi IBJJF Championship,2007,Adult,Black,Male,Light,2,Lucas Gomes,Brasa
Pan Jiu-Jitsu No-Gi IBJJF Championship,2007,Adult,Black,Male,Medium Heavy,2,Romulo Barral,Gracie Barra
Pan Jiu-Jitsu No-Gi IBJJF Championship,2007,Adult,Black,Male,Super Heavy,2,Cristiano Lazarini,Gracie Barra
Pan Jiu-Jitsu No-Gi IBJJF Championship,2007,Adult,Black,Male,Ultra Heavy,2,Rodrigo Cavaca,Brasa
Pan Jiu-Jitsu No-Gi IBJJF Championship,2007,Adult,Black,Male,Light,3,Theodoro Canal,Ugf
Pan Jiu-Jitsu No-Gi IBJJF Championship,2007,Adult,Black,Male,Light,3,Joao Cunha,Clube De Jj Pitbull
Pan Jiu-Jitsu No-Gi IBJJF Championship,2007,Adult,Black,Male,Medium Heavy,3,Edson Diniz,American Top Team
Pan Jiu-Jitsu No-Gi IBJJF Championship,2007,Adult,Black,Male,Medium Heavy,3,Marcel Louzado,Brasa
Pan Jiu-Jitsu No-Gi IBJJF Championship,2007,Adult,Black,Male,Super Heavy,3,Eduardo Telles,99 Valente
Pan Jiu-Jitsu No-Gi IBJJF Championship,2007,Adult,Black,Male,Super Heavy,3,Rafael Lovato,Saulo Ribeiro
Pan Jiu-Jitsu No-Gi IBJJF Championship,2007,Adult,Black,Male,Ultra Heavy,3,Jose Eduardo Correa,Barbosa Jj
Pan Jiu-Jitsu No-Gi IBJJF Championship,2007,Adult,Black,Male,Ultra Heavy,3,Bruno Rodrigues Paulista,Gracie Florianopolis
Pan Jiu-Jitsu No-Gi IBJJF Championship,2007,Adult,Brown Black,Female,Light,1,Felicia Oh,Machado Jj
Pan Jiu-Jitsu No-Gi IBJJF Championship,2007,Adult,Brown Black,Female,Light,2,Kanako Inaba,Champion Jj
Pan Jiu-Jitsu No-Gi IBJJF Championship,2008,Adult,Black,Male,Rooster,1,Jason Yang,Renzo Gracie
Pan Jiu-Jitsu No-Gi IBJJF Championship,2008,Adult,Black,Male,Light Feather,1,Samuel Braga,Renzo Gracie
Pan Jiu-Jitsu No-Gi IBJJF Championship,2008,Adult,Black,Male,Feather,1,Renan Borges,Brazilian Top Team
Pan Jiu-Jitsu No-Gi IBJJF Championship,2008,Adult,Black,Male,Light,1,Rubens Charles,Alliance
Pan Jiu-Jitsu No-Gi IBJJF Championship,2008,Adult,Black,Male,Middle,1,Marcelo Azevedo,Gracie Barra Texas
Pan Jiu-Jitsu No-Gi IBJJF Championship,2008,Adult,Black,Male,Medium Heavy,1,Pablo Popovitch,Team Popovitch
Pan Jiu-Jitsu No-Gi IBJJF Championship,2008,Adult,Black,Male,Heavy,1,Braulio Estima,Renzo Gracie
Pan Jiu-Jitsu No-Gi IBJJF Championship,2008,Adult,Black,Male,Super Heavy,1,Mikhail Cirkunov,Tap Star
Pan Jiu-Jitsu No-Gi IBJJF Championship,2008,Adult,Black,Male,Ultra Heavy,1,Bruno Paulista,Gracie Barra America
Pan Jiu-Jitsu No-Gi IBJJF Championship,2008,Adult,Black,Male,Open Class,1,Braulio Estima,Renzo Gracie
Pan Jiu-Jitsu No-Gi IBJJF Championship,2008,Adult,Black,Male,Light Feather,2,Rafael Freitas,Gracie Barra
Pan Jiu-Jitsu No-Gi IBJJF Championship,2008,Adult,Black,Male,Feather,2,Aaron Milam,Renzo Gracie
Pan Jiu-Jitsu No-Gi IBJJF Championship,2008,Adult,Black,Male,Light,2,Daniel Aguiar,Alliance
Pan Jiu-Jitsu No-Gi IBJJF Championship,2008,Adult,Black,Male,Middle,2,Lucas Cepri,Alliance
Pan Jiu-Jitsu No-Gi IBJJF Championship,2008,Adult,Black,Male,Medium Heavy,2,Tarsis Humphrreys,Alliance
Pan Jiu-Jitsu No-Gi IBJJF Championship,2008,Adult,Black,Male,Heavy,2,Roberto Alencar,Gracie Barra
Pan Jiu-Jitsu No-Gi IBJJF Championship,2008,Adult,Black,Male,Super Heavy,2,Andre Gusmao,Renzo Gracie
Pan Jiu-Jitsu No-Gi IBJJF Championship,2008,Adult,Black,Male,Ultra Heavy,2,Rolles Gracie,Renzo Gracie
Pan Jiu-Jitsu No-Gi IBJJF Championship,2008,Adult,Black,Male,Open Class,2,Rolles Gracie,Renzo Gracie
Pan Jiu-Jitsu No-Gi IBJJF Championship,2008,Adult,Black,Male,Light Feather,3,Joseph Capizzi,Renzo Gracie
Pan Jiu-Jitsu No-Gi IBJJF Championship,2008,Adult,Black,Male,Feather,3,David Jacobs,Yamasaki Academy
Pan Jiu-Jitsu No-Gi IBJJF Championship,2008,Adult,Black,Male,Feather,3,Yero Washington,Team Roc
Pan Jiu-Jitsu No-Gi IBJJF Championship,2008,Adult,Black,Male,Light,3,Karel Pravec,Renzo Gracie/Silver Fox
Pan Jiu-Jitsu No-Gi IBJJF Championship,2008,Adult,Black,Male,Light,3,Oscar Junior,Brazilian Top Team
Pan Jiu-Jitsu No-Gi IBJJF Championship,2008,Adult,Black,Male,Middle,3,Raphael Chaves,The Armory
Pan Jiu-Jitsu No-Gi IBJJF Championship,2008,Adult,Black,Male,Middle,3,Claudio Cardoso,Gracie Barra Texas
Pan Jiu-Jitsu No-Gi IBJJF Championship,2008,Adult,Black,Male,Medium Heavy,3,Marcello Salazar Bergo,Brazilian Top Team
Pan Jiu-Jitsu No-Gi IBJJF Championship,2008,Adult,Black,Male,Medium Heavy,3,Michael Jaramillo,Renzo Gracie
Pan Jiu-Jitsu No-Gi IBJJF Championship,2008,Adult,Black,Male,Heavy,3,Leonardo Dalla,Leo Dalla
Pan Jiu-Jitsu No-Gi IBJJF Championship,2008,Adult,Black,Male,Super Heavy,3,Upiano Malachias,Gracie Barra America
Pan Jiu-Jitsu No-Gi IBJJF Championship,2008,Adult,Black,Male,Super Heavy,3,Rick Macauley,Balance
Pan Jiu-Jitsu No-Gi IBJJF Championship,2008,Adult,Black,Male,Ultra Heavy,3,Robert Constance,Renzo Gracie
Pan Jiu-Jitsu No-Gi IBJJF Championship,2008,Adult,Black,Male,Ultra Heavy,3,Juliano Coutinho,Renzo NYC
Pan Jiu-Jitsu No-Gi IBJJF Championship,2008,Adult,Black,Male,Open Class,3,Lucas Lepri,Alliance
Pan Jiu-Jitsu No-Gi IBJJF Championship,2008,Adult,Black,Male,Open Class,3,Tarsys Humphreys,Alliance
Pan Jiu-Jitsu No-Gi IBJJF Championship,2008,Adult,Brown Black,Female,Feather,1,Fabiana Borges,Brazilian Top Team
Pan Jiu-Jitsu No-Gi IBJJF Championship,2008,Adult,Brown Black,Female,Open Class,1,Thayse Nascimento,Brazilian Top Team
Pan Jiu-Jitsu No-Gi IBJJF Championship,2008,Adult,Brown Black,Female,Feather,2,Thayse Nascimento,Brazilian Top Team
Pan Jiu-Jitsu No-Gi IBJJF Championship,2008,Adult,Brown Black,Female,Open Class,2,Fabiana Borges,Top Brothers
Pan Jiu-Jitsu No-Gi IBJJF Championship,2009,Adult,Black,Male,Light Feather,1,brandon mullins,Westside MMA
Pan Jiu-Jitsu No-Gi IBJJF Championship,2009,Adult,Black,Male,Feather,1,rodrigo faria,Check Mat Bjj
Pan Jiu-Jitsu No-Gi IBJJF Championship,2009,Adult,Black,Male,Light,1,lucas lepri,Alliance
Pan Jiu-Jitsu No-Gi IBJJF Championship,2009,Adult,Black,Male,Middle,1,daniel moraes,Relson Gracie
Pan Jiu-Jitsu No-Gi IBJJF Championship,2009,Adult,Black,Male,Medium Heavy,1,gunnar nelson,Renzo Gracie
Pan Jiu-Jitsu No-Gi IBJJF Championship,2009,Adult,Black,Male,Heavy,1,igor gracie,Renzo Gracie
Pan Jiu-Jitsu No-Gi IBJJF Championship,2009,Adult,Black,Male,Super Heavy,1,andre gusmao,Renzo Gracie
Pan Jiu-Jitsu No-Gi IBJJF Championship,2009,Adult,Black,Male,Ultra Heavy,1,rolles gracie3,Renzo Gracie
Pan Jiu-Jitsu No-Gi IBJJF Championship,2009,Adult,Black,Male,Open Class,1,rafael franca,Renzo Gracie
Pan Jiu-Jitsu No-Gi IBJJF Championship,2009,Adult,Black,Male,Light Feather,2,josef gonzalez,robson moura
Pan Jiu-Jitsu No-Gi IBJJF Championship,2009,Adult,Black,Male,Feather,2,daniel aguiar,Arena
Pan Jiu-Jitsu No-Gi IBJJF Championship,2009,Adult,Black,Male,Light,2,jonathan torres,Lloyd Irvin M.A Academy
Pan Jiu-Jitsu No-Gi IBJJF Championship,2009,Adult,Black,Male,Middle,2,mike jaramillo,Renzo Gracie
Pan Jiu-Jitsu No-Gi IBJJF Championship,2009,Adult,Black,Male,Medium Heavy,2,leonardo ferreira,Renzo Gracie
Pan Jiu-Jitsu No-Gi IBJJF Championship,2009,Adult,Black,Male,Heavy,2,rafael franca,Renzo Gracie
Pan Jiu-Jitsu No-Gi IBJJF Championship,2009,Adult,Black,Male,Super Heavy,2,marco delima,Delima
Pan Jiu-Jitsu No-Gi IBJJF Championship,2009,Adult,Black,Male,Open Class,2,gunnar nelson,Renzo Gracie
Pan Jiu-Jitsu No-Gi IBJJF Championship,2009,Adult,Black,Male,Light Feather,3,luis pantoja,Yamasaki Academy
Pan Jiu-Jitsu No-Gi IBJJF Championship,2009,Adult,Black,Male,Light Feather,3,joseph capizzi,Renzo Gracie
Pan Jiu-Jitsu No-Gi IBJJF Championship,2009,Adult,Black,Male,Feather,3,salvatore sanguinetti,Yamasaki Academy
Pan Jiu-Jitsu No-Gi IBJJF Championship,2009,Adult,Black,Male,Light,3,leonardo leite,Renzo Gracie
Pan Jiu-Jitsu No-Gi IBJJF Championship,2009,Adult,Black,Male,Light,3,keith florian,florian martial arts
Pan Jiu-Jitsu No-Gi IBJJF Championship,2009,Adult,Black,Male,Middle,3,edson diniz,American Top Team
Pan Jiu-Jitsu No-Gi IBJJF Championship,2009,Adult,Black,Male,Middle,3,bruno tostes,Renzo Gracie
Pan Jiu-Jitsu No-Gi IBJJF Championship,2009,Adult,Black,Male,Medium Heavy,3,jay valko,valko bjj
Pan Jiu-Jitsu No-Gi IBJJF Championship,2009,Adult,Black,Male,Medium Heavy,3,ailton barbosa,American Top Team
Pan Jiu-Jitsu No-Gi IBJJF Championship,2009,Adult,Black,Male,Heavy,3,luiz gustavo costa,Renzo Gracie
Pan Jiu-Jitsu No-Gi IBJJF Championship,2009,Adult,Black,Male,Open Class,3,luis gustavo,Renzo Gracie
Pan Jiu-Jitsu No-Gi IBJJF Championship,2010,Adult,Black,Male,Light Feather,1,Caio Terra,Gracie Fighter
Pan Jiu-Jitsu No-Gi IBJJF Championship,2010,Adult,Black,Male,Feather,1,Henrique Rezende Costa e,Marcelo Garcia
Pan Jiu-Jitsu No-Gi IBJJF Championship,2010,Adult,Black,Male,Light,1,Jonathan Torres,Lloyd Irvin
Pan Jiu-Jitsu No-Gi IBJJF Championship,2010,Adult,Black,Male,Middle,1,Lucas Alves Lepri,Alliance
Pan Jiu-Jitsu No-Gi IBJJF Championship,2010,Adult,Black,Male,Heavy,1,Diego Gamonal Nogueira,Brazilian Top Team
Pan Jiu-Jitsu No-Gi IBJJF Championship,2010,Adult,Black,Male,Super Heavy,1,Marcus Vinicius Oliveira,Check Mat Bjj
Pan Jiu-Jitsu No-Gi IBJJF Championship,2010,Adult,Black,Male,Ultra Heavy,1,Victor Costa,Check Mat Bjj
Pan Jiu-Jitsu No-Gi IBJJF Championship,2010,Adult,Black,Male,Open Class,1,Pablo Popovich,The Avengers
Pan Jiu-Jitsu No-Gi IBJJF Championship,2010,Adult,Black,Male,Light Feather,2,Brandon Mullins,Gracie Barra
Pan Jiu-Jitsu No-Gi IBJJF Championship,2010,Adult,Black,Male,Feather,2,Renan Borges,Brazilian Top Team
Pan Jiu-Jitsu No-Gi IBJJF Championship,2010,Adult,Black,Male,Light,2,Rodrigo Simoes de Freitas,Gracie Barra
Pan Jiu-Jitsu No-Gi IBJJF Championship,2010,Adult,Black,Male,Middle,2,Thiago Aragao de Abreu,Check Mat Bjj
Pan Jiu-Jitsu No-Gi IBJJF Championship,2010,Adult,Black,Male,Heavy,2,Bruno Augusto Togni Antunes,Gracie FlorianÑpolis
Pan Jiu-Jitsu No-Gi IBJJF Championship,2010,Adult,Black,Male,Super Heavy,2,Bruno Cruz,Nova Uniao
Pan Jiu-Jitsu No-Gi IBJJF Championship,2010,Adult,Black,Male,Ultra Heavy,2,Marcelo Pereira,Nova Uniao
Pan Jiu-Jitsu No-Gi IBJJF Championship,2010,Adult,Black,Male,Open Class,2,Marcus Vinicius,Check Mat Bjj
Pan Jiu-Jitsu No-Gi IBJJF Championship,2010,Adult,Black,Male,Light Feather,3,Luis Pantoja,Yamasaki Academy
Pan Jiu-Jitsu No-Gi IBJJF Championship,2010,Adult,Black,Male,Light Feather,3,Joseph Capizzi,Renzo Gracie
Pan Jiu-Jitsu No-Gi IBJJF Championship,2010,Adult,Black,Male,Feather,3,Denilson de Carvalho Pimenta,GF Team
Pan Jiu-Jitsu No-Gi IBJJF Championship,2010,Adult,Black,Male,Feather,3,Samir Jose Chantre Dahas,Gracie Fighter
Pan Jiu-Jitsu No-Gi IBJJF Championship,2010,Adult,Black,Male,Light,3,Klint Radwani,Yamasaki Academy
Pan Jiu-Jitsu No-Gi IBJJF Championship,2010,Adult,Black,Male,Light,3,Caio Almeida,Ryan Gracie
Pan Jiu-Jitsu No-Gi IBJJF Championship,2010,Adult,Black,Male,Middle,3,Nic Ruben Nikolaisen,Frontline
Pan Jiu-Jitsu No-Gi IBJJF Championship,2010,Adult,Black,Male,Middle,3,Cleber de Souza Lopes,Leao Dourado
Pan Jiu-Jitsu No-Gi IBJJF Championship,2010,Adult,Black,Male,Heavy,3,Daniel Simmler,Renzo Gracie
Pan Jiu-Jitsu No-Gi IBJJF Championship,2010,Adult,Black,Male,Heavy,3,Carlos Eduardo Pedreira,Jucao
Pan Jiu-Jitsu No-Gi IBJJF Championship,2010,Adult,Black,Male,Super Heavy,3,Marco Macera,Gracie Barra
Pan Jiu-Jitsu No-Gi IBJJF Championship,2010,Adult,Black,Male,Open Class,3,Bruno Bastos,Nova Uniao
Pan Jiu-Jitsu No-Gi IBJJF Championship,2010,Adult,Black,Male,Open Class,3,Caio Terra,Gracie Fighter
Pan Jiu-Jitsu No-Gi IBJJF Championship,2010,Adult,Brown Black,Female,Feather,1,Sofia Amarante,The Avengers
Pan Jiu-Jitsu No-Gi IBJJF Championship,2010,Adult,Brown Black,Female,Middle,1,Emily Kwok,Marcelo Garcia
Pan Jiu-Jitsu No-Gi IBJJF Championship,2010,Adult,Brown Black,Female,Open Class,1,Emily Kwok,Marcelo Garcia
Pan Jiu-Jitsu No-Gi IBJJF Championship,2010,Adult,Brown Black,Female,Feather,2,Donna Picerno,Renzo Gracie
Pan Jiu-Jitsu No-Gi IBJJF Championship,2010,Adult,Brown Black,Female,Open Class,2,Sofia Amarante,The Avengers
Pan Jiu-Jitsu No-Gi IBJJF Championship,2011,Adult,Black,Male,Light Feather,1,Caio Terra,Gracie Fighter
Pan Jiu-Jitsu No-Gi IBJJF Championship,2011,Adult,Black,Male,Feather,1,Andre Carvalho Monteiro,BJJ Revolution Team
Pan Jiu-Jitsu No-Gi IBJJF Championship,2011,Adult,Black,Male,Light,1,Lucas Alves Lepri,Alliance NY
Pan Jiu-Jitsu No-Gi IBJJF Championship,2011,Adult,Black,Male,Middle,1,Davi Ramos Pinheiro da Silva,Atos JJ
Pan Jiu-Jitsu No-Gi IBJJF Championship,2011,Adult,Black,Male,Medium Heavy,1,Kayron Gracie,Gracie Barra
Pan Jiu-Jitsu No-Gi IBJJF Championship,2011,Adult,Black,Male,Heavy,1,Alexandre Henrique m Moreira,Team Link
Pan Jiu-Jitsu No-Gi IBJJF Championship,2011,Adult,Black,Male,Super Heavy,1,Francisco Daniel Pires Tavares,SAS Team
Pan Jiu-Jitsu No-Gi IBJJF Championship,2011,Adult,Black,Male,Ultra Heavy,1,Petrus Walter Moreira de Melo,Wild Buffalo Team
Pan Jiu-Jitsu No-Gi IBJJF Championship,2011,Adult,Black,Male,Open Class,1,Davi Ramos,Atos
Pan Jiu-Jitsu No-Gi IBJJF Championship,2011,Adult,Black,Male,Light Feather,2,Henrique Rezende Costa e,marcelo garcia academy
Pan Jiu-Jitsu No-Gi IBJJF Championship,2011,Adult,Black,Male,Feather,2,Jin Yung,Renzo Gracie
Pan Jiu-Jitsu No-Gi IBJJF Championship,2011,Adult,Black,Male,Light,2,Bruno Silva Amaral,Brazilian Top Team
Pan Jiu-Jitsu No-Gi IBJJF Championship,2011,Adult,Black,Male,Middle,2,Pedro Henrique R Elias,Caique JJ
Pan Jiu-Jitsu No-Gi IBJJF Championship,2011,Adult,Black,Male,Medium Heavy,2,Luciano Cristovam Rodrigues,Renzo Gracie
Pan Jiu-Jitsu No-Gi IBJJF Championship,2011,Adult,Black,Male,Heavy,2,Daniel Ray O'Brien,Solis Martial Arts
Pan Jiu-Jitsu No-Gi IBJJF Championship,2011,Adult,Black,Male,Super Heavy,2,Leonardo Machado,Brazilian Top Team
Pan Jiu-Jitsu No-Gi IBJJF Championship,2011,Adult,Black,Male,Open Class,2,Kayron Gracie,Gracie Barra
Pan Jiu-Jitsu No-Gi IBJJF Championship,2011,Adult,Black,Male,Light Feather,3,Brandon Mullins,Gracie Barra
Pan Jiu-Jitsu No-Gi IBJJF Championship,2011,Adult,Black,Male,Light Feather,3,Jason Scully,Brazilian JJ United Team
Pan Jiu-Jitsu No-Gi IBJJF Championship,2011,Adult,Black,Male,Feather,3,Flavio Ralf Meier,Caio Terra San Jose
Pan Jiu-Jitsu No-Gi IBJJF Championship,2011,Adult,Black,Male,Light,3,Renato Einaudi,Renzo Gracie
Pan Jiu-Jitsu No-Gi IBJJF Championship,2011,Adult,Black,Male,Light,3,Daniel J Covel,marcelo garcia academy
Pan Jiu-Jitsu No-Gi IBJJF Championship,2011,Adult,Black,Male,Middle,3,Warren Jefferson Stout,Renzo Gracie
Pan Jiu-Jitsu No-Gi IBJJF Championship,2011,Adult,Black,Male,Medium Heavy,3,Diego Gamonal Nogueira,Brazilian Top Team
Pan Jiu-Jitsu No-Gi IBJJF Championship,2011,Adult,Black,Male,Medium Heavy,3,Leonardo Henrique D'avila,Luiz Paulo JJ
Pan Jiu-Jitsu No-Gi IBJJF Championship,2011,Adult,Black,Male,Heavy,3,Frederico Moncaio,The Avengers
Pan Jiu-Jitsu No-Gi IBJJF Championship,2011,Adult,Black,Male,Heavy,3,Joao G Moncaio,The Avengers
Pan Jiu-Jitsu No-Gi IBJJF Championship,2011,Adult,Black,Male,Super Heavy,3,Marco Aurelio de Lima,Team De Lima
Pan Jiu-Jitsu No-Gi IBJJF Championship,2011,Adult,Black,Male,Open Class,3,Lucioano Cristovam,Renzo Gracie
Pan Jiu-Jitsu No-Gi IBJJF Championship,2011,Adult,Black,Male,Open Class,3,Daniel Tavares,SAS Team
Pan Jiu-Jitsu No-Gi IBJJF Championship,2011,Adult,Brown Black,Female,Light Feather,1,Marcela S. de Oliveira Macedo,The Avengers
Pan Jiu-Jitsu No-Gi IBJJF Championship,2011,Adult,Brown Black,Female,Feather,1,Jennifer A Petrina,Alliance
Pan Jiu-Jitsu No-Gi IBJJF Championship,2011,Adult,Brown Black,Female,Middle,1,Emily R Kwok,Alliance
Pan Jiu-Jitsu No-Gi IBJJF Championship,2011,Adult,Brown Black,Female,Heavy,1,Cecilia Maria Minshall,Renzo Gracie
Pan Jiu-Jitsu No-Gi IBJJF Championship,2011,Adult,Brown Black,Female,Open Class,1,Emily Kwok,Alliance
Pan Jiu-Jitsu No-Gi IBJJF Championship,2011,Adult,Brown Black,Female,Feather,2,Abby Brooke Malone,Nova Uniao
Pan Jiu-Jitsu No-Gi IBJJF Championship,2011,Adult,Brown Black,Female,Open Class,2,Cecilia Minshall,Renzo Gracie
Pan Jiu-Jitsu No-Gi IBJJF Championship,2011,Adult,Brown Black,Female,Feather,3,Donna Picerno,Renzo Gracie
Pan Jiu-Jitsu No-Gi IBJJF Championship,2011,Adult,Brown Black,Female,Open Class,3,Marcela Macedo,The Avengers
Pan Jiu-Jitsu No-Gi IBJJF Championship,2011,Adult,Brown Black,Female,Open Class,3,Abby Brooke Malone,Nova Uniao
Pan IBJJF Jiu-Jitsu No-Gi Championship ,2012,Adult,Black,Male,Light-Feather,1,Henrique Rezende Costa e Silva,Alliance
Pan IBJJF Jiu-Jitsu No-Gi Championship ,2012,Adult,Black,Male,Feather,1,Osvaldo Augusto Honorio Moizinho,Gracie Fighter
Pan IBJJF Jiu-Jitsu No-Gi Championship ,2012,Adult,Black,Male,Light,1,Lucas Alves Lepri,Alliance
Pan IBJJF Jiu-Jitsu No-Gi Championship ,2012,Adult,Black,Male,Middle,1,Vinícius Tavares Marinho,GF Team
Pan IBJJF Jiu-Jitsu No-Gi Championship ,2012,Adult,Black,Male,Medium-Heavy,1,Kleber de Oliveira Paulino,Gracie Barra
Pan IBJJF Jiu-Jitsu No-Gi Championship ,2012,Adult,Black,Male,Heavy,1,Roberto Camargo de Alencar,Gracie Barra
Pan IBJJF Jiu-Jitsu No-Gi Championship ,2012,Adult,Black,Male,Super-Heavy,1,Diego Gamonal Nogueira,Brazilian Top Team
Pan IBJJF Jiu-Jitsu No-Gi Championship ,2012,Adult,Black,Male,Ultra-Heavy,1,Diego Pereira de Santana,Academia DF
Pan IBJJF Jiu-Jitsu No-Gi Championship ,2012,Adult,Black,Male,Open Class,1,Pablo Popovitch,The Avengers
Pan IBJJF Jiu-Jitsu No-Gi Championship ,2012,Adult,Black,Male,Light-Feather,2,Laercio Fernandes,Lotus Club Jiu-Jitsu
Pan IBJJF Jiu-Jitsu No-Gi Championship ,2012,Adult,Black,Male,Feather,2,Samir José Chantre Dahás,Gracie Fighter
Pan IBJJF Jiu-Jitsu No-Gi Championship ,2012,Adult,Black,Male,Light,2,Renan Borges,Brazilian Top Team
Pan IBJJF Jiu-Jitsu No-Gi Championship ,2012,Adult,Black,Male,Middle,2,Francisco Daniel Pires Tavares,SAS Team
Pan IBJJF Jiu-Jitsu No-Gi Championship ,2012,Adult,Black,Male,Medium-Heavy,2,Ezra Zendt Lenon,American Top Team
Pan IBJJF Jiu-Jitsu No-Gi Championship ,2012,Adult,Black,Male,Heavy,2,Alexandre Henrique Moreno Moreira,Team Link
Pan IBJJF Jiu-Jitsu No-Gi Championship ,2012,Adult,Black,Male,Super-Heavy,2,Daniel Simmler,Renzo Gracie Academy
Pan IBJJF Jiu-Jitsu No-Gi Championship ,2012,Adult,Black,Male,Ultra-Heavy,2,Tiago Pereira Almeida,Academia DF
Pan IBJJF Jiu-Jitsu No-Gi Championship ,2012,Adult,Black,Male,Open Class,2,Lucas Alves Lepri,Alliance
Pan IBJJF Jiu-Jitsu No-Gi Championship ,2012,Adult,Black,Male,Light-Feather,3,Joseph A Capizzi,Renzo Gracie
Pan IBJJF Jiu-Jitsu No-Gi Championship ,2012,Adult,Black,Male,Feather,3,Jin Yung,Renzo Gracie
Pan IBJJF Jiu-Jitsu No-Gi Championship ,2012,Adult,Black,Male,Feather,3,Sidemar Honorio,Renzo Gracie Academy
Pan IBJJF Jiu-Jitsu No-Gi Championship ,2012,Adult,Black,Male,Light,3,Jason Jerome Rivera Palacios,Team Royce Gracie
Pan IBJJF Jiu-Jitsu No-Gi Championship ,2012,Adult,Black,Male,Light,3,Oliver Leys Geddes,Gracie Elite Team
Pan IBJJF Jiu-Jitsu No-Gi Championship ,2012,Adult,Black,Male,Middle,3,Alex J. Aristides,Serra BJJ Academy
Pan IBJJF Jiu-Jitsu No-Gi Championship ,2012,Adult,Black,Male,Middle,3,Bruno Franco Fernandes,Gracie Barra
Pan IBJJF Jiu-Jitsu No-Gi Championship ,2012,Adult,Black,Male,Medium-Heavy,3,Frederico G. Moncaio,The Avengers
Pan IBJJF Jiu-Jitsu No-Gi Championship ,2012,Adult,Black,Male,Medium-Heavy,3,Pablo Popovitch,The Avengers
Pan IBJJF Jiu-Jitsu No-Gi Championship ,2012,Adult,Black,Male,Heavy,3,Leonardo I. Iturralde Aguirre,Alliance
Pan IBJJF Jiu-Jitsu No-Gi Championship ,2012,Adult,Black,Male,Heavy,3,Ricardo de Souza de Rezende,The Avengers
Pan IBJJF Jiu-Jitsu No-Gi Championship ,2012,Adult,Black,Male,Open Class,3,Diego Pereira de Santana,Academia DF
Pan IBJJF Jiu-Jitsu No-Gi Championship ,2012,Adult,Black,Male,Open Class,3,Kleber de Oliveira Paulino,Gracie Barra
Pan IBJJF Jiu-Jitsu No-Gi Championship ,2012,Adult,Black,Female,Feather,1,Sofia Rosa Amarante,The Avengers
Pan IBJJF Jiu-Jitsu No-Gi Championship ,2012,Adult,Black,Female,Medium-Heavy,1,Thaysa H. Ramos da Silva,The Avengers
Pan IBJJF Jiu-Jitsu No-Gi Championship ,2012,Adult,Black,Female,Open Class,1,Valerie Lynn Worthington,Alliance
Pan IBJJF Jiu-Jitsu No-Gi Championship ,2012,Adult,Black,Female,Feather,2,Jennifer A Petrina,Alliance
Pan IBJJF Jiu-Jitsu No-Gi Championship ,2012,Adult,Black,Female,Medium-Heavy,2,Valerie Lynn Worthington,Alliance
Pan IBJJF Jiu-Jitsu No-Gi Championship ,2012,Adult,Black,Female,Feather,3,Bibiana Dios Tan Pacini S. Silva,GF Team
Pan IBJJF Jiu-Jitsu No-Gi Championship ,2013,Adult,Black,Male,Light-Feather,1,Laercio Fernandes,Alliance
Pan IBJJF Jiu-Jitsu No-Gi Championship ,2013,Adult,Black,Male,Feather,1,Samir José Chantre Dahás,Caio Terra Association
Pan IBJJF Jiu-Jitsu No-Gi Championship ,2013,Adult,Black,Male,Light,1,AJ Agazarm,Gracie Barra
Pan IBJJF Jiu-Jitsu No-Gi Championship ,2013,Adult,Black,Male,Middle,1,Francisco Antonio Iturralde Lara,Alliance
Pan IBJJF Jiu-Jitsu No-Gi Championship ,2013,Adult,Black,Male,Medium-Heavy,1,Murilo Silva Ferreira de Santana,Barbosa JJ e MMA
Pan IBJJF Jiu-Jitsu No-Gi Championship ,2013,Adult,Black,Male,Heavy,1,Luiz Fernando de Azevedo Panza,BARBOSA JIU-JITSU USA
Pan IBJJF Jiu-Jitsu No-Gi Championship ,2013,Adult,Black,Male,Super-Heavy,1,Ronald W Wuest Jr.,Balance
Pan IBJJF Jiu-Jitsu No-Gi Championship ,2013,Adult,Black,Male,Ultra-Heavy,1,Thomas D. DeBlass,TDBJJ
Pan IBJJF Jiu-Jitsu No-Gi Championship ,2013,Adult,Black,Male,Open Class,1,Murilo Silva Ferreira de Santana,Barbosa JJ e MMA
Pan IBJJF Jiu-Jitsu No-Gi Championship ,2013,Adult,Black,Male,Light-Feather,2,Milton Carlos Bastos P. do Nascimento,Paragon BJJ
Pan IBJJF Jiu-Jitsu No-Gi Championship ,2013,Adult,Black,Male,Feather,2,Osvaldo Augusto Honorio Moizinho,Caio Terra Association
Pan IBJJF Jiu-Jitsu No-Gi Championship ,2013,Adult,Black,Male,Light,2,Nicholas Falcão Moraes,SAS Team USA
Pan IBJJF Jiu-Jitsu No-Gi Championship ,2013,Adult,Black,Male,Middle,2,Vitor Henrique Silva Oliveira,GF Team
Pan IBJJF Jiu-Jitsu No-Gi Championship ,2013,Adult,Black,Male,Medium-Heavy,2,Thomas Alban Jules Loubersanes,Tropa de Elite
Pan IBJJF Jiu-Jitsu No-Gi Championship ,2013,Adult,Black,Male,Heavy,2,Daniel Simmler,Renzo Gracie
Pan IBJJF Jiu-Jitsu No-Gi Championship ,2013,Adult,Black,Male,Ultra-Heavy,2,Leonardo Henrique D'avila Corrêa,Atos Jiu-Jitsu
Pan IBJJF Jiu-Jitsu No-Gi Championship ,2013,Adult,Black,Male,Open Class,2,Luiz Fernando de Azevedo Panza,BARBOSA JIU-JITSU USA
Pan IBJJF Jiu-Jitsu No-Gi Championship ,2013,Adult,Black,Male,Feather,3,Caio Terra,Brasa
Pan IBJJF Jiu-Jitsu No-Gi Championship ,2013,Adult,Black,Male,Feather,3,John Nam H Cho,Alliance
Pan IBJJF Jiu-Jitsu No-Gi Championship ,2013,Adult,Black,Male,Light,3,Steven R Barnett,Pellegrino Mixed Martial Arts
Pan IBJJF Jiu-Jitsu No-Gi Championship ,2013,Adult,Black,Male,Middle,3,Bruno Franco Fernandes,Gracie Barra
Pan IBJJF Jiu-Jitsu No-Gi Championship ,2013,Adult,Black,Male,Middle,3,Francisco Daniel Pires Tavares,SAS Team USA
Pan IBJJF Jiu-Jitsu No-Gi Championship ,2013,Adult,Black,Male,Medium-Heavy,3,Karol Dzieniszewski,Gold Team Fighters
Pan IBJJF Jiu-Jitsu No-Gi Championship ,2013,Adult,Black,Male,Medium-Heavy,3,Maximiliano de Figueiredo Carvalho,Gracie Barra
Pan IBJJF Jiu-Jitsu No-Gi Championship ,2013,Adult,Black,Male,Heavy,3,Marcelo Meleiro,Nova União
Pan IBJJF Jiu-Jitsu No-Gi Championship ,2013,Adult,Black,Male,Open Class,3,AJ Agazarm,Gracie Barra
Pan IBJJF Jiu-Jitsu No-Gi Championship ,2013,Adult,Black,Male,Open Class,3,Vitor Henrique Silva Oliveira,GF Team
Pan IBJJF Jiu-Jitsu No-GI Championship ,2014,Adult,Black,Male,Light-Feather,1,João Ricardo Bordignon Miyao,PSLPB Cicero Costha
Pan IBJJF Jiu-Jitsu No-GI Championship ,2014,Adult,Black,Male,Feather,1,Osvaldo Augusto Honorio Moizinho,Caio Terra Association
Pan IBJJF Jiu-Jitsu No-GI Championship ,2014,Adult,Black,Male,Light,1,Rodrigo Lamounier de Freitas,Gracie Barra
Pan IBJJF Jiu-Jitsu No-GI Championship ,2014,Adult,Black,Male,Middle,1,Vitor Henrique Silva Oliveira,GF Team
Pan IBJJF Jiu-Jitsu No-GI Championship ,2014,Adult,Black,Male,Medium-Heavy,1,Claudio de Mattos Cardoso,Gracie Barra
Pan IBJJF Jiu-Jitsu No-GI Championship ,2014,Adult,Black,Male,Heavy,1,Mauro Celso Santiago,Gracie Barra
Pan IBJJF Jiu-Jitsu No-GI Championship ,2014,Adult,Black,Male,Super-Heavy,1,Tiago Ribeiro do Valle Giussani,Fabricio International Team - FIT
Pan IBJJF Jiu-Jitsu No-GI Championship ,2014,Adult,Black,Male,Ultra-Heavy,1,Gabriel Lyrio Lucas,CheckMat
Pan IBJJF Jiu-Jitsu No-GI Championship ,2014,Adult,Black,Male,Open Class,1,Jackson Sousa dos Santos,CheckMat
Pan IBJJF Jiu-Jitsu No-GI Championship ,2014,Adult,Black,Male,Light-Feather,2,Mark Daniel Ramos,"Ricardo ""Rey"" Diogo BJJ"
Pan IBJJF Jiu-Jitsu No-GI Championship ,2014,Adult,Black,Male,Feather,2,Samir José Chantre Dahás,Caio Terra Association
Pan IBJJF Jiu-Jitsu No-GI Championship ,2014,Adult,Black,Male,Light,2,Garry Lee Tonon,Renzo Gracie
Pan IBJJF Jiu-Jitsu No-GI Championship ,2014,Adult,Black,Male,Middle,2,Enrico Daniel Cocco,Fight Sports
Pan IBJJF Jiu-Jitsu No-GI Championship ,2014,Adult,Black,Male,Medium-Heavy,2,Brian J Beaury II,Abusado Team
Pan IBJJF Jiu-Jitsu No-GI Championship ,2014,Adult,Black,Male,Heavy,2,Lucas Rocha de Freitas,Gracie Barra
Pan IBJJF Jiu-Jitsu No-GI Championship ,2014,Adult,Black,Male,Super-Heavy,2,Nelson Horacio Puentes Zuniga,Team Fabio Clemente
Pan IBJJF Jiu-Jitsu No-GI Championship ,2014,Adult,Black,Male,Ultra-Heavy,2,Abraham J. Marte Messina,Yamasaki Academy
Pan IBJJF Jiu-Jitsu No-GI Championship ,2014,Adult,Black,Male,Open Class,2,AJ Agazarm,Gracie Barra
Pan IBJJF Jiu-Jitsu No-GI Championship ,2014,Adult,Black,Male,Light-Feather,3,Jorge Elias Bucaram Santistevan,Alliance
Pan IBJJF Jiu-Jitsu No-GI Championship ,2014,Adult,Black,Male,Light-Feather,3,Vitor Peres Paschoal,Caio Terra Association
Pan IBJJF Jiu-Jitsu No-GI Championship ,2014,Adult,Black,Male,Feather,3,Gianni Paul Grippo,Alliance Marcelo Garcia
Pan IBJJF Jiu-Jitsu No-GI Championship ,2014,Adult,Black,Male,Feather,3,Joseph Wallace Taliercio,Renzo Gracie
Pan IBJJF Jiu-Jitsu No-GI Championship ,2014,Adult,Black,Male,Light,3,AJ Agazarm,Gracie Barra
Pan IBJJF Jiu-Jitsu No-GI Championship ,2014,Adult,Black,Male,Light,3,Renan Borges,New England United BJJ
Pan IBJJF Jiu-Jitsu No-GI Championship ,2014,Adult,Black,Male,Middle,3,Francisco Antonio Iturralde Lara,Alliance
Pan IBJJF Jiu-Jitsu No-GI Championship ,2014,Adult,Black,Male,Middle,3,Leonardo I. Iturralde Aguirre,Alliance Ecuador
Pan IBJJF Jiu-Jitsu No-GI Championship ,2014,Adult,Black,Male,Medium-Heavy,3,Romulo de Souza Azevedo,Welton Ribeiro
Pan IBJJF Jiu-Jitsu No-GI Championship ,2014,Adult,Black,Male,Medium-Heavy,3,Vinicius Agudo Silva,Team Link
Pan IBJJF Jiu-Jitsu No-GI Championship ,2014,Adult,Black,Male,Heavy,3,Gabriel Toribio,Renzo Gracie
Pan IBJJF Jiu-Jitsu No-GI Championship ,2014,Adult,Black,Male,Heavy,3,Jackson Sousa dos Santos,CheckMat
Pan IBJJF Jiu-Jitsu No-GI Championship ,2014,Adult,Black,Male,Super-Heavy,3,Nicholas A Liaskos,RABJJ Academy
Pan IBJJF Jiu-Jitsu No-GI Championship ,2014,Adult,Black,Male,Ultra-Heavy,3,Bruno Bastos Cruz,Bruno Bastos Association
Pan IBJJF Jiu-Jitsu No-GI Championship ,2014,Adult,Black,Male,Open Class,3,Abraham J. Marte Messina,Yamasaki Academy
Pan IBJJF Jiu-Jitsu No-GI Championship ,2014,Adult,Black,Male,Open Class,3,Gianni Paul Grippo,Alliance Marcelo Garcia
Pan IBJJF Jiu-Jitsu No-GI Championship ,2014,Adult,Black,Female,Feather,1,Bibiana Dios Tan Pacini S. Silva,B&V Gravity MMA
Pan IBJJF Jiu-Jitsu No-GI Championship ,2014,Adult,Black,Female,Middle,1,Luiza Monteiro Moura da Costa,PSLPB Cicero Costha
Pan IBJJF Jiu-Jitsu No-GI Championship ,2014,Adult,Black,Female,Open Class,1,Luiza Monteiro Moura da Costa,PSLPB Cicero Costha
Pan IBJJF Jiu-Jitsu No-GI Championship ,2014,Adult,Black,Female,Middle,2,Megan Ann Nevill,Renzo Gracie
Pan IBJJF Jiu-Jitsu No-GI Championship ,2014,Adult,Black,Female,Open Class,2,Megan Ann Nevill,Renzo Gracie
Pan IBJJF Jiu-Jitsu No-GI Championship ,2014,Adult,Black,Female,Open Class,3,Bibiana Dios Tan Pacini S. Silva,B&V Gravity MMA
Pan IBJJF Jiu-Jitsu No-Gi Championship ,2015,Adult,Black,Male,Rooster,1,Washington Luis do M. Lima,GF Team California
Pan IBJJF Jiu-Jitsu No-Gi Championship ,2015,Adult,Black,Male,Light-Feather,1,João Ricardo Bordignon Miyao,PSLPB Cicero Costha
Pan IBJJF Jiu-Jitsu No-Gi Championship ,2015,Adult,Black,Male,Feather,1,Paulo H. Bordignon Miyao,PSLPB Cicero Costha
Pan IBJJF Jiu-Jitsu No-Gi Championship ,2015,Adult,Black,Male,Light,1,Garry Lee Tonon,Gracie Elite Team America
Pan IBJJF Jiu-Jitsu No-Gi Championship ,2015,Adult,Black,Male,Middle,1,Otavio Ferreira de Sousa,Gracie Barra
Pan IBJJF Jiu-Jitsu No-Gi Championship ,2015,Adult,Black,Male,Medium-Heavy,1,Marcos Vinícius da Silva Tinoco,Alliance Marcelo Garcia
Pan IBJJF Jiu-Jitsu No-Gi Championship ,2015,Adult,Black,Male,Heavy,1,Roberto Torralbas,Team Lloyd Irvin
Pan IBJJF Jiu-Jitsu No-Gi Championship ,2015,Adult,Black,Male,Super-Heavy,1,Guybson Costa e Sá,SAS Team USA
Pan IBJJF Jiu-Jitsu No-Gi Championship ,2015,Adult,Black,Male,Ultra-Heavy,1,Gustavo Dias Elias,Gracie Humaita San Diego
Pan IBJJF Jiu-Jitsu No-Gi Championship ,2015,Adult,Black,Male,Open Class,1,Matheus Oliveira Diniz,Alliance Marcelo Garcia
Pan IBJJF Jiu-Jitsu No-Gi Championship ,2015,Adult,Black,Male,Light-Feather,2,Mark Daniel Ramos,"Ricardo ""Rey"" Diogo BJJ"
Pan IBJJF Jiu-Jitsu No-Gi Championship ,2015,Adult,Black,Male,Feather,2,Gianni Paul Grippo,Alliance Marcelo Garcia
Pan IBJJF Jiu-Jitsu No-Gi Championship ,2015,Adult,Black,Male,Light,2,Rodrigo Lamounier de Freitas,Rodrigo Freitas Brazilian Jiu-Jitsu
Pan IBJJF Jiu-Jitsu No-Gi Championship ,2015,Adult,Black,Male,Middle,2,Marcelo França Mafra,CheckMat USA
Pan IBJJF Jiu-Jitsu No-Gi Championship ,2015,Adult,Black,Male,Medium-Heavy,2,Matheus Oliveira Diniz,Alliance Marcelo Garcia
Pan IBJJF Jiu-Jitsu No-Gi Championship ,2015,Adult,Black,Male,Heavy,2,Neiman Gracie Stambowsky,Renzo Gracie
Pan IBJJF Jiu-Jitsu No-Gi Championship ,2015,Adult,Black,Male,Super-Heavy,2,Paulo Henrique Alves da Silva,Zenith BJJ
Pan IBJJF Jiu-Jitsu No-Gi Championship ,2015,Adult,Black,Male,Ultra-Heavy,2,Abraham J. Marte Messina,GF Team International
Pan IBJJF Jiu-Jitsu No-Gi Championship ,2015,Adult,Black,Male,Open Class,2,Garry Lee Tonon,Gracie Elite Team America
Pan IBJJF Jiu-Jitsu No-Gi Championship ,2015,Adult,Black,Male,Light-Feather,3,Joseph Best,Balance
Pan IBJJF Jiu-Jitsu No-Gi Championship ,2015,Adult,Black,Male,Feather,3,Edson Francisco de Oliveira,Barbosa Jiu-Jitsu
Pan IBJJF Jiu-Jitsu No-Gi Championship ,2015,Adult,Black,Male,Feather,3,Mayko de Araujo Girotto Borges,CheckMat
Pan IBJJF Jiu-Jitsu No-Gi Championship ,2015,Adult,Black,Male,Light,3,Bricklin J. Welch,Redzovic International
Pan IBJJF Jiu-Jitsu No-Gi Championship ,2015,Adult,Black,Male,Light,3,Renan Borges,New England United BJJ
Pan IBJJF Jiu-Jitsu No-Gi Championship ,2015,Adult,Black,Male,Middle,3,Jonathan T. Satava,Alliance Marcelo Garcia
Pan IBJJF Jiu-Jitsu No-Gi Championship ,2015,Adult,Black,Male,Middle,3,Mansher Khera,Alliance Marcelo Garcia
Pan IBJJF Jiu-Jitsu No-Gi Championship ,2015,Adult,Black,Male,Medium-Heavy,3,Thiago Sá Fortes Silva,CheckMat
Pan IBJJF Jiu-Jitsu No-Gi Championship ,2015,Adult,Black,Male,Medium-Heavy,3,Thomas Alban Jules Loubersanes,Atos Jiu-Jitsu
Pan IBJJF Jiu-Jitsu No-Gi Championship ,2015,Adult,Black,Male,Heavy,3,Andrew J. Maulbeck,Renzo Gracie
Pan IBJJF Jiu-Jitsu No-Gi Championship ,2015,Adult,Black,Male,Super-Heavy,3,Carlos Robson Gracie Filho,Gracie Elite Team
Pan IBJJF Jiu-Jitsu No-Gi Championship ,2015,Adult,Black,Male,Ultra-Heavy,3,Jason J Lees,Gracie Elite Team America
Pan IBJJF Jiu-Jitsu No-Gi Championship ,2015,Adult,Black,Male,Open Class,3,Gianni Paul Grippo,Alliance Marcelo Garcia
Pan IBJJF Jiu-Jitsu No-Gi Championship ,2015,Adult,Black,Male,Open Class,3,Guybson Costa e Sá,SAS Team USA
Pan IBJJF Jiu-Jitsu No-Gi Championship ,2015,Adult,Black,Female,Light-Feather,1,Marcela Lawton,New England United
Pan IBJJF Jiu-Jitsu No-Gi Championship ,2015,Adult,Black,Female,Feather,1,Vianca J Jager,East Coast United BJJ
Pan IBJJF Jiu-Jitsu No-Gi Championship ,2015,Adult,Black,Female,Light,1,Karen Deisy Antunes Girotto Borges,CheckMat
Pan IBJJF Jiu-Jitsu No-Gi Championship ,2015,Adult,Black,Female,Medium-Heavy,1,Megan Ann Nevill,Alliance Marcelo Garcia
Pan IBJJF Jiu-Jitsu No-Gi Championship ,2015,Adult,Black,Female,Super-Heavy,1,Alison Victoria Tremblay,Brazilian Top Team
Pan IBJJF Jiu-Jitsu No-Gi Championship ,2015,Adult,Black,Female,Open Class,1,Alison Victoria Tremblay,Brazilian Top Team
Pan IBJJF Jiu-Jitsu No-Gi Championship ,2015,Adult,Black,Female,Feather,2,Fiona M. Watson,Notorious Mixed Martial Arts
Pan IBJJF Jiu-Jitsu No-Gi Championship ,2015,Adult,Black,Female,Light,2,Maria Dolores Asensi Gonzalez,Climent club
Pan IBJJF Jiu-Jitsu No-Gi Championship ,2015,Adult,Black,Female,Medium-Heavy,2,Monique Ricardo Carvalho,CheckMat USA
Pan IBJJF Jiu-Jitsu No-Gi Championship ,2015,Adult,Black,Female,Open Class,2,Megan Ann Nevill,Alliance Marcelo Garcia
Pan IBJJF Jiu-Jitsu No-Gi Championship ,2015,Adult,Black,Female,Feather,3,Bibiana Dios Tan Pacini S. Silva,B&V Gravity MMA
Pan IBJJF Jiu-Jitsu No-Gi Championship ,2015,Adult,Black,Female,Open Class,3,Karen Deisy Antunes Girotto Borges,CheckMat
Pan IBJJF Jiu-Jitsu No-Gi Championship ,2015,Adult,Black,Female,Open Class,3,Maria Dolores Asensi Gonzalez,Climent club
Pan Jiu-Jitsu No-Gi IBJJF Championship ,2016,Adult,Black,Male,Rooster,1,Marcelo Cohen,The Armory
Pan Jiu-Jitsu No-Gi IBJJF Championship ,2016,Adult,Black,Male,Light-Feather,1,João Ricardo Bordignon Miyao,PSLPB Cicero Costha
Pan Jiu-Jitsu No-Gi IBJJF Championship ,2016,Adult,Black,Male,Feather,1,Ian Phyllip Sanders,Rodrigo Freitas Brazilian Jiu-Jitsu
Pan Jiu-Jitsu No-Gi IBJJF Championship ,2016,Adult,Black,Male,Light,1,Gianni Paul Grippo,Alliance
Pan Jiu-Jitsu No-Gi IBJJF Championship ,2016,Adult,Black,Male,Middle,1,Jonathan T. Satava,Alliance
Pan Jiu-Jitsu No-Gi IBJJF Championship ,2016,Adult,Black,Male,Medium-Heavy,1,Dillon Danis,Alliance
Pan Jiu-Jitsu No-Gi IBJJF Championship ,2016,Adult,Black,Male,Heavy,1,Todd Brandon Mueckenheim,Soca BJJ
Pan Jiu-Jitsu No-Gi IBJJF Championship ,2016,Adult,Black,Male,Super-Heavy,1,Cássio Francis da Silva,Gracie Barra
Pan Jiu-Jitsu No-Gi IBJJF Championship ,2016,Adult,Black,Male,Ultra-Heavy,1,Aaron Michael Johnson,Unity Jiu-jitsu
Pan Jiu-Jitsu No-Gi IBJJF Championship ,2016,Adult,Black,Male,Open Class,1,Jonathan T. Satava,Alliance
Pan Jiu-Jitsu No-Gi IBJJF Championship ,2016,Adult,Black,Male,Rooster,2,Alexis Alduncin Barragan,Renzo Gracie Mexico
Pan Jiu-Jitsu No-Gi IBJJF Championship ,2016,Adult,Black,Male,Feather,2,Sergio Calderon Gonzalez,Association Aranha
Pan Jiu-Jitsu No-Gi IBJJF Championship ,2016,Adult,Black,Male,Light,2,Rodrigo Lamounier de Freitas,Rodrigo Freitas Brazilian Jiu-Jitsu
Pan Jiu-Jitsu No-Gi IBJJF Championship ,2016,Adult,Black,Male,Middle,2,Felipe Cesar Silva,Barbosa Jiu-Jitsu
Pan Jiu-Jitsu No-Gi IBJJF Championship ,2016,Adult,Black,Male,Medium-Heavy,2,Murilo Silva Ferreira de Santana,BARBOSA JIU-JITSU USA
Pan Jiu-Jitsu No-Gi IBJJF Championship ,2016,Adult,Black,Male,Heavy,2,Romulo de Souza Azevedo,Welton Ribeiro
Pan Jiu-Jitsu No-Gi IBJJF Championship ,2016,Adult,Black,Male,Super-Heavy,2,Fernando Andrade dos Reis,Alliance
Pan Jiu-Jitsu No-Gi IBJJF Championship ,2016,Adult,Black,Male,Ultra-Heavy,2,Leonardo Henrique D'avila Corrêa,Atos Jiu-Jitsu
Pan Jiu-Jitsu No-Gi IBJJF Championship ,2016,Adult,Black,Male,Open Class,2,Dillon Danis,Alliance
Pan Jiu-Jitsu No-Gi IBJJF Championship ,2016,Adult,Black,Male,Rooster,3,Christopher Michael Noonan,The Hive Martial Arts Academy
Pan Jiu-Jitsu No-Gi IBJJF Championship ,2016,Adult,Black,Male,Feather,3,Alberto Serrano Govea,Renzo Gracie Mexico
Pan Jiu-Jitsu No-Gi IBJJF Championship ,2016,Adult,Black,Male,Feather,3,Mayko de Araujo Girotto Borges,CheckMat
Pan Jiu-Jitsu No-Gi IBJJF Championship ,2016,Adult,Black,Male,Light,3,João Paulo de Fatima Alves Ferreira,Alliance
Pan Jiu-Jitsu No-Gi IBJJF Championship ,2016,Adult,Black,Male,Light,3,Vinícius Soares Vieira,Kioto Brazilian Jiu-Jitsu
Pan Jiu-Jitsu No-Gi IBJJF Championship ,2016,Adult,Black,Male,Middle,3,Marcos Vinícius da Silva Tinoco,Alliance
Pan Jiu-Jitsu No-Gi IBJJF Championship ,2016,Adult,Black,Male,Middle,3,Sean Patrick Fisher,Precision Jiu-Jitsu
Pan Jiu-Jitsu No-Gi IBJJF Championship ,2016,Adult,Black,Male,Medium-Heavy,3,Gottrell W King Jr.,Gracie Barra
Pan Jiu-Jitsu No-Gi IBJJF Championship ,2016,Adult,Black,Male,Medium-Heavy,3,Samir Abdolkader,David Jacobs Jiu-Jitsu Team
Pan Jiu-Jitsu No-Gi IBJJF Championship ,2016,Adult,Black,Male,Heavy,3,Carlos Robson Gracie Filho,Renzo Gracie
Pan Jiu-Jitsu No-Gi IBJJF Championship ,2016,Adult,Black,Male,Heavy,3,Lucas Rocha de Freitas,ZR Team California
Pan Jiu-Jitsu No-Gi IBJJF Championship ,2016,Adult,Black,Male,Open Class,3,Aaron Michael Johnson,Unity Jiu-jitsu
Pan Jiu-Jitsu No-Gi IBJJF Championship ,2016,Adult,Black,Male,Open Class,3,Cássio Francis da Silva,Gracie Barra
Pan Jiu-Jitsu No-Gi IBJJF Championship ,2016,Adult,Black,Female,Light,1,Karen Deisy Antunes Girotto Borges,CheckMat
Pan Jiu-Jitsu No-Gi IBJJF Championship ,2016,Adult,Black,Female,Middle,1,Carina Paganini Damm,American Top Team
Pan Jiu-Jitsu No-Gi IBJJF Championship ,2016,Adult,Black,Female,Medium-Heavy,1,Ida Fløisvik,OXY
Pan Jiu-Jitsu No-Gi IBJJF Championship ,2016,Adult,Black,Female,Super-Heavy,1,Alison Victoria Tremblay,Brazilian Top Team
Pan Jiu-Jitsu No-Gi IBJJF Championship ,2016,Adult,Black,Female,Open Class,1,Karen Deisy Antunes Girotto Borges,CheckMat
Pan Jiu-Jitsu No-Gi IBJJF Championship ,2016,Adult,Black,Female,Open Class,2,Alison Victoria Tremblay,Brazilian Top Team
Pan Jiu-Jitsu No-Gi IBJJF Championship ,2016,Adult,Black,Female,Open Class,3,Carina Paganini Damm,American Top Team
Pan Jiu-Jitsu No-Gi IBJJF Championship ,2016,Adult,Black,Female,Open Class,3,Ida Fløisvik,OXY
Pan IBJJF Jiu-Jitsu No-Gi Championship ,2017,Adult,Black,Male,Rooster,1,Lucas dos Santos Pinheiro,AMBJJ - Alex Martins Brazilian Jiu-Jitsu
Pan IBJJF Jiu-Jitsu No-Gi Championship ,2017,Adult,Black,Male,Light-Feather,1,João Ricardo Bordignon Miyao,PSLPB Cicero Costha
Pan IBJJF Jiu-Jitsu No-Gi Championship ,2017,Adult,Black,Male,Feather,1,Gianni Paul Grippo,Alliance
Pan IBJJF Jiu-Jitsu No-Gi Championship ,2017,Adult,Black,Male,Light,1,Renato Forasieppi Alves Canuto,Zenith BJJ - Las Vegas
Pan IBJJF Jiu-Jitsu No-Gi Championship ,2017,Adult,Black,Male,Middle,1,Dante Scott Leon,GF Team
Pan IBJJF Jiu-Jitsu No-Gi Championship ,2017,Adult,Black,Male,Medium-Heavy,1,Lucas Rocha de Freitas,ZR Team California
Pan IBJJF Jiu-Jitsu No-Gi Championship ,2017,Adult,Black,Male,Heavy,1,Thomas Alban Jules Loubersanes,Cercle Tissier
Pan IBJJF Jiu-Jitsu No-Gi Championship ,2017,Adult,Black,Male,Super-Heavy,1,Jackson Sousa dos Santos,CheckMat
Pan IBJJF Jiu-Jitsu No-Gi Championship ,2017,Adult,Black,Male,Ultra-Heavy,1,Aaron Michael Johnson,Unity Jiu-jitsu
Pan IBJJF Jiu-Jitsu No-Gi Championship ,2017,Adult,Black,Male,Open Class,1,Jackson Sousa dos Santos,CheckMat
Pan IBJJF Jiu-Jitsu No-Gi Championship ,2017,Adult,Black,Male,Rooster,2,Ronald Stephen Henderson Jr.,CheckMat
Pan IBJJF Jiu-Jitsu No-Gi Championship ,2017,Adult,Black,Male,Light-Feather,2,Eduardo Barboza da Silva,GF Team
Pan IBJJF Jiu-Jitsu No-Gi Championship ,2017,Adult,Black,Male,Feather,2,Shane Jamil Hill-Taylor,Team Lloyd Irvin
Pan IBJJF Jiu-Jitsu No-Gi Championship ,2017,Adult,Black,Male,Light,2,Frederico Augusto Alves Silva,Alliance
Pan IBJJF Jiu-Jitsu No-Gi Championship ,2017,Adult,Black,Male,Middle,2,Eduardo Rios,Frontline Academy
Pan IBJJF Jiu-Jitsu No-Gi Championship ,2017,Adult,Black,Male,Medium-Heavy,2,Jonathan T. Satava,Alliance
Pan IBJJF Jiu-Jitsu No-Gi Championship ,2017,Adult,Black,Male,Heavy,2,Todd Brandon Mueckenheim,Soca BJJ
Pan IBJJF Jiu-Jitsu No-Gi Championship ,2017,Adult,Black,Male,Super-Heavy,2,Eliot Andrew Kelly,Yemaso Brazilian Jiu-Jitsu
Pan IBJJF Jiu-Jitsu No-Gi Championship ,2017,Adult,Black,Male,Ultra-Heavy,2,Matthew W Leighton,Bonsai JJ - Chicago
Pan IBJJF Jiu-Jitsu No-Gi Championship ,2017,Adult,Black,Male,Open Class,2,Diego Dias Ramalho,ZR Team California
Pan IBJJF Jiu-Jitsu No-Gi Championship ,2017,Adult,Black,Male,Light-Feather,3,Adam Paul Ferrara,GF Team
Pan IBJJF Jiu-Jitsu No-Gi Championship ,2017,Adult,Black,Male,Light-Feather,3,Rodrigo da Costa Oliveira,Fight Sports
Pan IBJJF Jiu-Jitsu No-Gi Championship ,2017,Adult,Black,Male,Feather,3,Nicolas Jean Paul Renier,GF Team
Pan IBJJF Jiu-Jitsu No-Gi Championship ,2017,Adult,Black,Male,Feather,3,Silvio Duran de Barros Saraiva,Vitor Shaolin BJJ
Pan IBJJF Jiu-Jitsu No-Gi Championship ,2017,Adult,Black,Male,Light,3,Alexandre Faria Molinaro,Carlson Gracie Team
Pan IBJJF Jiu-Jitsu No-Gi Championship ,2017,Adult,Black,Male,Light,3,Francisco Daniel Pires Tavares,SAS Team USA
Pan IBJJF Jiu-Jitsu No-Gi Championship ,2017,Adult,Black,Male,Middle,3,Joshua Aaron Bacallao,Academia Jiu-Jitsu
Pan IBJJF Jiu-Jitsu No-Gi Championship ,2017,Adult,Black,Male,Middle,3,Tyler Benjamin Steppe,Alliance
Pan IBJJF Jiu-Jitsu No-Gi Championship ,2017,Adult,Black,Male,Medium-Heavy,3,Diego Dias Ramalho,ZR Team California
Pan IBJJF Jiu-Jitsu No-Gi Championship ,2017,Adult,Black,Male,Medium-Heavy,3,Vinicius P. Canabarro,RCJ Machado
Pan IBJJF Jiu-Jitsu No-Gi Championship ,2017,Adult,Black,Male,Heavy,3,Diego Gamonal Nogueira,Brazilian Top Team
Pan IBJJF Jiu-Jitsu No-Gi Championship ,2017,Adult,Black,Male,Ultra-Heavy,3,Oleksandr Karliychuk,Renzo Gracie Academy
Pan IBJJF Jiu-Jitsu No-Gi Championship ,2017,Adult,Black,Male,Open Class,3,Dustin Baradaran Akbari,Cassio Werneck BJJ
Pan IBJJF Jiu-Jitsu No-Gi Championship ,2017,Adult,Black,Male,Open Class,3,Joshua Aaron Bacallao,Academia Jiu-Jitsu
Pan IBJJF Jiu-Jitsu No-Gi Championship ,2017,Adult,Black,Female,Feather,1,Amanda Monteiro Canuto,GF Team
Pan IBJJF Jiu-Jitsu No-Gi Championship ,2017,Adult,Black,Female,Light,1,Michelle Zonato Nicolini,CheckMat
Pan IBJJF Jiu-Jitsu No-Gi Championship ,2017,Adult,Black,Female,Middle,1,Catherine Fuhro Perret,CheckMat
Pan IBJJF Jiu-Jitsu No-Gi Championship ,2017,Adult,Black,Female,Super-Heavy,1,Alison Victoria Tremblay,Brazilian Top Team
Pan IBJJF Jiu-Jitsu No-Gi Championship ,2017,Adult,Black,Female,Open Class,1,Michelle Zonato Nicolini,CheckMat
Pan IBJJF Jiu-Jitsu No-Gi Championship ,2017,Adult,Black,Female,Feather,2,Patrícia Maria N. Fontes dos Santos,CheckMat
Pan IBJJF Jiu-Jitsu No-Gi Championship ,2017,Adult,Black,Female,Light,2,Jessica Cristina C. A. dos Santos,T3MA
Pan IBJJF Jiu-Jitsu No-Gi Championship ,2017,Adult,Black,Female,Middle,2,Anna Sophia Maria Nordenö,Hilti Fight Center
Pan IBJJF Jiu-Jitsu No-Gi Championship ,2017,Adult,Black,Female,Open Class,2,Catherine Fuhro Perret,CheckMat
Pan IBJJF Jiu-Jitsu No-Gi Championship ,2017,Adult,Black,Female,Feather,3,Ana Talita de Oliveira Alencar,Alliance Los Angeles
Pan IBJJF Jiu-Jitsu No-Gi Championship ,2017,Adult,Black,Female,Feather,3,Fiona M. Watson,Fight Club Jiu Jitsu Australia
Pan IBJJF Jiu-Jitsu No-Gi Championship ,2017,Adult,Black,Female,Light,3,Aarae Alexander,Team Lloyd Irvin
Pan IBJJF Jiu-Jitsu No-Gi Championship ,2017,Adult,Black,Female,Middle,3,Renata Marinho Moreira,Alliance
Pan IBJJF Jiu-Jitsu No-Gi Championship ,2017,Adult,Black,Female,Open Class,3,Alison Victoria Tremblay,Brazilian Top Team
Pan IBJJF Jiu-Jitsu No-Gi Championship ,2017,Adult,Black,Female,Open Class,3,Jessica Cristina C. A. dos Santos,T3MA
Pan IBJJF Jiu-Jitsu No-Gi Championship ,2018,Adult,Black,Male,Rooster,1,Kristian R Woodmansee,Atos Jiu-Jitsu
Pan IBJJF Jiu-Jitsu No-Gi Championship ,2018,Adult,Black,Male,Light-Feather,1,João Ricardo Bordignon Miyao,Cicero Costha Internacional
Pan IBJJF Jiu-Jitsu No-Gi Championship ,2018,Adult,Black,Male,Feather,1,Ian Phyllip Sanders,Rodrigo Freitas Brazilian Jiu-Jitsu
Pan IBJJF Jiu-Jitsu No-Gi Championship ,2018,Adult,Black,Male,Light,1,Gianni Paul Grippo,Alliance
Pan IBJJF Jiu-Jitsu No-Gi Championship ,2018,Adult,Black,Male,Middle,1,Dante Scott Leon,GF Team
Pan IBJJF Jiu-Jitsu No-Gi Championship ,2018,Adult,Black,Male,Medium-Heavy,1,Marcos Vinícius da Silva Tinoco,Alliance
Pan IBJJF Jiu-Jitsu No-Gi Championship ,2018,Adult,Black,Male,Heavy,1,Romulo de Souza Azevedo,Vitor Shaolin BJJ
Pan IBJJF Jiu-Jitsu No-Gi Championship ,2018,Adult,Black,Male,Super-Heavy,1,Aaron Michael Johnson,Unity Jiu-jitsu
Pan IBJJF Jiu-Jitsu No-Gi Championship ,2018,Adult,Black,Male,Ultra-Heavy,1,Gordon F. Ryan III,Renzo Gracie Academy
Pan IBJJF Jiu-Jitsu No-Gi Championship ,2018,Adult,Black,Male,Open Class,1,Gordon F. Ryan III,Renzo Gracie Academy
Pan IBJJF Jiu-Jitsu No-Gi Championship ,2018,Adult,Black,Male,Rooster,2,Christopher Michael Noonan,The Hive Martial Arts Academy
Pan IBJJF Jiu-Jitsu No-Gi Championship ,2018,Adult,Black,Male,Light-Feather,2,Alexis Alduncin Barragan,Renzo Gracie Mexico
Pan IBJJF Jiu-Jitsu No-Gi Championship ,2018,Adult,Black,Male,Feather,2,Pablo Mantovani Dutra,Atos Jiu-Jitsu
Pan IBJJF Jiu-Jitsu No-Gi Championship ,2018,Adult,Black,Male,Light,2,AJ Agazarm,Gracie Barra
Pan IBJJF Jiu-Jitsu No-Gi Championship ,2018,Adult,Black,Male,Middle,2,Michael Ray Trasso,Gracie Humaita San Diego Competition Team
Pan IBJJF Jiu-Jitsu No-Gi Championship ,2018,Adult,Black,Male,Medium-Heavy,2,Nicholas Patrick Calvanese,TAC Team BJJ
Pan IBJJF Jiu-Jitsu No-Gi Championship ,2018,Adult,Black,Male,Heavy,2,Thiago Sá Fortes Silva,CheckMat
Pan IBJJF Jiu-Jitsu No-Gi Championship ,2018,Adult,Black,Male,Super-Heavy,2,Jackson Sousa dos Santos,CheckMat
Pan IBJJF Jiu-Jitsu No-Gi Championship ,2018,Adult,Black,Male,Ultra-Heavy,2,Max dos Santos Gimenis,GF Team
Pan IBJJF Jiu-Jitsu No-Gi Championship ,2018,Adult,Black,Male,Open Class,2,Kaynan Casemiro Duarte,Atos Jiu-Jitsu
Pan IBJJF Jiu-Jitsu No-Gi Championship ,2018,Adult,Black,Male,Light-Feather,3,Alex Ecklin,Masterskya
Pan IBJJF Jiu-Jitsu No-Gi Championship ,2018,Adult,Black,Male,Light-Feather,3,Perez R. Figueroa Jr.,Team Redzovic
Pan IBJJF Jiu-Jitsu No-Gi Championship ,2018,Adult,Black,Male,Feather,3,Adam Benayoun,Fifty/50 Jiu-Jitsu
Pan IBJJF Jiu-Jitsu No-Gi Championship ,2018,Adult,Black,Male,Feather,3,Silvio Duran de Barros Saraiva,Vitor Shaolin BJJ
Pan IBJJF Jiu-Jitsu No-Gi Championship ,2018,Adult,Black,Male,Light,3,Herbert Mitchell Pontes Burns,Associação Oriente
Pan IBJJF Jiu-Jitsu No-Gi Championship ,2018,Adult,Black,Male,Light,3,Matheus Evangelista Gonzaga,Alliance Marcelo Garcia
Pan IBJJF Jiu-Jitsu No-Gi Championship ,2018,Adult,Black,Male,Middle,3,Enrique D. Galarza,Silver Fox BJJ
Pan IBJJF Jiu-Jitsu No-Gi Championship ,2018,Adult,Black,Male,Middle,3,Olivier Kee-Seng,Sampa BJJ International
Pan IBJJF Jiu-Jitsu No-Gi Championship ,2018,Adult,Black,Male,Medium-Heavy,3,"Isiah Olajide ""ShoNuff"" Wright",Easton BJJ
Pan IBJJF Jiu-Jitsu No-Gi Championship ,2018,Adult,Black,Male,Medium-Heavy,3,Michael Anthony Perez,Atos Jiu-Jitsu
Pan IBJJF Jiu-Jitsu No-Gi Championship ,2018,Adult,Black,Male,Heavy,3,Benjamin Zachary Lenyard,Brazilian Top Team
Pan IBJJF Jiu-Jitsu No-Gi Championship ,2018,Adult,Black,Male,Heavy,3,Diogo Sampaio Araujo,Soul Fighters BJJ Connecticut
Pan IBJJF Jiu-Jitsu No-Gi Championship ,2018,Adult,Black,Male,Super-Heavy,3,Alexandre Bueno de Oliveira,GF Team
Pan IBJJF Jiu-Jitsu No-Gi Championship ,2018,Adult,Black,Male,Super-Heavy,3,Roberto Torralbas,Team Lloyd Irvin
Pan IBJJF Jiu-Jitsu No-Gi Championship ,2018,Adult,Black,Male,Ultra-Heavy,3,Charles Kilyan Mcguire,American Top Team Junior Fernandes
Pan IBJJF Jiu-Jitsu No-Gi Championship ,2018,Adult,Black,Male,Ultra-Heavy,3,Kaynan Casemiro Duarte,Atos Jiu-Jitsu
Pan IBJJF Jiu-Jitsu No-Gi Championship ,2018,Adult,Black,Male,Open Class,3,Jackson Sousa dos Santos,CheckMat
Pan IBJJF Jiu-Jitsu No-Gi Championship ,2018,Adult,Black,Male,Open Class,3,Max dos Santos Gimenis,GF Team
Pan IBJJF Jiu-Jitsu No-Gi Championship ,2018,Adult,Black,Female,Light-Feather,1,Mayssa Caldas Pereira Bastos,GF Team
Pan IBJJF Jiu-Jitsu No-Gi Championship ,2018,Adult,Black,Female,Feather,1,Jessica Cristina C. A. dos Santos,T3MA
Pan IBJJF Jiu-Jitsu No-Gi Championship ,2018,Adult,Black,Female,Light,1,Catherine Fuhro Perret,CheckMat
Pan IBJJF Jiu-Jitsu No-Gi Championship ,2018,Adult,Black,Female,Middle,1,Gabrielle McComb Lima,Gracie Humaita South Bay
Pan IBJJF Jiu-Jitsu No-Gi Championship ,2018,Adult,Black,Female,Medium-Heavy,1,Monique Ricardo Carvalho,CheckMat
Pan IBJJF Jiu-Jitsu No-Gi Championship ,2018,Adult,Black,Female,Heavy,1,Maria Malyjasiak,Zenith BJJ - Las Vegas
Pan IBJJF Jiu-Jitsu No-Gi Championship ,2018,Adult,Black,Female,Super-Heavy,1,Alison Victoria Tremblay,Brazilian Top Team
Pan IBJJF Jiu-Jitsu No-Gi Championship ,2018,Adult,Black,Female,Open Class,1,Maria Malyjasiak,Zenith BJJ - Las Vegas
Pan IBJJF Jiu-Jitsu No-Gi Championship ,2018,Adult,Black,Female,Light-Feather,2,Patrícia Maria N. Fontes dos Santos,CheckMat
Pan IBJJF Jiu-Jitsu No-Gi Championship ,2018,Adult,Black,Female,Feather,2,Ana Talita de Oliveira Alencar,Alliance
Pan IBJJF Jiu-Jitsu No-Gi Championship ,2018,Adult,Black,Female,Light,2,Aarae Alexander,Team Lloyd Irvin
Pan IBJJF Jiu-Jitsu No-Gi Championship ,2018,Adult,Black,Female,Middle,2,Vanessa Sue Waltz,Gracie Barra
Pan IBJJF Jiu-Jitsu No-Gi Championship ,2018,Adult,Black,Female,Heavy,2,Samantha Lea Cook,CheckMat
Pan IBJJF Jiu-Jitsu No-Gi Championship ,2018,Adult,Black,Female,Open Class,2,Jessica Cristina C. A. dos Santos,T3MA
Pan IBJJF Jiu-Jitsu No-Gi Championship ,2018,Adult,Black,Female,Light-Feather,3,Fiona M. Watson,Fight Club
Pan IBJJF Jiu-Jitsu No-Gi Championship ,2018,Adult,Black,Female,Light-Feather,3,Sofia Rosa Amarante,Fight Sports
Pan IBJJF Jiu-Jitsu No-Gi Championship ,2018,Adult,Black,Female,Feather,3,Gabriella E. Romero,Legacy Jiu-Jitsu - Team Alberto Crane
Pan IBJJF Jiu-Jitsu No-Gi Championship ,2018,Adult,Black,Female,Light,3,Heather H. Raftery,Atos Jiu-Jitsu
Pan IBJJF Jiu-Jitsu No-Gi Championship ,2018,Adult,Black,Female,Open Class,3,Gabrielle McComb Lima,Gracie Humaita South Bay
Pan IBJJF Jiu-Jitsu No-Gi Championship ,2018,Adult,Black,Female,Open Class,3,Samantha Lea Cook,CheckMat
Pan IBJJF Jiu-Jitsu No-Gi Championship ,2019,Adult,Black,Male,Rooster,1,Marcelo Cohen,Fabio Novaes BJJ
Pan IBJJF Jiu-Jitsu No-Gi Championship ,2019,Adult,Black,Male,Light-Feather,1,Lucas dos Santos Pinheiro,Atos Jiu-Jitsu
Pan IBJJF Jiu-Jitsu No-Gi Championship ,2019,Adult,Black,Male,Feather,1,Paulo H. Bordignon Miyao,Cicero Costha Internacional
Pan IBJJF Jiu-Jitsu No-Gi Championship ,2019,Adult,Black,Male,Light,1,Athos Ribeiro de Miranda,Alliance
Pan IBJJF Jiu-Jitsu No-Gi Championship ,2019,Adult,Black,Male,Middle,1,Jeferson Guaresi,Cicero Costha Internacional
Pan IBJJF Jiu-Jitsu No-Gi Championship ,2019,Adult,Black,Male,Medium-Heavy,1,Jonnatas Gracie Araujo da Silva,Atos Jiu-Jitsu
Pan IBJJF Jiu-Jitsu No-Gi Championship ,2019,Adult,Black,Male,Heavy,1,Murilo Silva Ferreira de Santana,Unity Jiu-jitsu
Pan IBJJF Jiu-Jitsu No-Gi Championship ,2019,Adult,Black,Male,Super-Heavy,1,Vinicius Ferreira Gazola,Alliance
Pan IBJJF Jiu-Jitsu No-Gi Championship ,2019,Adult,Black,Male,Ultra-Heavy,1,Max dos Santos Gimenis,GF Team
Pan IBJJF Jiu-Jitsu No-Gi Championship ,2019,Adult,Black,Male,Open Class,1,Keenan Kai-James Cornelius,Legion American Jiu-Jitsu
Pan IBJJF Jiu-Jitsu No-Gi Championship ,2019,Adult,Black,Male,Rooster,2,David B. Zennario,Unity Jiu-jitsu
Pan IBJJF Jiu-Jitsu No-Gi Championship ,2019,Adult,Black,Male,Light-Feather,2,Suraj Kumar Budhram,Renato Tavares Association
Pan IBJJF Jiu-Jitsu No-Gi Championship ,2019,Adult,Black,Male,Feather,2,Emilio Alejandro Hernandez Rodriguez,Zenith BJJ
Pan IBJJF Jiu-Jitsu No-Gi Championship ,2019,Adult,Black,Male,Light,2,Fabio Murat Caloi,Alliance
Pan IBJJF Jiu-Jitsu No-Gi Championship ,2019,Adult,Black,Male,Middle,2,Johnny Joachin Tama Apolinario,Alliance
Pan IBJJF Jiu-Jitsu No-Gi Championship ,2019,Adult,Black,Male,Medium-Heavy,2,Jake Michael Watson,Maracaba BJJ
Pan IBJJF Jiu-Jitsu No-Gi Championship ,2019,Adult,Black,Male,Heavy,2,Todd Brandon Mueckenheim,R1NG BJJ
Pan IBJJF Jiu-Jitsu No-Gi Championship ,2019,Adult,Black,Male,Super-Heavy,2,Keenan Kai-James Cornelius,Legion American Jiu-Jitsu
Pan IBJJF Jiu-Jitsu No-Gi Championship ,2019,Adult,Black,Male,Ultra-Heavy,2,Aaron Michael Johnson,Ribeiro Jiu-Jitsu
Pan IBJJF Jiu-Jitsu No-Gi Championship ,2019,Adult,Black,Male,Open Class,2,Felipe Cesar Silva,Unity Jiu-jitsu
Pan IBJJF Jiu-Jitsu No-Gi Championship ,2019,Adult,Black,Male,Light-Feather,3,Malachi James C. Edmond,Team Lloyd Irvin
Pan IBJJF Jiu-Jitsu No-Gi Championship ,2019,Adult,Black,Male,Feather,3,Gianni Paul Grippo,Alliance
Pan IBJJF Jiu-Jitsu No-Gi Championship ,2019,Adult,Black,Male,Feather,3,Thiago Aguiar Abud,Unity Jiu-jitsu
Pan IBJJF Jiu-Jitsu No-Gi Championship ,2019,Adult,Black,Male,Light,3,Felipe Linhares Arruda,Alliance International
Pan IBJJF Jiu-Jitsu No-Gi Championship ,2019,Adult,Black,Male,Light,3,Frederico Augusto Alves Silva,Alliance International
Pan IBJJF Jiu-Jitsu No-Gi Championship ,2019,Adult,Black,Male,Middle,3,Breno Damiéri Ricalde Maciel,Cicero Costha Internacional
Pan IBJJF Jiu-Jitsu No-Gi Championship ,2019,Adult,Black,Male,Middle,3,Felipe Cesar Silva,Unity Jiu-jitsu
Pan IBJJF Jiu-Jitsu No-Gi Championship ,2019,Adult,Black,Male,Medium-Heavy,3,Brian J Beaury II,Atos Jiu-Jitsu
Pan IBJJF Jiu-Jitsu No-Gi Championship ,2019,Adult,Black,Male,Medium-Heavy,3,Dylan Royce,Precision Jiu-Jitsu
Pan IBJJF Jiu-Jitsu No-Gi Championship ,2019,Adult,Black,Male,Heavy,3,Ashur Sami Darmo,TAC Team BJJ
Pan IBJJF Jiu-Jitsu No-Gi Championship ,2019,Adult,Black,Male,Heavy,3,Ronnie Trey Louis Pace III,Team Royce Gracie
Pan IBJJF Jiu-Jitsu No-Gi Championship ,2019,Adult,Black,Male,Super-Heavy,3,Devhonte M. Johnson,Unity Jiu-jitsu
Pan IBJJF Jiu-Jitsu No-Gi Championship ,2019,Adult,Black,Male,Super-Heavy,3,Frederic Vosgröne,Carlson Gracie UK
Pan IBJJF Jiu-Jitsu No-Gi Championship ,2019,Adult,Black,Male,Ultra-Heavy,3,Paulo Brasil Da Silva,Gracie Barra
Pan IBJJF Jiu-Jitsu No-Gi Championship ,2019,Adult,Black,Male,Ultra-Heavy,3,Ryan C Roach,Focused Fight Team
Pan IBJJF Jiu-Jitsu No-Gi Championship ,2019,Adult,Black,Male,Open Class,3,Aaron Michael Johnson,Ribeiro Jiu-Jitsu
Pan IBJJF Jiu-Jitsu No-Gi Championship ,2019,Adult,Black,Male,Open Class,3,Devhonte M. Johnson,Unity Jiu-jitsu
Pan IBJJF Jiu-Jitsu No-Gi Championship ,2019,Adult,Black,Female,Light-Feather,1,Sofia Rosa Amarante,Fight Sports
Pan IBJJF Jiu-Jitsu No-Gi Championship ,2019,Adult,Black,Female,Light,1,Amanda Elouise Alequin,R1NG BJJ
Pan IBJJF Jiu-Jitsu No-Gi Championship ,2019,Adult,Black,Female,Middle,1,Jaqueline de Moraes Amorim Ramos,CheckMat
Pan IBJJF Jiu-Jitsu No-Gi Championship ,2019,Adult,Black,Female,Medium-Heavy,1,Vedha Clemente Toscano,CheckMat
Pan IBJJF Jiu-Jitsu No-Gi Championship ,2019,Adult,Black,Female,Heavy,1,Maria Malyjasiak,Abmar Barbosa Association
Pan IBJJF Jiu-Jitsu No-Gi Championship ,2019,Adult,Black,Female,Open Class,1,Laurah Elizabeth Hallock,GF Team
Pan IBJJF Jiu-Jitsu No-Gi Championship ,2019,Adult,Black,Female,Light-Feather,2,Fiona M. Watson,Notorious Mixed Martial Arts
Pan IBJJF Jiu-Jitsu No-Gi Championship ,2019,Adult,Black,Female,Light,2,Ana Talita de Oliveira Alencar,Alliance
Pan IBJJF Jiu-Jitsu No-Gi Championship ,2019,Adult,Black,Female,Middle,2,Jessica Constance Swanson,Soul Fighters BJJ
Pan IBJJF Jiu-Jitsu No-Gi Championship ,2019,Adult,Black,Female,Medium-Heavy,2,Veronica Macedo Fernandez,Mako Team Paris
Pan IBJJF Jiu-Jitsu No-Gi Championship ,2019,Adult,Black,Female,Open Class,2,Amanda Elouise Alequin,R1NG BJJ
Pan IBJJF Jiu-Jitsu No-Gi Championship ,2019,Adult,Black,Female,Light-Feather,3,Maria Jose  Fuschetto,Serra BJJ Academy
Pan IBJJF Jiu-Jitsu No-Gi Championship ,2019,Adult,Black,Female,Light,3,April Parks,RCJ Machado
Pan IBJJF Jiu-Jitsu No-Gi Championship ,2019,Adult,Black,Female,Light,3,Jessica Cristina C. A. dos Santos,T3MA
Pan IBJJF Jiu-Jitsu No-Gi Championship ,2019,Adult,Black,Female,Middle,3,Bruna Driely Ricalde Maciel,Cicero Costha Internacional
Pan IBJJF Jiu-Jitsu No-Gi Championship ,2019,Adult,Black,Female,Middle,3,Laurah Elizabeth Hallock,GF Team
Pan IBJJF Jiu-Jitsu No-Gi Championship ,2019,Adult,Black,Female,Open Class,3,Ana Talita de Oliveira Alencar,Alliance
Pan IBJJF Jiu-Jitsu No-Gi Championship ,2019,Adult,Black,Female,Open Class,3,Maria Malyjasiak,Abmar Barbosa Association
Pan IBJJF Jiu-Jitsu No-Gi Championship ,2020,Adult,Black,Male,Rooster,1,Willis da Mota Nunes,CheckMat
Pan IBJJF Jiu-Jitsu No-Gi Championship ,2020,Adult,Black,Male,Light-Feather,1,Lucas dos Santos Pinheiro,Atos Jiu-Jitsu
Pan IBJJF Jiu-Jitsu No-Gi Championship ,2020,Adult,Black,Male,Feather,1,Kennedy Leonardo Maciel,Alliance
Pan IBJJF Jiu-Jitsu No-Gi Championship ,2020,Adult,Black,Male,Light,1,Alexandre Faria Molinaro,Carlson Gracie Team
Pan IBJJF Jiu-Jitsu No-Gi Championship ,2020,Adult,Black,Male,Middle,1,Jonnatas Gracie Araujo da Silva,Atos Jiu-Jitsu
Pan IBJJF Jiu-Jitsu No-Gi Championship ,2020,Adult,Black,Male,Medium-Heavy,1,Andrew Wiltse,Pedigo Submission Fighting
Pan IBJJF Jiu-Jitsu No-Gi Championship ,2020,Adult,Black,Male,Heavy,1,Lucas Daniel Silva Barbosa,Atos Jiu-Jitsu
Pan IBJJF Jiu-Jitsu No-Gi Championship ,2020,Adult,Black,Male,Super-Heavy,1,Kaynan Casemiro Duarte,Atos Jiu-Jitsu
Pan IBJJF Jiu-Jitsu No-Gi Championship ,2020,Adult,Black,Male,Ultra-Heavy,1,Max dos Santos Gimenis,GF Team
Pan IBJJF Jiu-Jitsu No-Gi Championship ,2020,Adult,Black,Male,Open Class,1,Kaynan Casemiro Duarte,Atos Jiu-Jitsu
Pan IBJJF Jiu-Jitsu No-Gi Championship ,2020,Adult,Black,Male,Rooster,2,Washington Luis do M. Lima,GF Team
Pan IBJJF Jiu-Jitsu No-Gi Championship ,2020,Adult,Black,Male,Light-Feather,2,Matheus Viana Magalhães,GF Team
Pan IBJJF Jiu-Jitsu No-Gi Championship ,2020,Adult,Black,Male,Feather,2,João Gabriel Batista de Sousa,ZR Team Association
Pan IBJJF Jiu-Jitsu No-Gi Championship ,2020,Adult,Black,Male,Light,2,Rodrigo Francioni Dias,Fight Sports
Pan IBJJF Jiu-Jitsu No-Gi Championship ,2020,Adult,Black,Male,Middle,2,Ronaldo Pereira de Souza Júnior,Atos Jiu-Jitsu
Pan IBJJF Jiu-Jitsu No-Gi Championship ,2020,Adult,Black,Male,Medium-Heavy,2,Pedro Henrique de Oliveira e Silva Rocha,Double Five Dallas
Pan IBJJF Jiu-Jitsu No-Gi Championship ,2020,Adult,Black,Male,Heavy,2,Giancarlo Bodoni,Alliance
Pan IBJJF Jiu-Jitsu No-Gi Championship ,2020,Adult,Black,Male,Super-Heavy,2,Aaron Michael Johnson,Fight Sports
Pan IBJJF Jiu-Jitsu No-Gi Championship ,2020,Adult,Black,Male,Ultra-Heavy,2,Ricardo Ferreira Evangelista,GF Team
Pan IBJJF Jiu-Jitsu No-Gi Championship ,2020,Adult,Black,Male,Open Class,2,Lucas Daniel Silva Barbosa,Atos Jiu-Jitsu
Pan IBJJF Jiu-Jitsu No-Gi Championship ,2020,Adult,Black,Male,Rooster,3,David B. Zennario,Masterskya
Pan IBJJF Jiu-Jitsu No-Gi Championship ,2020,Adult,Black,Male,Light-Feather,3,Dennis A Pressey Jr,Atos Jiu-Jitsu
Pan IBJJF Jiu-Jitsu No-Gi Championship ,2020,Adult,Black,Male,Light-Feather,3,Hiago Gama Sousa,Alliance
Pan IBJJF Jiu-Jitsu No-Gi Championship ,2020,Adult,Black,Male,Feather,3,Gianni Paul Grippo,Alliance
Pan IBJJF Jiu-Jitsu No-Gi Championship ,2020,Adult,Black,Male,Feather,3,Orlando Fernando Castillo Andaviza,Fight Sports
Pan IBJJF Jiu-Jitsu No-Gi Championship ,2020,Adult,Black,Male,Light,3,Francisco Cuneo,Lotus Club International
Pan IBJJF Jiu-Jitsu No-Gi Championship ,2020,Adult,Black,Male,Light,3,Joshua Aaron Bacallao,Gracie Barra
Pan IBJJF Jiu-Jitsu No-Gi Championship ,2020,Adult,Black,Male,Middle,3,Paulo Gabriel Martins da Costa,Gracie Humaita South Bay
Pan IBJJF Jiu-Jitsu No-Gi Championship ,2020,Adult,Black,Male,Middle,3,Pedro Henrique Monteiro Palhares,Luiz Palhares Jiu-Jitsu
Pan IBJJF Jiu-Jitsu No-Gi Championship ,2020,Adult,Black,Male,Medium-Heavy,3,Cameron Gilliam,GF Team
Pan IBJJF Jiu-Jitsu No-Gi Championship ,2020,Adult,Black,Male,Medium-Heavy,3,Juan Cleber Pio de Souza,Atos Jiu-Jitsu
Pan IBJJF Jiu-Jitsu No-Gi Championship ,2020,Adult,Black,Male,Heavy,3,Benjamin Silva IV,Brasa CTA
Pan IBJJF Jiu-Jitsu No-Gi Championship ,2020,Adult,Black,Male,Heavy,3,Joseph C. Watson,Gracie Barra
Pan IBJJF Jiu-Jitsu No-Gi Championship ,2020,Adult,Black,Male,Super-Heavy,3,Arnaldo Maidana de Oliveira,CheckMat
Pan IBJJF Jiu-Jitsu No-Gi Championship ,2020,Adult,Black,Male,Super-Heavy,3,Ethan Moses,Gracie Barra
Pan IBJJF Jiu-Jitsu No-Gi Championship ,2020,Adult,Black,Male,Ultra-Heavy,3,Diego Dias Ramalho,ZR Team Association
Pan IBJJF Jiu-Jitsu No-Gi Championship ,2020,Adult,Black,Male,Ultra-Heavy,3,John Leslie Hansen,Pedigo Submission Fighting
Pan IBJJF Jiu-Jitsu No-Gi Championship ,2020,Adult,Black,Male,Open Class,3,Jeferson Guaresi,Unity Jiu-Jitsu Brasil
Pan IBJJF Jiu-Jitsu No-Gi Championship ,2020,Adult,Black,Male,Open Class,3,Stephen Simms,Nova União
Pan IBJJF Jiu-Jitsu No-Gi Championship ,2020,Adult,Black,Female,Feather,1,Gabrielle McComb Lima,Gracie Humaita South Bay
Pan IBJJF Jiu-Jitsu No-Gi Championship ,2020,Adult,Black,Female,Light,1,Nathalie Wan Soares Veras Ribeiro,CheckMat
Pan IBJJF Jiu-Jitsu No-Gi Championship ,2020,Adult,Black,Female,Medium-Heavy,1,Vannessa Nancy Griffin,Team Lloyd Irvin
Pan IBJJF Jiu-Jitsu No-Gi Championship ,2020,Adult,Black,Female,Heavy,1,Rafaela Ribeiro Guedes,Atos Jiu-Jitsu
Pan IBJJF Jiu-Jitsu No-Gi Championship ,2020,Adult,Black,Female,Super-Heavy,1,Tara Giovanna White,Fight Sports
Pan IBJJF Jiu-Jitsu No-Gi Championship ,2020,Adult,Black,Female,Open Class,1,Rafaela Ribeiro Guedes,Atos Jiu-Jitsu
Pan IBJJF Jiu-Jitsu No-Gi Championship ,2020,Adult,Black,Female,Light,2,Nicole Sullivan,Atos Jiu-Jitsu
Pan IBJJF Jiu-Jitsu No-Gi Championship ,2020,Adult,Black,Female,Open Class,2,Vannessa Nancy Griffin,Team Lloyd Irvin
Pan IBJJF Jiu-Jitsu No-Gi Championship ,2020,Adult,Black,Female,Light,3,Meagan Curran,Gracie Humaita International
Pan IBJJF Jiu-Jitsu No-Gi Championship ,2020,Adult,Black,Female,Light,3,Taylor Biagi,TAC Team BJJ
Pan IBJJF Jiu-Jitsu No-Gi Championship ,2020,Adult,Black,Female,Open Class,3,Gabrielle McComb Lima,Gracie Humaita South Bay
Pan IBJJF Jiu-Jitsu No-Gi Championship ,2020,Adult,Black,Female,Open Class,3,Nicole Sullivan,Atos Jiu-Jitsu
Pan IBJJF Jiu-Jitsu No-Gi Championship ,2021,Adult,Black,Male,Rooster,1,Estevan G Martinez-Garcia,ZR Team Association
Pan IBJJF Jiu-Jitsu No-Gi Championship ,2021,Adult,Black,Male,Light-Feather,1,Paulo H. Bordignon Miyao,PSLPB Cicero Costha USA
Pan IBJJF Jiu-Jitsu No-Gi Championship ,2021,Adult,Black,Male,Feather,1,Diego Oliveira Batista,PSLPB Cicero Costha USA
Pan IBJJF Jiu-Jitsu No-Gi Championship ,2021,Adult,Black,Male,Light,1,Gianni Paul Grippo,Alliance
Pan IBJJF Jiu-Jitsu No-Gi Championship ,2021,Adult,Black,Male,Middle,1,Matheus Gabriel Pinheiro Barros,CheckMat
Pan IBJJF Jiu-Jitsu No-Gi Championship ,2021,Adult,Black,Male,Medium-Heavy,1,Jeferson Guaresi,Unity Jiu-jitsu
Pan IBJJF Jiu-Jitsu No-Gi Championship ,2021,Adult,Black,Male,Heavy,1,Giancarlo Bodoni,Alliance
Pan IBJJF Jiu-Jitsu No-Gi Championship ,2021,Adult,Black,Male,Super-Heavy,1,Devhonte M. Johnson,Unity Jiu-jitsu
Pan IBJJF Jiu-Jitsu No-Gi Championship ,2021,Adult,Black,Male,Ultra-Heavy,1,Victor Hugo Costa Marques,Six Blades Jiu-Jitsu
Pan IBJJF Jiu-Jitsu No-Gi Championship ,2021,Adult,Black,Male,Open Class,1,Lucas Daniel Silva Barbosa,Atos Jiu-Jitsu
Pan IBJJF Jiu-Jitsu No-Gi Championship ,2021,Adult,Black,Male,Rooster,2,Roiter Lima Silva Junior,Gracie Barra
Pan IBJJF Jiu-Jitsu No-Gi Championship ,2021,Adult,Black,Male,Light-Feather,2,Carlos Alberto Oliveira da Silva,GF Team
Pan IBJJF Jiu-Jitsu No-Gi Championship ,2021,Adult,Black,Male,Feather,2,Joshua Anthony Cisneros,Ares BJJ
Pan IBJJF Jiu-Jitsu No-Gi Championship ,2021,Adult,Black,Male,Light,2,Johnny Tama,Alliance
Pan IBJJF Jiu-Jitsu No-Gi Championship ,2021,Adult,Black,Male,Middle,2,Hugo Doerzapff Marques,Ares BJJ
Pan IBJJF Jiu-Jitsu No-Gi Championship ,2021,Adult,Black,Male,Medium-Heavy,2,Andrew Wiltse,Pedigo Submission Fighting
Pan IBJJF Jiu-Jitsu No-Gi Championship ,2021,Adult,Black,Male,Heavy,2,Lucas Daniel Silva Barbosa,Atos Jiu-Jitsu
Pan IBJJF Jiu-Jitsu No-Gi Championship ,2021,Adult,Black,Male,Super-Heavy,2,Arnaldo Maidana de Oliveira,CheckMat
Pan IBJJF Jiu-Jitsu No-Gi Championship ,2021,Adult,Black,Male,Ultra-Heavy,2,Aaron Michael Johnson,Alliance
Pan IBJJF Jiu-Jitsu No-Gi Championship ,2021,Adult,Black,Male,Open Class,2,Michael Anthony Perez,Atos Jiu-Jitsu
Pan IBJJF Jiu-Jitsu No-Gi Championship ,2021,Adult,Black,Male,Rooster,3,Lee Rosenfield,Form Jiu Jitsu Academy
Pan IBJJF Jiu-Jitsu No-Gi Championship ,2021,Adult,Black,Male,Rooster,3,Santos Rene Bruckner Rivera,Undisputed Tucson
Pan IBJJF Jiu-Jitsu No-Gi Championship ,2021,Adult,Black,Male,Light-Feather,3,Edwin Ocasio,Unity Jiu-jitsu
Pan IBJJF Jiu-Jitsu No-Gi Championship ,2021,Adult,Black,Male,Light-Feather,3,Richard  Alarcon,One Jiu-Jitsu USA
Pan IBJJF Jiu-Jitsu No-Gi Championship ,2021,Adult,Black,Male,Feather,3,Orlando Fernando Castillo Andaviza,Fight Sports
Pan IBJJF Jiu-Jitsu No-Gi Championship ,2021,Adult,Black,Male,Feather,3,Thiago Aguiar Abud,Unity Jiu-jitsu
Pan IBJJF Jiu-Jitsu No-Gi Championship ,2021,Adult,Black,Male,Light,3,Deandre Villarama Corbe,Luiz Palhares Jiu-Jitsu
Pan IBJJF Jiu-Jitsu No-Gi Championship ,2021,Adult,Black,Male,Light,3,Kieran Robert Kichuk,Team Lloyd Irvin
Pan IBJJF Jiu-Jitsu No-Gi Championship ,2021,Adult,Black,Male,Middle,3,Joshua Aaron Bacallao,Gracie Barra
Pan IBJJF Jiu-Jitsu No-Gi Championship ,2021,Adult,Black,Male,Middle,3,Michael Ray Trasso,Gracie Humaita
Pan IBJJF Jiu-Jitsu No-Gi Championship ,2021,Adult,Black,Male,Medium-Heavy,3,Jaime Soares Canuto,GF Team
Pan IBJJF Jiu-Jitsu No-Gi Championship ,2021,Adult,Black,Male,Medium-Heavy,3,John Taylor Combs,Easton BJJ
Pan IBJJF Jiu-Jitsu No-Gi Championship ,2021,Adult,Black,Male,Heavy,3,José Bruno Pereira Matias,Gracie Barra
Pan IBJJF Jiu-Jitsu No-Gi Championship ,2021,Adult,Black,Male,Heavy,3,Yuri Allison Paiva dos Santos,LEAD BJJ
Pan IBJJF Jiu-Jitsu No-Gi Championship ,2021,Adult,Black,Male,Super-Heavy,3,Diego Dias Ramalho,ZR Team Association
Pan IBJJF Jiu-Jitsu No-Gi Championship ,2021,Adult,Black,Male,Super-Heavy,3,Eliot Andrew Kelly,American Jiu-Jitsu Syndicate
Pan IBJJF Jiu-Jitsu No-Gi Championship ,2021,Adult,Black,Male,Ultra-Heavy,3,John Leslie Hansen,Rodrigo Vaghi BJJ
Pan IBJJF Jiu-Jitsu No-Gi Championship ,2021,Adult,Black,Male,Ultra-Heavy,3,Joseph Othmar Dierkhising,BJJ Revolution Team
Pan IBJJF Jiu-Jitsu No-Gi Championship ,2021,Adult,Black,Male,Open Class,3,Antonio  Zuazo,Alliance
Pan IBJJF Jiu-Jitsu No-Gi Championship ,2021,Adult,Black,Male,Open Class,3,Giancarlo Bodoni,Alliance
Pan IBJJF Jiu-Jitsu No-Gi Championship ,2021,Adult,Black,Female,Light-Feather,1,Mayssa Caldas Pereira Bastos,GF Team
Pan IBJJF Jiu-Jitsu No-Gi Championship ,2021,Adult,Black,Female,Feather,1,Gabrielle McComb Lima,Gracie Humaita
Pan IBJJF Jiu-Jitsu No-Gi Championship ,2021,Adult,Black,Female,Light,1,Nathalie Wan Soares Veras Ribeiro,CheckMat
Pan IBJJF Jiu-Jitsu No-Gi Championship ,2021,Adult,Black,Female,Middle,1,Vannessa Nancy Griffin,Crazy 88
Pan IBJJF Jiu-Jitsu No-Gi Championship ,2021,Adult,Black,Female,Medium-Heavy,1,Elisabeth Ann Clay,Ares BJJ
Pan IBJJF Jiu-Jitsu No-Gi Championship ,2021,Adult,Black,Female,Heavy,1,Maria Malyjasiak,Abmar Barbosa Association
Pan IBJJF Jiu-Jitsu No-Gi Championship ,2021,Adult,Black,Female,Super-Heavy,1,Kendall Marie Reusing,Gracie Barra
Pan IBJJF Jiu-Jitsu No-Gi Championship ,2021,Adult,Black,Female,Open Class,1,Elisabeth Ann Clay,Ares BJJ
Pan IBJJF Jiu-Jitsu No-Gi Championship ,2021,Adult,Black,Female,Light-Feather,2,Sofia Rosa Amarante,Fight Sports
Pan IBJJF Jiu-Jitsu No-Gi Championship ,2021,Adult,Black,Female,Feather,2,Patrícia Magalhães Machado,Brazilian Top Team
Pan IBJJF Jiu-Jitsu No-Gi Championship ,2021,Adult,Black,Female,Light,2,Sheliah Denae Lindsey,Soul Fighters BJJ
Pan IBJJF Jiu-Jitsu No-Gi Championship ,2021,Adult,Black,Female,Middle,2,Erin Johnson,Iron Roots BJJ
Pan IBJJF Jiu-Jitsu No-Gi Championship ,2021,Adult,Black,Female,Medium-Heavy,2,Bridget Mceliece,Renzo Gracie Academy
Pan IBJJF Jiu-Jitsu No-Gi Championship ,2021,Adult,Black,Female,Heavy,2,Maggie Grindatti,Fight Sports
Pan IBJJF Jiu-Jitsu No-Gi Championship ,2021,Adult,Black,Female,Super-Heavy,2,Mayara Monteiro Custódio,CheckMat
Pan IBJJF Jiu-Jitsu No-Gi Championship ,2021,Adult,Black,Female,Open Class,2,Kendall Marie Reusing,Gracie Barra
Pan IBJJF Jiu-Jitsu No-Gi Championship ,2021,Adult,Black,Female,Light-Feather,3,Jessamine Jada Khan,Art of Jiu Jitsu
Pan IBJJF Jiu-Jitsu No-Gi Championship ,2021,Adult,Black,Female,Light-Feather,3,Patrícia Maria N. Fontes dos Santos,CheckMat
Pan IBJJF Jiu-Jitsu No-Gi Championship ,2021,Adult,Black,Female,Feather,3,My Bao Nguyen,Standard Jiu-Jitsu
Pan IBJJF Jiu-Jitsu No-Gi Championship ,2021,Adult,Black,Female,Light,3,Judith Joan Marie Gomes,10th Planet Jiu Jitsu
Pan IBJJF Jiu-Jitsu No-Gi Championship ,2021,Adult,Black,Female,Light,3,Victória Montrezor,Gracie Barra
Pan IBJJF Jiu-Jitsu No-Gi Championship ,2021,Adult,Black,Female,Heavy,3,Elizabeth Katherine Mitrovic,Alliance
Pan IBJJF Jiu-Jitsu No-Gi Championship ,2021,Adult,Black,Female,Heavy,3,Emilly Alves Silva,Atos Jiu-Jitsu
Pan IBJJF Jiu-Jitsu No-Gi Championship ,2021,Adult,Black,Female,Open Class,3,Maria Malyjasiak,Abmar Barbosa Association
Pan IBJJF Jiu-Jitsu No-Gi Championship ,2021,Adult,Black,Female,Open Class,3,Mayara Monteiro Custódio,CheckMat
Pan IBJJF Jiu-Jitsu No-Gi Championship ,2022,Adult,Black,Male,Rooster,1,Osamah Ali Almarwai,Atos Jiu-Jitsu
Pan IBJJF Jiu-Jitsu No-Gi Championship ,2022,Adult,Black,Male,Light-Feather,1,Carlos Alberto Oliveira da Silva,GF Team
Pan IBJJF Jiu-Jitsu No-Gi Championship ,2022,Adult,Black,Male,Feather,1,Gavin Mikhail Corbe,Standard Jiu-Jitsu
Pan IBJJF Jiu-Jitsu No-Gi Championship ,2022,Adult,Black,Male,Light,1,Deandre Villarama Corbe,Standard Jiu-Jitsu
Pan IBJJF Jiu-Jitsu No-Gi Championship ,2022,Adult,Black,Male,Middle,1,Francisco Cuneo,Unity Jiu-jitsu
Pan IBJJF Jiu-Jitsu No-Gi Championship ,2022,Adult,Black,Male,Medium-Heavy,1,Manuel Ribamar V. de Oliveira Filho,Rodrigo Pinheiro BJJ
Pan IBJJF Jiu-Jitsu No-Gi Championship ,2022,Adult,Black,Male,Heavy,1,Pedro Henrique de Oliveira e Silva Rocha,Alliance
Pan IBJJF Jiu-Jitsu No-Gi Championship ,2022,Adult,Black,Male,Super-Heavy,1,Fellipe Ubaiz Trovo,Atos Jiu-Jitsu
Pan IBJJF Jiu-Jitsu No-Gi Championship ,2022,Adult,Black,Male,Ultra-Heavy,1,Davi Cabral de Souza,GF Team
Pan IBJJF Jiu-Jitsu No-Gi Championship ,2022,Adult,Black,Male,Open Class,1,José Henrique Cardoso,Ceconi KMKZ
Pan IBJJF Jiu-Jitsu No-Gi Championship ,2022,Adult,Black,Male,Rooster,2,Henrique de Oliveira Rossi,SIA - Sharpen Iron Academy
Pan IBJJF Jiu-Jitsu No-Gi Championship ,2022,Adult,Black,Male,Light-Feather,2,Hiago George Santos Silva,Cicero Costha Internacional
Pan IBJJF Jiu-Jitsu No-Gi Championship ,2022,Adult,Black,Male,Feather,2,Adam Benayoun,Fifty/50 Jiu-Jitsu
Pan IBJJF Jiu-Jitsu No-Gi Championship ,2022,Adult,Black,Male,Light,2,Kieran Robert Kichuk,Team Lloyd Irvin International
Pan IBJJF Jiu-Jitsu No-Gi Championship ,2022,Adult,Black,Male,Middle,2,Jeferson Guaresi,Unity Jiu-jitsu
Pan IBJJF Jiu-Jitsu No-Gi Championship ,2022,Adult,Black,Male,Medium-Heavy,2,Felipe Cesar Silva,Unity Jiu-jitsu
Pan IBJJF Jiu-Jitsu No-Gi Championship ,2022,Adult,Black,Male,Heavy,2,Thiago Saldanha Dalcol,Renzo Gracie Academy
Pan IBJJF Jiu-Jitsu No-Gi Championship ,2022,Adult,Black,Male,Super-Heavy,2,Thomas Bracher,Gracie Barra
Pan IBJJF Jiu-Jitsu No-Gi Championship ,2022,Adult,Black,Male,Ultra-Heavy,2,Rida Haisam Isaac,Detroit Jiu-Jitsu Syndicate
Pan IBJJF Jiu-Jitsu No-Gi Championship ,2022,Adult,Black,Male,Open Class,2,Helton José M. da Silva Junior,Unity Jiu-jitsu
Pan IBJJF Jiu-Jitsu No-Gi Championship ,2022,Adult,Black,Male,Rooster,3,Antonio J. B. Villiatora,VBros BJJ
Pan IBJJF Jiu-Jitsu No-Gi Championship ,2022,Adult,Black,Male,Rooster,3,Christopher Duyquan Tran,Crazy 88
Pan IBJJF Jiu-Jitsu No-Gi Championship ,2022,Adult,Black,Male,Light-Feather,3,David Terao,Fifty/50 Jiu-Jitsu
Pan IBJJF Jiu-Jitsu No-Gi Championship ,2022,Adult,Black,Male,Light-Feather,3,Pedro Serrano,Gracie Barra
Pan IBJJF Jiu-Jitsu No-Gi Championship ,2022,Adult,Black,Male,Feather,3,Gianni Paul Grippo,Alliance
Pan IBJJF Jiu-Jitsu No-Gi Championship ,2022,Adult,Black,Male,Feather,3,Richar Emiliano Nogueira,Rodrigo Pinheiro BJJ
Pan IBJJF Jiu-Jitsu No-Gi Championship ,2022,Adult,Black,Male,Light,3,Danilo Soares Moreira,Ares BJJ
Pan IBJJF Jiu-Jitsu No-Gi Championship ,2022,Adult,Black,Male,Light,3,Jonata Gomes Ramos,CheckMat
Pan IBJJF Jiu-Jitsu No-Gi Championship ,2022,Adult,Black,Male,Middle,3,Breno Damieri Ricalde Maciel,Toronto Top Team
Pan IBJJF Jiu-Jitsu No-Gi Championship ,2022,Adult,Black,Male,Middle,3,Matheus Ramos Silva Galvão,Soul Fighters Texas
Pan IBJJF Jiu-Jitsu No-Gi Championship ,2022,Adult,Black,Male,Medium-Heavy,3,Francisco De Assis Lemos Lo,Cicero Costha Internacional
Pan IBJJF Jiu-Jitsu No-Gi Championship ,2022,Adult,Black,Male,Medium-Heavy,3,Jaime Soares Canuto,GF Team
Pan IBJJF Jiu-Jitsu No-Gi Championship ,2022,Adult,Black,Male,Heavy,3,Alejandro Rafael Tolmos Coquelet,Atos Jiu-Jitsu
Pan IBJJF Jiu-Jitsu No-Gi Championship ,2022,Adult,Black,Male,Heavy,3,Charles Kilyan Mcguire,American Top Team
Pan IBJJF Jiu-Jitsu No-Gi Championship ,2022,Adult,Black,Male,Super-Heavy,3,Cássio Felipe Sousa Costa,Six Blades Jiu-Jitsu
Pan IBJJF Jiu-Jitsu No-Gi Championship ,2022,Adult,Black,Male,Super-Heavy,3,Daniel Allen McGuire,SAS Team USA
Pan IBJJF Jiu-Jitsu No-Gi Championship ,2022,Adult,Black,Male,Ultra-Heavy,3,Robert Edwin Arnett II,Focused Fight Team
Pan IBJJF Jiu-Jitsu No-Gi Championship ,2022,Adult,Black,Male,Open Class,3,Francisco Cuneo,Unity Jiu-jitsu
Pan IBJJF Jiu-Jitsu No-Gi Championship ,2022,Adult,Black,Male,Open Class,3,Hunter Lee Colvin,Triton Fight Center
Pan IBJJF Jiu-Jitsu No-Gi Championship ,2022,Adult,Black,Female,Rooster,1,Jhenifer Aquino Gonzaga,Atos Jiu-Jitsu
Pan IBJJF Jiu-Jitsu No-Gi Championship ,2022,Adult,Black,Female,Light-Feather,1,My Bao Nguyen,Standard Jiu-Jitsu
Pan IBJJF Jiu-Jitsu No-Gi Championship ,2022,Adult,Black,Female,Feather,1,Alexandria L. Enriquez,Atos Jiu-Jitsu
Pan IBJJF Jiu-Jitsu No-Gi Championship ,2022,Adult,Black,Female,Light,1,Ana Cristina Araujo Rodrigues,Dream Art
Pan IBJJF Jiu-Jitsu No-Gi Championship ,2022,Adult,Black,Female,Middle,1,Elisabeth Ann Clay,Ares BJJ
Pan IBJJF Jiu-Jitsu No-Gi Championship ,2022,Adult,Black,Female,Medium-Heavy,1,Thalyta Stefhane Lima Silva,Dream Art
Pan IBJJF Jiu-Jitsu No-Gi Championship ,2022,Adult,Black,Female,Super-Heavy,1,Nathiely Karoline Melo de Jesus,Rodrigo Pinheiro
Pan IBJJF Jiu-Jitsu No-Gi Championship ,2022,Adult,Black,Female,Open Class,1,Elisabeth Ann Clay,Ares BJJ
Pan IBJJF Jiu-Jitsu No-Gi Championship ,2022,Adult,Black,Female,Rooster,2,Amber Rymarz-Freitas,Smartjits
Pan IBJJF Jiu-Jitsu No-Gi Championship ,2022,Adult,Black,Female,Light-Feather,2,Thamires Diógenes de Aquino,GF Team
Pan IBJJF Jiu-Jitsu No-Gi Championship ,2022,Adult,Black,Female,Feather,2,Patrícia Magalhães Machado,Brazilian Top Team
Pan IBJJF Jiu-Jitsu No-Gi Championship ,2022,Adult,Black,Female,Light,2,Claire North,TAC Team BJJ
Pan IBJJF Jiu-Jitsu No-Gi Championship ,2022,Adult,Black,Female,Middle,2,Vannessa Nancy Griffin,Crazy 88
Pan IBJJF Jiu-Jitsu No-Gi Championship ,2022,Adult,Black,Female,Medium-Heavy,2,Bridget Mceliece,Renzo Gracie Academy
Pan IBJJF Jiu-Jitsu No-Gi Championship ,2022,Adult,Black,Female,Open Class,2,Vedha Clemente Toscano,CheckMat
Pan IBJJF Jiu-Jitsu No-Gi Championship ,2022,Adult,Black,Female,Rooster,3,Lavinia Francesconi Barbosa,CheckMat
Pan IBJJF Jiu-Jitsu No-Gi Championship ,2022,Adult,Black,Female,Light-Feather,3,Brittany Amanda Way,Academia Jiu-Jitsu
Pan IBJJF Jiu-Jitsu No-Gi Championship ,2022,Adult,Black,Female,Light-Feather,3,Jessica Mallely Crane,Ares BJJ
Pan IBJJF Jiu-Jitsu No-Gi Championship ,2022,Adult,Black,Female,Feather,3,Haley Lyn Zahnow,Round Table BJJ
Pan IBJJF Jiu-Jitsu No-Gi Championship ,2022,Adult,Black,Female,Feather,3,Juliana Teles Gassaway,Gracie Barra
Pan IBJJF Jiu-Jitsu No-Gi Championship ,2022,Adult,Black,Female,Light,3,Jasmine Rocha,Fight Sports
Pan IBJJF Jiu-Jitsu No-Gi Championship ,2022,Adult,Black,Female,Light,3,Thamires Arruda Monteiro,CheckMat
Pan IBJJF Jiu-Jitsu No-Gi Championship ,2022,Adult,Black,Female,Middle,3,Betina Chaves Penedo Pereira,GF Team
Pan IBJJF Jiu-Jitsu No-Gi Championship ,2022,Adult,Black,Female,Middle,3,Isa Bruno,Impact Jiu Jitsu
Pan IBJJF Jiu-Jitsu No-Gi Championship ,2022,Adult,Black,Female,Medium-Heavy,3,Jordan Elizabeth Patrick,Triton Fight Center
Pan IBJJF Jiu-Jitsu No-Gi Championship ,2022,Adult,Black,Female,Medium-Heavy,3,Vedha Clemente Toscano,CheckMat
Pan IBJJF Jiu-Jitsu No-Gi Championship ,2022,Adult,Black,Female,Open Class,3,Bridget Mceliece,Renzo Gracie Academy
Pan IBJJF Jiu-Jitsu No-Gi Championship ,2022,Adult,Black,Female,Open Class,3,Janine Lillian Mutton,Cicero Costha Internacional
Pan IBJJF Jiu-Jitsu No-Gi Championship ,2023,Adult,Black,Male,Rooster,1,John Eugene Stapleton,GFTeam - Jiu Art
Pan IBJJF Jiu-Jitsu No-Gi Championship ,2023,Adult,Black,Male,Light-Feather,1,Edwin Ocasio,Unity Jiu-jitsu
Pan IBJJF Jiu-Jitsu No-Gi Championship ,2023,Adult,Black,Male,Feather,1,Gianni Paul Grippo,Alliance
Pan IBJJF Jiu-Jitsu No-Gi Championship ,2023,Adult,Black,Male,Light,1,Carlos Henrique Costa Campos,DreamArt
Pan IBJJF Jiu-Jitsu No-Gi Championship ,2023,Adult,Black,Male,Middle,1,Oliver Taza,Renzo Gracie International
Pan IBJJF Jiu-Jitsu No-Gi Championship ,2023,Adult,Black,Male,Medium-Heavy,1,Francisco De Assis Lemos Lo,Cicero Costha Internacional
Pan IBJJF Jiu-Jitsu No-Gi Championship ,2023,Adult,Black,Male,Heavy,1,Adam Wardzinski,CheckMat
Pan IBJJF Jiu-Jitsu No-Gi Championship ,2023,Adult,Black,Male,Super-Heavy,1,Dante Scott Leon,Pedigo Submission Fighting
Pan IBJJF Jiu-Jitsu No-Gi Championship ,2023,Adult,Black,Male,Ultra-Heavy,1,Roosevelt  Souza,Fight Sports
Pan IBJJF Jiu-Jitsu No-Gi Championship ,2023,Adult,Black,Male,Open Class,1,Pedro Henrique de Oliveira e Silva Rocha,Alliance
Pan IBJJF Jiu-Jitsu No-Gi Championship ,2023,Adult,Black,Male,Rooster,2,Christopher Duyquan Tran,Crazy 88
Pan IBJJF Jiu-Jitsu No-Gi Championship ,2023,Adult,Black,Male,Light-Feather,2,Emilio Alejandro Hernandez Rodriguez,Zenith BJJ
Pan IBJJF Jiu-Jitsu No-Gi Championship ,2023,Adult,Black,Male,Feather,2,José Julián  Espinosa Flores,Renzo Gracie International
Pan IBJJF Jiu-Jitsu No-Gi Championship ,2023,Adult,Black,Male,Light,2,Daniel Sathler Campos,Atos Jiu-Jitsu
Pan IBJJF Jiu-Jitsu No-Gi Championship ,2023,Adult,Black,Male,Middle,2,Kieran Robert Kichuk,Team Lloyd Irvin International
Pan IBJJF Jiu-Jitsu No-Gi Championship ,2023,Adult,Black,Male,Medium-Heavy,2,Clay Mayfield,Pedigo Submission Fighting
Pan IBJJF Jiu-Jitsu No-Gi Championship ,2023,Adult,Black,Male,Heavy,2,Elder Alexander Cruz,CheckMat
Pan IBJJF Jiu-Jitsu No-Gi Championship ,2023,Adult,Black,Male,Super-Heavy,2,Devhonte M. Johnson,Unity Jiu-jitsu
Pan IBJJF Jiu-Jitsu No-Gi Championship ,2023,Adult,Black,Male,Ultra-Heavy,2,Jose Inacio dos Santos,Reaction MMA / SAS
Pan IBJJF Jiu-Jitsu No-Gi Championship ,2023,Adult,Black,Male,Open Class,2,João Gabriel de Oliveira e S. Rocha,Alliance
Pan IBJJF Jiu-Jitsu No-Gi Championship ,2023,Adult,Black,Male,Rooster,3,Estevan G Martinez-Garcia,ZR Team NC
Pan IBJJF Jiu-Jitsu No-Gi Championship ,2023,Adult,Black,Male,Rooster,3,Henrique de Oliveira Rossi,SIA - Sharpen Iron Academy
Pan IBJJF Jiu-Jitsu No-Gi Championship ,2023,Adult,Black,Male,Light-Feather,3,Carlos Alberto Oliveira da Silva,GFTeam - Jiu Art
Pan IBJJF Jiu-Jitsu No-Gi Championship ,2023,Adult,Black,Male,Light-Feather,3,Roiter Lima Silva Junior,Gracie Barra
Pan IBJJF Jiu-Jitsu No-Gi Championship ,2023,Adult,Black,Male,Feather,3,Damion Shaun Oranday,Alliance
Pan IBJJF Jiu-Jitsu No-Gi Championship ,2023,Adult,Black,Male,Feather,3,Marco Vinicius Mendes Brito,DreamArt
Pan IBJJF Jiu-Jitsu No-Gi Championship ,2023,Adult,Black,Male,Light,3,João Victor de Oliveira Costa,GFTeam - Jiu Art
Pan IBJJF Jiu-Jitsu No-Gi Championship ,2023,Adult,Black,Male,Light,3,Richar Emiliano Nogueira,Rodrigo Pinheiro BJJ
Pan IBJJF Jiu-Jitsu No-Gi Championship ,2023,Adult,Black,Male,Middle,3,Jose Mathias Macedo de Lira Luna,CheckMat
Pan IBJJF Jiu-Jitsu No-Gi Championship ,2023,Adult,Black,Male,Middle,3,Matheus Ramos Silva Galvão,Soul Fighters BJJ
Pan IBJJF Jiu-Jitsu No-Gi Championship ,2023,Adult,Black,Male,Medium-Heavy,3,Felipe Cesar Silva,Unity Jiu-jitsu
Pan IBJJF Jiu-Jitsu No-Gi Championship ,2023,Adult,Black,Male,Medium-Heavy,3,Jacob Lee Couch,Pedigo Submission Fighting
Pan IBJJF Jiu-Jitsu No-Gi Championship ,2023,Adult,Black,Male,Heavy,3,Hunter Lee Colvin,Renato Tavares Association
Pan IBJJF Jiu-Jitsu No-Gi Championship ,2023,Adult,Black,Male,Heavy,3,Joao Araujo Silva da Costa,Fight Sports
Pan IBJJF Jiu-Jitsu No-Gi Championship ,2023,Adult,Black,Male,Super-Heavy,3,Luccas Lira Costa,Atos JJ International
Pan IBJJF Jiu-Jitsu No-Gi Championship ,2023,Adult,Black,Male,Super-Heavy,3,Thiago Cesar de Andrade Silva,Unique Logic Jiu-Jitsu HQ
Pan IBJJF Jiu-Jitsu No-Gi Championship ,2023,Adult,Black,Male,Ultra-Heavy,3,Guilherme Augusto Soares Santos,Alliance
Pan IBJJF Jiu-Jitsu No-Gi Championship ,2023,Adult,Black,Male,Ultra-Heavy,3,Igor Gregório Schneider,Brazilian Top Team
Pan IBJJF Jiu-Jitsu No-Gi Championship ,2023,Adult,Black,Male,Open Class,3,Cássio Felipe Sousa Costa,Six Blades Jiu-Jitsu
Pan IBJJF Jiu-Jitsu No-Gi Championship ,2023,Adult,Black,Male,Open Class,3,Luccas Lira Costa,Atos JJ International
Pan IBJJF Jiu-Jitsu No-Gi Championship ,2023,Adult,Black,Female,Rooster,1,Lavinia Francesconi Barbosa,CheckMat
Pan IBJJF Jiu-Jitsu No-Gi Championship ,2023,Adult,Black,Female,Light-Feather,1,Dorothy Dao,Art of Jiu Jitsu
Pan IBJJF Jiu-Jitsu No-Gi Championship ,2023,Adult,Black,Female,Feather,1,Adele M. Fornarino,Atos Jiu-Jitsu
Pan IBJJF Jiu-Jitsu No-Gi Championship ,2023,Adult,Black,Female,Light,1,Jaine da Silva Fragoso,Atos Jiu-Jitsu
Pan IBJJF Jiu-Jitsu No-Gi Championship ,2023,Adult,Black,Female,Middle,1,Deise dos Santos Leonanjo,Double Five
Pan IBJJF Jiu-Jitsu No-Gi Championship ,2023,Adult,Black,Female,Medium-Heavy,1,Elizabeth Katherine Mitrovic,Alliance
Pan IBJJF Jiu-Jitsu No-Gi Championship ,2023,Adult,Black,Female,Heavy,1,Maria Vitória Gonçalves Ruffatto,Brazilian Top Team
Pan IBJJF Jiu-Jitsu No-Gi Championship ,2023,Adult,Black,Female,Super-Heavy,1,Roberta Pessoa Vieira Ribeiro,Double Five
Pan IBJJF Jiu-Jitsu No-Gi Championship ,2023,Adult,Black,Female,Open Class,1,Roberta Pessoa Vieira Ribeiro,Double Five
Pan IBJJF Jiu-Jitsu No-Gi Championship ,2023,Adult,Black,Female,Rooster,2,Amber Rymarz-Freitas,Smartjits
Pan IBJJF Jiu-Jitsu No-Gi Championship ,2023,Adult,Black,Female,Light-Feather,2,Mara Kelly,BJJ Revolution Team - International
Pan IBJJF Jiu-Jitsu No-Gi Championship ,2023,Adult,Black,Female,Feather,2,Vitória Damiana Silva de Assis,Double Five
Pan IBJJF Jiu-Jitsu No-Gi Championship ,2023,Adult,Black,Female,Light,2,Joanna Christine Trindade,TAC Team BJJ
Pan IBJJF Jiu-Jitsu No-Gi Championship ,2023,Adult,Black,Female,Middle,2,Julia Maele,OXY
Pan IBJJF Jiu-Jitsu No-Gi Championship ,2023,Adult,Black,Female,Medium-Heavy,2,Jordan Elizabeth Patrick,Renzo Gracie Austin
Pan IBJJF Jiu-Jitsu No-Gi Championship ,2023,Adult,Black,Female,Heavy,2,Luciana Mota Castelo Branco,Alliance
Pan IBJJF Jiu-Jitsu No-Gi Championship ,2023,Adult,Black,Female,Super-Heavy,2,Samantha Hall,TAC Team BJJ
Pan IBJJF Jiu-Jitsu No-Gi Championship ,2023,Adult,Black,Female,Open Class,2,Elizabeth Katherine Mitrovic,Alliance
Pan IBJJF Jiu-Jitsu No-Gi Championship ,2023,Adult,Black,Female,Rooster,3,Faye Cherrier,Atos Jiu-Jitsu
Pan IBJJF Jiu-Jitsu No-Gi Championship ,2023,Adult,Black,Female,Rooster,3,Mariana Cabral Rolszt,Gracie Humaita
Pan IBJJF Jiu-Jitsu No-Gi Championship ,2023,Adult,Black,Female,Light-Feather,3,Andreza Costa Morais de Sousa,Ares BJJ
Pan IBJJF Jiu-Jitsu No-Gi Championship ,2023,Adult,Black,Female,Light-Feather,3,Maria Eduarda  Tozoni Ono,Kronos BJJ
Pan IBJJF Jiu-Jitsu No-Gi Championship ,2023,Adult,Black,Female,Feather,3,Amanda Dean Bruse,Atos Jiu-Jitsu
Pan IBJJF Jiu-Jitsu No-Gi Championship ,2023,Adult,Black,Female,Feather,3,Emily Rosalynn Nicholson,GFTeam - Jiu Art
Pan IBJJF Jiu-Jitsu No-Gi Championship ,2023,Adult,Black,Female,Light,3,Alejandra Cervantez,Gracie Barra
Pan IBJJF Jiu-Jitsu No-Gi Championship ,2023,Adult,Black,Female,Light,3,Vitoria Carollina Araujo Vieira,GFTeam - Jiu Art
Pan IBJJF Jiu-Jitsu No-Gi Championship ,2023,Adult,Black,Female,Middle,3,Erin Johnson,Iron Roots BJJ
Pan IBJJF Jiu-Jitsu No-Gi Championship ,2023,Adult,Black,Female,Middle,3,Thamires Arruda Monteiro,CheckMat
Pan IBJJF Jiu-Jitsu No-Gi Championship ,2023,Adult,Black,Female,Medium-Heavy,3,Maggie Grindatti,Atos Jiu-Jitsu
Pan IBJJF Jiu-Jitsu No-Gi Championship ,2023,Adult,Black,Female,Medium-Heavy,3,Raquel De Oliveira Santos,Cantagalo Jiu-Jitsu London
Pan IBJJF Jiu-Jitsu No-Gi Championship ,2023,Adult,Black,Female,Open Class,3,Jordan Elizabeth Patrick,Renzo Gracie Austin
Pan IBJJF Jiu-Jitsu No-Gi Championship ,2023,Adult,Black,Female,Open Class,3,Maria Vitória Gonçalves Ruffatto,Brazilian Top Team
Pan IBJJF Jiu-Jitsu No-Gi Championship ,2024,Adult,Black,Male,Rooster,1,Everton Celio de Souza Teixeira,Atos Jiu-Jitsu
Pan IBJJF Jiu-Jitsu No-Gi Championship ,2024,Adult,Black,Male,Light-Feather,1,Edwin Ocasio,Unity Jiu-jitsu
Pan IBJJF Jiu-Jitsu No-Gi Championship ,2024,Adult,Black,Male,Feather,1,Cole Anthony Abate,AOJ
Pan IBJJF Jiu-Jitsu No-Gi Championship ,2024,Adult,Black,Male,Light,1,Maximilian John Anthony Hanson,Pedigo Submission Fighting
Pan IBJJF Jiu-Jitsu No-Gi Championship ,2024,Adult,Black,Male,Middle,1,Natan Chueng Freitas,Unity Jiu-Jitsu Brasil
Pan IBJJF Jiu-Jitsu No-Gi Championship ,2024,Adult,Black,Male,Medium-Heavy,1,Alehander da Silva Mariano,Atos Jiu-Jitsu
Pan IBJJF Jiu-Jitsu No-Gi Championship ,2024,Adult,Black,Male,Heavy,1,Jose Jurema Nascimento de Carvalho,CheckMat
Pan IBJJF Jiu-Jitsu No-Gi Championship ,2024,Adult,Black,Male,Super-Heavy,1,Rafael Lovato Jr.,Six Blades Jiu-Jitsu
Pan IBJJF Jiu-Jitsu No-Gi Championship ,2024,Adult,Black,Male,Ultra-Heavy,1,Lucas Valentim Alves Montalvão,Ground Control
Pan IBJJF Jiu-Jitsu No-Gi Championship ,2024,Adult,Black,Male,Open Class,1,Devhonte M. Johnson,Unity Jiu-jitsu
Pan IBJJF Jiu-Jitsu No-Gi Championship ,2024,Adult,Black,Male,Rooster,2,Christopher Duyquan Tran,Crazy 88
Pan IBJJF Jiu-Jitsu No-Gi Championship ,2024,Adult,Black,Male,Light-Feather,2,Isaac E Cordova,10th Planet Jiu Jitsu
Pan IBJJF Jiu-Jitsu No-Gi Championship ,2024,Adult,Black,Male,Feather,2,José Julián  Espinosa Flores,Renzo Gracie
Pan IBJJF Jiu-Jitsu No-Gi Championship ,2024,Adult,Black,Male,Light,2,Carlos Henrique Costa Campos,Alliance
Pan IBJJF Jiu-Jitsu No-Gi Championship ,2024,Adult,Black,Male,Middle,2,Eduardo Avelar de Carvalho,Vuk BJJ
Pan IBJJF Jiu-Jitsu No-Gi Championship ,2024,Adult,Black,Male,Medium-Heavy,2,Jonathan Morris Blank,10th Planet Jiu Jitsu
Pan IBJJF Jiu-Jitsu No-Gi Championship ,2024,Adult,Black,Male,Heavy,2,Francisco de Assis Lemos Lo,CheckMat
Pan IBJJF Jiu-Jitsu No-Gi Championship ,2024,Adult,Black,Male,Super-Heavy,2,Yan Lucas Cordeiro Paiva,Six Blades Jiu-Jitsu
Pan IBJJF Jiu-Jitsu No-Gi Championship ,2024,Adult,Black,Male,Ultra-Heavy,2,Leonardo Lemos de Andrade,Gracie Barra
Pan IBJJF Jiu-Jitsu No-Gi Championship ,2024,Adult,Black,Male,Open Class,2,Alehander da Silva Mariano,Atos Jiu-Jitsu
Pan IBJJF Jiu-Jitsu No-Gi Championship ,2024,Adult,Black,Male,Rooster,3,Lucas Feitosa Pereira Bosshard,Carlson Gracie Team
Pan IBJJF Jiu-Jitsu No-Gi Championship ,2024,Adult,Black,Male,Rooster,3,Michael Jalen B. Fonacier,Alliance
Pan IBJJF Jiu-Jitsu No-Gi Championship ,2024,Adult,Black,Male,Light-Feather,3,Bruno Cordeiro Sena,The Match Champ
Pan IBJJF Jiu-Jitsu No-Gi Championship ,2024,Adult,Black,Male,Light-Feather,3,Roiter Lima Silva Junior,Gracie Barra
Pan IBJJF Jiu-Jitsu No-Gi Championship ,2024,Adult,Black,Male,Feather,3,Emilio Alejandro Hernandez Rodriguez,Zenith BJJ
Pan IBJJF Jiu-Jitsu No-Gi Championship ,2024,Adult,Black,Male,Feather,3,Ismael dos Santos Lima,GF Team
Pan IBJJF Jiu-Jitsu No-Gi Championship ,2024,Adult,Black,Male,Light,3,João Matheus de Melo Assonitis,Double Five
Pan IBJJF Jiu-Jitsu No-Gi Championship ,2024,Adult,Black,Male,Light,3,Yigit Hanay,Renzo Gracie
Pan IBJJF Jiu-Jitsu No-Gi Championship ,2024,Adult,Black,Male,Middle,3,Arley Pacheco Damaceno Brandão,Gracie Barra
Pan IBJJF Jiu-Jitsu No-Gi Championship ,2024,Adult,Black,Male,Middle,3,Kade Anastasios Tsitos,Fight Sports
Pan IBJJF Jiu-Jitsu No-Gi Championship ,2024,Adult,Black,Male,Medium-Heavy,3,Felipe Cesar Silva,Unity Jiu-jitsu
Pan IBJJF Jiu-Jitsu No-Gi Championship ,2024,Adult,Black,Male,Medium-Heavy,3,Martin Alejandro Gonzalez Mejia,Atos JJ USA
Pan IBJJF Jiu-Jitsu No-Gi Championship ,2024,Adult,Black,Male,Heavy,3,Anthony Michael Robinson,Richardson BJJ
Pan IBJJF Jiu-Jitsu No-Gi Championship ,2024,Adult,Black,Male,Heavy,3,Gabriel Viebrantz Brod,Gracie Barra
Pan IBJJF Jiu-Jitsu No-Gi Championship ,2024,Adult,Black,Male,Super-Heavy,3,Gabriel de Oliveira Haddad Duarte,Lotus Club USA
Pan IBJJF Jiu-Jitsu No-Gi Championship ,2024,Adult,Black,Male,Super-Heavy,3,Marlon Kenjiro Tanaka Fagundes,Inicio Jiu-Jitsu
Pan IBJJF Jiu-Jitsu No-Gi Championship ,2024,Adult,Black,Male,Ultra-Heavy,3,Devhonte M. Johnson,Unity Jiu-jitsu
Pan IBJJF Jiu-Jitsu No-Gi Championship ,2024,Adult,Black,Male,Ultra-Heavy,3,Pedro José Pessoa de Melo Bisneto,Diego Ramalho Brazilian Jiu-Jitsu
Pan IBJJF Jiu-Jitsu No-Gi Championship ,2024,Adult,Black,Male,Open Class,3,David Salem Garmo,Detroit Jiu-Jitsu Syndicate
Pan IBJJF Jiu-Jitsu No-Gi Championship ,2024,Adult,Black,Male,Open Class,3,Marcos Carrozzino,GF Team
Pan IBJJF Jiu-Jitsu No-Gi Championship ,2024,Adult,Black,Female,Rooster,1,Thaís Loureiro Felipe,Atos Jiu-Jitsu
Pan IBJJF Jiu-Jitsu No-Gi Championship ,2024,Adult,Black,Female,Light-Feather,1,Ana Carolina de Andrade Lima Soares da Silva,AOJ
Pan IBJJF Jiu-Jitsu No-Gi Championship ,2024,Adult,Black,Female,Feather,1,Ana Talita de Oliveira Alencar,Temple Jiu-Jitsu
Pan IBJJF Jiu-Jitsu No-Gi Championship ,2024,Adult,Black,Female,Light,1,Amanda Dean Bruse,Atos Jiu-Jitsu
Pan IBJJF Jiu-Jitsu No-Gi Championship ,2024,Adult,Black,Female,Middle,1,Nadia Frankland,Absolute MMA Australia
Pan IBJJF Jiu-Jitsu No-Gi Championship ,2024,Adult,Black,Female,Medium-Heavy,1,Amanda Noel Leve,Precision Jiu-Jitsu
Pan IBJJF Jiu-Jitsu No-Gi Championship ,2024,Adult,Black,Female,Heavy,1,Elisabeth Ann Clay,Ares BJJ
Pan IBJJF Jiu-Jitsu No-Gi Championship ,2024,Adult,Black,Female,Super-Heavy,1,Mayara Moreira Ribeiro,GF Team
Pan IBJJF Jiu-Jitsu No-Gi Championship ,2024,Adult,Black,Female,Open Class,1,Elisabeth Ann Clay,Ares BJJ
Pan IBJJF Jiu-Jitsu No-Gi Championship ,2024,Adult,Black,Female,Rooster,2,Mariana Cabral Rolszt,Gracie Humaita South Bay
Pan IBJJF Jiu-Jitsu No-Gi Championship ,2024,Adult,Black,Female,Light-Feather,2,Shelby Lena Murphey,AOJ
Pan IBJJF Jiu-Jitsu No-Gi Championship ,2024,Adult,Black,Female,Feather,2,Amanda Monteiro Canuto,GF Team
Pan IBJJF Jiu-Jitsu No-Gi Championship ,2024,Adult,Black,Female,Light,2,Julia Maele,OXY
Pan IBJJF Jiu-Jitsu No-Gi Championship ,2024,Adult,Black,Female,Middle,2,Gabriele da Silva Schuck,Gracie Barra
Pan IBJJF Jiu-Jitsu No-Gi Championship ,2024,Adult,Black,Female,Medium-Heavy,2,Jordan Elizabeth Patrick,Renzo Gracie
Pan IBJJF Jiu-Jitsu No-Gi Championship ,2024,Adult,Black,Female,Heavy,2,Maria Vitória Gonçalves Ruffatto,Brazilian Top Team
Pan IBJJF Jiu-Jitsu No-Gi Championship ,2024,Adult,Black,Female,Super-Heavy,2,Paige Ivette Borras,Legion American Jiu-Jitsu
Pan IBJJF Jiu-Jitsu No-Gi Championship ,2024,Adult,Black,Female,Open Class,2,Maria Vitória Gonçalves Ruffatto,Brazilian Top Team
Pan IBJJF Jiu-Jitsu No-Gi Championship ,2024,Adult,Black,Female,Rooster,3,Amber Rymarz-Freitas,Atos Jiu-Jitsu
Pan IBJJF Jiu-Jitsu No-Gi Championship ,2024,Adult,Black,Female,Rooster,3,Mara Ananda Kelly,BJJ Revolution Team - International
Pan IBJJF Jiu-Jitsu No-Gi Championship ,2024,Adult,Black,Female,Light-Feather,3,Jessica Mallely Crane,All American MMA
Pan IBJJF Jiu-Jitsu No-Gi Championship ,2024,Adult,Black,Female,Light-Feather,3,Sophia Joan Cassella,Alliance
Pan IBJJF Jiu-Jitsu No-Gi Championship ,2024,Adult,Black,Female,Feather,3,Raquel Ferreira da Silva,ZR Team UK
Pan IBJJF Jiu-Jitsu No-Gi Championship ,2024,Adult,Black,Female,Feather,3,Thaynara Victoria Soares da Silva,DreamArt
Pan IBJJF Jiu-Jitsu No-Gi Championship ,2024,Adult,Black,Female,Light,3,Beatrice Z Jin,Kogaion Academy
Pan IBJJF Jiu-Jitsu No-Gi Championship ,2024,Adult,Black,Female,Light,3,Joanna Christine Trindade,TAC Team BJJ
Pan IBJJF Jiu-Jitsu No-Gi Championship ,2024,Adult,Black,Female,Middle,3,Amanda Pamela Nicole Schurtz,ECJJA
Pan IBJJF Jiu-Jitsu No-Gi Championship ,2024,Adult,Black,Female,Middle,3,Brittney K N  Johnson,Atos Jiu-Jitsu
Pan IBJJF Jiu-Jitsu No-Gi Championship ,2024,Adult,Black,Female,Medium-Heavy,3,Kennedy Paige Franklin,Inicio Jiu-Jitsu
Pan IBJJF Jiu-Jitsu No-Gi Championship ,2024,Adult,Black,Female,Medium-Heavy,3,Salla Mari Simola,Hilti BJJ Turku
Pan IBJJF Jiu-Jitsu No-Gi Championship ,2024,Adult,Black,Female,Heavy,3,Graciele Del Fava de Carvalho,Unity Jiu-jitsu
Pan IBJJF Jiu-Jitsu No-Gi Championship ,2024,Adult,Black,Female,Super-Heavy,3,Hannah Marie Harjo,Primate Jiu-Jitsu
Pan IBJJF Jiu-Jitsu No-Gi Championship ,2024,Adult,Black,Female,Open Class,3,Deise dos Santos Leonanjo,Double Five
Pan IBJJF Jiu-Jitsu No-Gi Championship ,2024,Adult,Black,Female,Open Class,3,Nadia Frankland,Absolute MMA Australia
Pan IBJJF Jiu-Jitsu No-Gi Championship ,2025,Adult,Black,Male,Rooster,1,Osamah Ali Ali Almarwai,Atos Jiu-Jitsu
Pan IBJJF Jiu-Jitsu No-Gi Championship ,2025,Adult,Black,Male,Light-Feather,1,Vinicius Gomes Inacio,Atos Jiu-Jitsu
Pan IBJJF Jiu-Jitsu No-Gi Championship ,2025,Adult,Black,Male,Feather,1,Marco Vinicius Mendes Brito,Aspire To Inspire
Pan IBJJF Jiu-Jitsu No-Gi Championship ,2025,Adult,Black,Male,Light,1,José Julián  Espinosa Flores,Renzo Gracie International
Pan IBJJF Jiu-Jitsu No-Gi Championship ,2025,Adult,Black,Male,Middle,1,Marcelo Fausto de Abreu Montanagna,CheckMat USA
Pan IBJJF Jiu-Jitsu No-Gi Championship ,2025,Adult,Black,Male,Medium-Heavy,1,Pawel Kacper Jaworski,Academia Gorila
Pan IBJJF Jiu-Jitsu No-Gi Championship ,2025,Adult,Black,Male,Heavy,1,Javier Arturo Barter,Renzo Gracie Academy
Pan IBJJF Jiu-Jitsu No-Gi Championship ,2025,Adult,Black,Male,Super-Heavy,1,Elder Alexander Cruz Hernandez,Pedigo Submission Fighting
Pan IBJJF Jiu-Jitsu No-Gi Championship ,2025,Adult,Black,Male,Ultra-Heavy,1,Roosevelt Pereira Lima de Sousa,Fight Sports
Pan IBJJF Jiu-Jitsu No-Gi Championship ,2025,Adult,Black,Male,Open Class,1,Roosevelt Pereira Lima de Sousa,Fight Sports
Pan IBJJF Jiu-Jitsu No-Gi Championship ,2025,Adult,Black,Male,Rooster,2,Lucas de Souza Castro,Gracie Barra
Pan IBJJF Jiu-Jitsu No-Gi Championship ,2025,Adult,Black,Male,Light-Feather,2,Leonardo Martins de Souza,Tozi Jiu Jitsu
Pan IBJJF Jiu-Jitsu No-Gi Championship ,2025,Adult,Black,Male,Feather,2,Cameron Jacob Mellott,TDBJJ
Pan IBJJF Jiu-Jitsu No-Gi Championship ,2025,Adult,Black,Male,Light,2,Maximilian John Anthony Hanson,Pedigo Submission Fighting
Pan IBJJF Jiu-Jitsu No-Gi Championship ,2025,Adult,Black,Male,Middle,2,Mahmoud Mazen Jabr,Pedigo Submission Fighting
Pan IBJJF Jiu-Jitsu No-Gi Championship ,2025,Adult,Black,Male,Medium-Heavy,2,Logan Walker Smith,Alliance
Pan IBJJF Jiu-Jitsu No-Gi Championship ,2025,Adult,Black,Male,Heavy,2,Jose Jurema Nascimento de Carvalho,Checkmat Daphne
Pan IBJJF Jiu-Jitsu No-Gi Championship ,2025,Adult,Black,Male,Super-Heavy,2,Lucas Norat Lopes,Gracie Barra
Pan IBJJF Jiu-Jitsu No-Gi Championship ,2025,Adult,Black,Male,Ultra-Heavy,2,Helder Jose Rodrigues Júnior,Atos Jiu-Jitsu
Pan IBJJF Jiu-Jitsu No-Gi Championship ,2025,Adult,Black,Male,Open Class,2,Patrick Pontes de Moura Santos Gaudio,Kingsway Jiu-Jitsu
Pan IBJJF Jiu-Jitsu No-Gi Championship ,2025,Adult,Black,Male,Rooster,3,Christopher Duyquan Tran,Team Lloyd Irvin
Pan IBJJF Jiu-Jitsu No-Gi Championship ,2025,Adult,Black,Male,Rooster,3,Relter Lima Silva Filho,Gracie Barra
Pan IBJJF Jiu-Jitsu No-Gi Championship ,2025,Adult,Black,Male,Light-Feather,3,Edwin Ocasio,Unity Jiu-jitsu
Pan IBJJF Jiu-Jitsu No-Gi Championship ,2025,Adult,Black,Male,Light-Feather,3,Jacob William Semsem,Legion American Jiu-Jitsu
Pan IBJJF Jiu-Jitsu No-Gi Championship ,2025,Adult,Black,Male,Feather,3,Marcos Antonio Gomes Guedes,AOJ - BR
Pan IBJJF Jiu-Jitsu No-Gi Championship ,2025,Adult,Black,Male,Feather,3,Steven Alexander Gomez,AOJ
Pan IBJJF Jiu-Jitsu No-Gi Championship ,2025,Adult,Black,Male,Light,3,Gian Paul Grippo,Bodega Jiu-Jitsu
Pan IBJJF Jiu-Jitsu No-Gi Championship ,2025,Adult,Black,Male,Light,3,João Matheus de Melo Assonitis,Double Five
Pan IBJJF Jiu-Jitsu No-Gi Championship ,2025,Adult,Black,Male,Middle,3,Eduardo Avelar de Carvalho,Vuk / 617 Brazilian Jiu-jitsu
Pan IBJJF Jiu-Jitsu No-Gi Championship ,2025,Adult,Black,Male,Middle,3,Mateus de Moraes Coelho,Brasa CTA
Pan IBJJF Jiu-Jitsu No-Gi Championship ,2025,Adult,Black,Male,Medium-Heavy,3,David Salem Garmo,Detroit Jiu-Jitsu Syndicate
Pan IBJJF Jiu-Jitsu No-Gi Championship ,2025,Adult,Black,Male,Medium-Heavy,3,Wallisson Oliveira Souza,Campeão United Jiu-Jitsu
Pan IBJJF Jiu-Jitsu No-Gi Championship ,2025,Adult,Black,Male,Heavy,3,Anthony Michael Robinson,GF Team
Pan IBJJF Jiu-Jitsu No-Gi Championship ,2025,Adult,Black,Male,Heavy,3,Dante Scott Leon,Pedigo Submission Fighting
Pan IBJJF Jiu-Jitsu No-Gi Championship ,2025,Adult,Black,Male,Super-Heavy,3,Austin Robert Morris,The Forge Brazilian Jiu-Jitsu
Pan IBJJF Jiu-Jitsu No-Gi Championship ,2025,Adult,Black,Male,Super-Heavy,3,Thomas Andrew Bracher,Atos Jiu-Jitsu
Pan IBJJF Jiu-Jitsu No-Gi Championship ,2025,Adult,Black,Male,Ultra-Heavy,3,Anderson Kauan Gomes Marinho,Infight JJ
Pan IBJJF Jiu-Jitsu No-Gi Championship ,2025,Adult,Black,Male,Ultra-Heavy,3,Jose Inacio dos Santos,Atos Jiu-Jitsu
Pan IBJJF Jiu-Jitsu No-Gi Championship ,2025,Adult,Black,Male,Open Class,3,Elder Alexander Cruz Hernandez,Pedigo Submission Fighting
Pan IBJJF Jiu-Jitsu No-Gi Championship ,2025,Adult,Black,Male,Open Class,3,Pawel Kacper Jaworski,Academia Gorila
Pan IBJJF Jiu-Jitsu No-Gi Championship ,2025,Adult,Black,Female,Rooster,1,Mariana Cabral Rolszt,Gracie Humaita South Bay
Pan IBJJF Jiu-Jitsu No-Gi Championship ,2025,Adult,Black,Female,Light-Feather,1,Mayssa Caldas Pereira Bastos,AOJ
Pan IBJJF Jiu-Jitsu No-Gi Championship ,2025,Adult,Black,Female,Feather,1,Ana Mayordomo Garcia,Kingsway Jiu-Jitsu
Pan IBJJF Jiu-Jitsu No-Gi Championship ,2025,Adult,Black,Female,Light,1,Caroline Brunacio Vinhaes,Pirâmide Grappling Association
Pan IBJJF Jiu-Jitsu No-Gi Championship ,2025,Adult,Black,Female,Middle,1,Sarah C. Firme Galvao,Atos Jiu-Jitsu
Pan IBJJF Jiu-Jitsu No-Gi Championship ,2025,Adult,Black,Female,Medium-Heavy,1,Salla Mari Simola,Hilti BJJ Turku
Pan IBJJF Jiu-Jitsu No-Gi Championship ,2025,Adult,Black,Female,Heavy,1,Anabel Lopez Beard,CheckMat Fight Zone London
Pan IBJJF Jiu-Jitsu No-Gi Championship ,2025,Adult,Black,Female,Super-Heavy,1,Gabrieli Pessanha de Souza Marinho,Infight JJ
Pan IBJJF Jiu-Jitsu No-Gi Championship ,2025,Adult,Black,Female,Open Class,1,Gabrieli Pessanha de Souza Marinho,Infight JJ
Pan IBJJF Jiu-Jitsu No-Gi Championship ,2025,Adult,Black,Female,Rooster,2,Thaís Loureiro Felipe,Atos Jiu-Jitsu
Pan IBJJF Jiu-Jitsu No-Gi Championship ,2025,Adult,Black,Female,Light-Feather,2,Andrea R. Jordan,Pellegrino Mixed Martial Arts
Pan IBJJF Jiu-Jitsu No-Gi Championship ,2025,Adult,Black,Female,Feather,2,Thaynara Victoria Soares da Silva,Brasa CTA
Pan IBJJF Jiu-Jitsu No-Gi Championship ,2025,Adult,Black,Female,Light,2,Zara Di Tofano,ECJJA
Pan IBJJF Jiu-Jitsu No-Gi Championship ,2025,Adult,Black,Female,Middle,2,Injana Greta Goodman,Grapple Collective
Pan IBJJF Jiu-Jitsu No-Gi Championship ,2025,Adult,Black,Female,Medium-Heavy,2,Fernanda Yukari Makiyama Cristo,Evox BJJ
Pan IBJJF Jiu-Jitsu No-Gi Championship ,2025,Adult,Black,Female,Heavy,2,Erin K. Harpe,Gracie Humaita South Bay
Pan IBJJF Jiu-Jitsu No-Gi Championship ,2025,Adult,Black,Female,Super-Heavy,2,Maria Victoria Barboza de Santiago,LEAD BJJ
Pan IBJJF Jiu-Jitsu No-Gi Championship ,2025,Adult,Black,Female,Open Class,2,Injana Greta Goodman,Grapple Collective
Pan IBJJF Jiu-Jitsu No-Gi Championship ,2025,Adult,Black,Female,Rooster,3,Faye Lynn Cherrier,Atos Jiu-Jitsu
Pan IBJJF Jiu-Jitsu No-Gi Championship ,2025,Adult,Black,Female,Rooster,3,Mara Ananda Kelly,Limerick BJJ Academy
Pan IBJJF Jiu-Jitsu No-Gi Championship ,2025,Adult,Black,Female,Light-Feather,3,Erika Fernanda Jesus Machado,Inevat Brazilian Jiu-Jitsu
Pan IBJJF Jiu-Jitsu No-Gi Championship ,2025,Adult,Black,Female,Feather,3,Beatriz Gutierrez Campos,Brasa CTA
Pan IBJJF Jiu-Jitsu No-Gi Championship ,2025,Adult,Black,Female,Feather,3,Lauren Hanako Sognefest,AOJ
Pan IBJJF Jiu-Jitsu No-Gi Championship ,2025,Adult,Black,Female,Light,3,Amanda Dean Bruse,Atos Jiu-Jitsu
Pan IBJJF Jiu-Jitsu No-Gi Championship ,2025,Adult,Black,Female,Light,3,Julia Maele,OXY
Pan IBJJF Jiu-Jitsu No-Gi Championship ,2025,Adult,Black,Female,Middle,3,Gabriela de Faria Matos Barreto,Infight JJ
Pan IBJJF Jiu-Jitsu No-Gi Championship ,2025,Adult,Black,Female,Middle,3,Gamila Kanew,ZR Team Association
Pan IBJJF Jiu-Jitsu No-Gi Championship ,2025,Adult,Black,Female,Medium-Heavy,3,Gabriela de Miranda Barroso,Double Five
Pan IBJJF Jiu-Jitsu No-Gi Championship ,2025,Adult,Black,Female,Medium-Heavy,3,Maria Pia Barriga Monge,Team Predador Jiu-Jitsu
Pan IBJJF Jiu-Jitsu No-Gi Championship ,2025,Adult,Black,Female,Heavy,3,Karoline Silva Caramori,Gracie Barra
Pan IBJJF Jiu-Jitsu No-Gi Championship ,2025,Adult,Black,Female,Heavy,3,Sula-Mae Barbara Loewenthal,Gracie Barra
Pan IBJJF Jiu-Jitsu No-Gi Championship ,2025,Adult,Black,Female,Super-Heavy,3,Lauren Adrienne Rojas,Alliance
Pan IBJJF Jiu-Jitsu No-Gi Championship ,2025,Adult,Black,Female,Open Class,3,Gamila Kanew,ZR Team Association
Pan IBJJF Jiu-Jitsu No-Gi Championship ,2025,Adult,Black,Female,Open Class,3,Maria Victoria Barboza de Santiago,LEAD BJJ
