Tournament,Year,Age,Belt,Gender,Weight Class,Placing,Competitor Name,Academy Name
World Jiu-Jitsu No-Gi IBJJF Championship,2007,Adult,Black,Male,Rooster,1,Takeo Tani,Gracie Barra
World Jiu-Jitsu No-Gi IBJJF Championship,2007,Adult,Black,Male,Light Feather,1,Samuel Braga,Gracie Barra
World Jiu-Jitsu No-Gi IBJJF Championship,2007,Adult,Black,Male,Feather,1,Rubens Maciel,Alliance
World Jiu-Jitsu No-Gi IBJJF Championship,2007,Adult,Black,Male,Light,1,Jeff Glover,Alliance
World Jiu-Jitsu No-Gi IBJJF Championship,2007,Adult,Black,Male,Middle,1,Pablo Popovitch,Team Popovitch
World Jiu-Jitsu No-Gi IBJJF Championship,2007,Adult,Black,Male,Medium Heavy,1,Marcel Louzado,Brasa
World Jiu-Jitsu No-Gi IBJJF Championship,2007,Adult,Black,Male,Heavy,1,Roberto Camargo,Gracie Barra
World Jiu-Jitsu No-Gi IBJJF Championship,2007,Adult,Black,Male,Super Heavy,1,Vinicius Magalhaes,Team Quest
World Jiu-Jitsu No-Gi IBJJF Championship,2007,Adult,Black,Male,Ultra Heavy,1,Bruno Paulista,Gracie Barra America
World Jiu-Jitsu No-Gi IBJJF Championship,2007,Adult,Black,Male,Open Class,1,Jeff Monson,American Top Team
World Jiu-Jitsu No-Gi IBJJF Championship,2007,Adult,Black,Male,Light Feather,2,Caio Terra,Cesar Gracie
World Jiu-Jitsu No-Gi IBJJF Championship,2007,Adult,Black,Male,Feather,2,Shane Rice,Rickson
World Jiu-Jitsu No-Gi IBJJF Championship,2007,Adult,Black,Male,Light,2,Daniel Aguiar,Renzo Gracie
World Jiu-Jitsu No-Gi IBJJF Championship,2007,Adult,Black,Male,Middle,2,Daniel Correia,Relson Gracie
World Jiu-Jitsu No-Gi IBJJF Championship,2007,Adult,Black,Male,Medium Heavy,2,Luke Stewart,Ralph Gracie
World Jiu-Jitsu No-Gi IBJJF Championship,2007,Adult,Black,Male,Heavy,2,Fabio Leopoldo,Renzo Gracie
World Jiu-Jitsu No-Gi IBJJF Championship,2007,Adult,Black,Male,Super Heavy,2,Christiano Lazzarini,Gracie Barra
World Jiu-Jitsu No-Gi IBJJF Championship,2007,Adult,Black,Male,Ultra Heavy,2,Jeff Monson,American Top Team
World Jiu-Jitsu No-Gi IBJJF Championship,2007,Adult,Black,Male,Open Class,2,Bill Cooper,Alliance
World Jiu-Jitsu No-Gi IBJJF Championship,2007,Adult,Black,Male,Light Feather,3,John Ramirez,Bjj Revolution Team
World Jiu-Jitsu No-Gi IBJJF Championship,2007,Adult,Black,Male,Light Feather,3,Leandro Escobar,American Top Team
World Jiu-Jitsu No-Gi IBJJF Championship,2007,Adult,Black,Male,Feather,3,Magno Gama,Renzo Gracie
World Jiu-Jitsu No-Gi IBJJF Championship,2007,Adult,Black,Male,Feather,3,Diego Correia,Relson Gracie
World Jiu-Jitsu No-Gi IBJJF Championship,2007,Adult,Black,Male,Light,3,Diego Saraiva,Knuckleup
World Jiu-Jitsu No-Gi IBJJF Championship,2007,Adult,Black,Male,Light,3,Joao Silva,Aloisio Silva
World Jiu-Jitsu No-Gi IBJJF Championship,2007,Adult,Black,Male,Middle,3,William Cooper,Alliance
World Jiu-Jitsu No-Gi IBJJF Championship,2007,Adult,Black,Male,Middle,3,Lucas Leite,Brasa
World Jiu-Jitsu No-Gi IBJJF Championship,2007,Adult,Black,Male,Medium Heavy,3,Joao Felipe Oliveira,Gracie Barra
World Jiu-Jitsu No-Gi IBJJF Championship,2007,Adult,Black,Male,Medium Heavy,3,Tony Eduardo Lima,Ralph Gracie
World Jiu-Jitsu No-Gi IBJJF Championship,2007,Adult,Black,Male,Heavy,3,Alexandre Ferreira,Gracie Barra
World Jiu-Jitsu No-Gi IBJJF Championship,2007,Adult,Black,Male,Heavy,3,Matheus Costa,Ryan Gracie
World Jiu-Jitsu No-Gi IBJJF Championship,2007,Adult,Black,Male,Super Heavy,3,Roberto Abreu Filho,American Top Team
World Jiu-Jitsu No-Gi IBJJF Championship,2007,Adult,Black,Male,Ultra Heavy,3,Rodrigo Medeiros,Brasa
World Jiu-Jitsu No-Gi IBJJF Championship,2007,Adult,Black,Male,Ultra Heavy,3,Jose Mario Mac Cord,Brasa
World Jiu-Jitsu No-Gi IBJJF Championship,2007,Adult,Black,Male,Open Class,3,Cristiano Lazarini,Gracie Barra
World Jiu-Jitsu No-Gi IBJJF Championship,2007,Adult,Black,Male,Open Class,3,Roberto Camargo,Gracie Barra
World Jiu-Jitsu No-Gi IBJJF Championship,2007,Adult,Brown Black,Female,Feather,1,Bianca Barreto,Gracie Barra
World Jiu-Jitsu No-Gi IBJJF Championship,2007,Adult,Brown Black,Female,Light,1,Gazzy Parman,Undisputed
World Jiu-Jitsu No-Gi IBJJF Championship,2007,Adult,Brown Black,Female,Middle,1,Hannette Staack,Carlson Gracie Team
World Jiu-Jitsu No-Gi IBJJF Championship,2007,Adult,Brown Black,Female,Medium Heavy,1,Penny Thomas,Maui Jiu-Jitsu
World Jiu-Jitsu No-Gi IBJJF Championship,2007,Adult,Brown Black,Female,Feather,2,Felicia Oh,Jean Jacques Machado
World Jiu-Jitsu No-Gi IBJJF Championship,2007,Adult,Brown Black,Female,Light,2,Jeanette Portocarrero,Jean Jacques Machado
World Jiu-Jitsu No-Gi IBJJF Championship,2007,Adult,Brown Black,Female,Middle,2,Emily Kwok,Ricardo Almeida Jj
World Jiu-Jitsu No-Gi IBJJF Championship,2007,Adult,Brown Black,Female,Medium Heavy,2,Christina Thomas,Relson Gracie
World Jiu-Jitsu No-Gi IBJJF Championship,2007,Adult,Brown Black,Female,Feather,3,Patricia Lage,Barbosa Jj
World Jiu-Jitsu No-Gi IBJJF Championship,2008,Adult,Black,Male,Rooster,1,Pablo Teixeira,Brazilian Fight
World Jiu-Jitsu No-Gi IBJJF Championship,2008,Adult,Black,Male,Light Feather,1,Caio Terra,Cesar Gracie
World Jiu-Jitsu No-Gi IBJJF Championship,2008,Adult,Black,Male,Feather,1,Bruno Frazatto,Check Mat Bjj
World Jiu-Jitsu No-Gi IBJJF Championship,2008,Adult,Black,Male,Light,1,Rubens Charles,Alliance
World Jiu-Jitsu No-Gi IBJJF Championship,2008,Adult,Black,Male,Middle,1,Daniel Moraes,Relson Gracie
World Jiu-Jitsu No-Gi IBJJF Championship,2008,Adult,Black,Male,Medium Heavy,1,Saulo Ribeiro,Gracie Humaita
World Jiu-Jitsu No-Gi IBJJF Championship,2008,Adult,Black,Male,Heavy,1,Roberto Alencar,Gracie Barra
World Jiu-Jitsu No-Gi IBJJF Championship,2008,Adult,Black,Male,Super Heavy,1,Antonio Braga Neto,Ralph Gracie
World Jiu-Jitsu No-Gi IBJJF Championship,2008,Adult,Black,Male,Ultra Heavy,1,Gabriel Vella,Alliance
World Jiu-Jitsu No-Gi IBJJF Championship,2008,Adult,Black,Male,Open Class,1,AntonioBraga Neto,Ralph Gracie
World Jiu-Jitsu No-Gi IBJJF Championship,2008,Adult,Black,Male,Light Feather,2,Rafael Freitas,Gracie Barra
World Jiu-Jitsu No-Gi IBJJF Championship,2008,Adult,Black,Male,Feather,2,denilson Pimenta,UGF
World Jiu-Jitsu No-Gi IBJJF Championship,2008,Adult,Black,Male,Light,2,Jeff Glover,Alliance
World Jiu-Jitsu No-Gi IBJJF Championship,2008,Adult,Black,Male,Middle,2,Lucas Lepri,Alliance
World Jiu-Jitsu No-Gi IBJJF Championship,2008,Adult,Black,Male,Medium Heavy,2,Gregor Gracie,Gracie Barra
World Jiu-Jitsu No-Gi IBJJF Championship,2008,Adult,Black,Male,Heavy,2,Bruno Bastos,Nova Uniao
World Jiu-Jitsu No-Gi IBJJF Championship,2008,Adult,Black,Male,Super Heavy,2,Roberto Abreu Filho,BJJ Revolution Team
World Jiu-Jitsu No-Gi IBJJF Championship,2008,Adult,Black,Male,Ultra Heavy,2,Rodrigo Cavaca,Check Mat Bjj
World Jiu-Jitsu No-Gi IBJJF Championship,2008,Adult,Black,Male,Open Class,2,Gabriel Vella,Alliance
World Jiu-Jitsu No-Gi IBJJF Championship,2008,Adult,Black,Male,Light Feather,3,Brandon Mullins,Westside JJ
World Jiu-Jitsu No-Gi IBJJF Championship,2008,Adult,Black,Male,Light Feather,3,Simpson Go,Submit One
World Jiu-Jitsu No-Gi IBJJF Championship,2008,Adult,Black,Male,Feather,3,Shane Rice,Rickson
World Jiu-Jitsu No-Gi IBJJF Championship,2008,Adult,Black,Male,Feather,3,Theodoro Canal,UGF
World Jiu-Jitsu No-Gi IBJJF Championship,2008,Adult,Black,Male,Light,3,Claudio Cardoso,Gracie Barra
World Jiu-Jitsu No-Gi IBJJF Championship,2008,Adult,Black,Male,Light,3,Philipe Della Monica,Gracie Barra
World Jiu-Jitsu No-Gi IBJJF Championship,2008,Adult,Black,Male,Middle,3,Carlos Diego Ferreira,Clube Pina
World Jiu-Jitsu No-Gi IBJJF Championship,2008,Adult,Black,Male,Middle,3,Pedro Bessa,Nine Nine
World Jiu-Jitsu No-Gi IBJJF Championship,2008,Adult,Black,Male,Medium Heavy,3,Igor Gracie,Gracie Barra
World Jiu-Jitsu No-Gi IBJJF Championship,2008,Adult,Black,Male,Medium Heavy,3,Marcello Salazar,Brazilian Top Team
World Jiu-Jitsu No-Gi IBJJF Championship,2008,Adult,Black,Male,Heavy,3,Marcus Neuenschwander,Gracie Barra America
World Jiu-Jitsu No-Gi IBJJF Championship,2008,Adult,Black,Male,Heavy,3,Fabio Leopoldo,Gracie Barra
World Jiu-Jitsu No-Gi IBJJF Championship,2008,Adult,Black,Male,Super Heavy,3,Adriano Comolese,Rigan Mchado
World Jiu-Jitsu No-Gi IBJJF Championship,2008,Adult,Black,Male,Super Heavy,3,Cristiano Lazzarini,Gracie Barra
World Jiu-Jitsu No-Gi IBJJF Championship,2008,Adult,Black,Male,Ultra Heavy,3,Bruno Paulista,Gracie Barra
World Jiu-Jitsu No-Gi IBJJF Championship,2008,Adult,Black,Male,Open Class,3,Roberto Abreu,BJJ Revolution Team
World Jiu-Jitsu No-Gi IBJJF Championship,2008,Adult,Black,Male,Open Class,3,Roberto Alencar,Gracie Barra
World Jiu-Jitsu No-Gi IBJJF Championship,2008,Adult,Brown Black,Female,Light Feather,1,Leticia Ribeiro,Gracie Humaita
World Jiu-Jitsu No-Gi IBJJF Championship,2008,Adult,Brown Black,Female,Feather,1,Bianca Barreto,Gracie Barra
World Jiu-Jitsu No-Gi IBJJF Championship,2008,Adult,Brown Black,Female,Light,1,Michelle Nicolini,Brasa
World Jiu-Jitsu No-Gi IBJJF Championship,2008,Adult,Brown Black,Female,Medium Heavy,1,Ana Laura Cordeiro,Gracie Barra
World Jiu-Jitsu No-Gi IBJJF Championship,2008,Adult,Brown Black,Female,Heavy,1,Gabrielle Lemos Garcia,Xtreme Johnny
World Jiu-Jitsu No-Gi IBJJF Championship,2008,Adult,Brown Black,Female,Open Class,1,Ana Laura Cordeiro,Gracie Barra
World Jiu-Jitsu No-Gi IBJJF Championship,2008,Adult,Brown Black,Female,Light Feather,2,Mirian Cardoso,Gracie Barra
World Jiu-Jitsu No-Gi IBJJF Championship,2008,Adult,Brown Black,Female,Feather,2,Felicia Oh,Big John McCarthy
World Jiu-Jitsu No-Gi IBJJF Championship,2008,Adult,Brown Black,Female,Light,2,Gabriela Bermudes,Gracie Humaita
World Jiu-Jitsu No-Gi IBJJF Championship,2008,Adult,Brown Black,Female,Medium Heavy,2,Penny Thomas,Gracie Humaita
World Jiu-Jitsu No-Gi IBJJF Championship,2008,Adult,Brown Black,Female,Heavy,2,Katrina Weilbacher,Alliance
World Jiu-Jitsu No-Gi IBJJF Championship,2008,Adult,Brown Black,Female,Open Class,2,Katrina Weilbacher,Alliance
World Jiu-Jitsu No-Gi IBJJF Championship,2008,Adult,Brown Black,Female,Open Class,3,Gabrielle Lemos Garcia,Xtreme Johnny
World Jiu-Jitsu No-Gi IBJJF Championship,2008,Adult,Brown Black,Female,Open Class,3,Ana Carolina Vidal,Gracie Humaita
World Jiu-Jitsu No-Gi IBJJF Championship,2009,Adult,Black,Male,Rooster,1,pablo teixeira,Brazilian Fight
World Jiu-Jitsu No-Gi IBJJF Championship,2009,Adult,Black,Male,Light Feather,1,caio terra,Cesar Gracie
World Jiu-Jitsu No-Gi IBJJF Championship,2009,Adult,Black,Male,Feather,1,baret yoshida,Undisputed
World Jiu-Jitsu No-Gi IBJJF Championship,2009,Adult,Black,Male,Light,1,lucas lepri,Alliance
World Jiu-Jitsu No-Gi IBJJF Championship,2009,Adult,Black,Male,Middle,1,lucas leite,Check Mat Bjj
World Jiu-Jitsu No-Gi IBJJF Championship,2009,Adult,Black,Male,Medium Heavy,1,romulo barral,Gracie Barra
World Jiu-Jitsu No-Gi IBJJF Championship,2009,Adult,Black,Male,Heavy,1,roberto alencar,Gracie Barra
World Jiu-Jitsu No-Gi IBJJF Championship,2009,Adult,Black,Male,Super Heavy,1,antonio braga neto,Gordo JJ
World Jiu-Jitsu No-Gi IBJJF Championship,2009,Adult,Black,Male,Ultra Heavy,1,josh barnett,csw
World Jiu-Jitsu No-Gi IBJJF Championship,2009,Adult,Black,Male,Open Class,1,roberto alencar,Gracie Barra
World Jiu-Jitsu No-Gi IBJJF Championship,2009,Adult,Black,Male,Light Feather,2,carlos vieira,Check Mat Bjj
World Jiu-Jitsu No-Gi IBJJF Championship,2009,Adult,Black,Male,Feather,2,samir chantre,Cesar Gracie
World Jiu-Jitsu No-Gi IBJJF Championship,2009,Adult,Black,Male,Light,2,jonathan torres,Lloyd Irvin
World Jiu-Jitsu No-Gi IBJJF Championship,2009,Adult,Black,Male,Middle,2,carlos diego ferreira,amazonas bjj
World Jiu-Jitsu No-Gi IBJJF Championship,2009,Adult,Black,Male,Medium Heavy,2,otavio sousa,Gracie Barra
World Jiu-Jitsu No-Gi IBJJF Championship,2009,Adult,Black,Male,Heavy,2,marcel louzado,Check Mat Bjj
World Jiu-Jitsu No-Gi IBJJF Championship,2009,Adult,Black,Male,Super Heavy,2,rafael lovato,Gracie Humaita
World Jiu-Jitsu No-Gi IBJJF Championship,2009,Adult,Black,Male,Ultra Heavy,2,bruno paulista,Ralph Gracie
World Jiu-Jitsu No-Gi IBJJF Championship,2009,Adult,Black,Male,Open Class,2,antonio braga neto,Gordo JJ
World Jiu-Jitsu No-Gi IBJJF Championship,2009,Adult,Black,Male,Light Feather,3,rafael freitas,Gracie Barra
World Jiu-Jitsu No-Gi IBJJF Championship,2009,Adult,Black,Male,Light Feather,3,brandon mullins,Westside MMA
World Jiu-Jitsu No-Gi IBJJF Championship,2009,Adult,Black,Male,Feather,3,daniel roupinol,Arena
World Jiu-Jitsu No-Gi IBJJF Championship,2009,Adult,Black,Male,Feather,3,denny prokopos,10th Planet
World Jiu-Jitsu No-Gi IBJJF Championship,2009,Adult,Black,Male,Light,3,philipe della monica,Gracie Barra
World Jiu-Jitsu No-Gi IBJJF Championship,2009,Adult,Black,Male,Light,3,raphael chaves,the armory
World Jiu-Jitsu No-Gi IBJJF Championship,2009,Adult,Black,Male,Middle,3,daniel moraes,Relson Gracie
World Jiu-Jitsu No-Gi IBJJF Championship,2009,Adult,Black,Male,Middle,3,murilo santana,Barbosa JJ
World Jiu-Jitsu No-Gi IBJJF Championship,2009,Adult,Black,Male,Medium Heavy,3,marcelo azevedo,Gracie Barra
World Jiu-Jitsu No-Gi IBJJF Championship,2009,Adult,Black,Male,Medium Heavy,3,james brasco,Team Popovitch
World Jiu-Jitsu No-Gi IBJJF Championship,2009,Adult,Black,Male,Heavy,3,bruno bastos,Nova Uniao
World Jiu-Jitsu No-Gi IBJJF Championship,2009,Adult,Black,Male,Heavy,3,joao assis,Check Mat Bjj
World Jiu-Jitsu No-Gi IBJJF Championship,2009,Adult,Black,Male,Super Heavy,3,antonio peinado,Alliance
World Jiu-Jitsu No-Gi IBJJF Championship,2009,Adult,Black,Male,Super Heavy,3,marcel fortuna,Ralph Gracie
World Jiu-Jitsu No-Gi IBJJF Championship,2009,Adult,Black,Male,Ultra Heavy,3,tom deblass,Renzo Gracie
World Jiu-Jitsu No-Gi IBJJF Championship,2009,Adult,Black,Male,Ultra Heavy,3,asa fuller,Gracie Humaita
World Jiu-Jitsu No-Gi IBJJF Championship,2009,Adult,Black,Male,Open Class,3,marcelo azevedo,Gracie Barra
World Jiu-Jitsu No-Gi IBJJF Championship,2009,Adult,Black,Male,Open Class,3,bruno bastos,Nova Uniao
World Jiu-Jitsu No-Gi IBJJF Championship,2009,Adult,Brown Black,Female,Light Feather,1,sofia amarante,south florida fight club
World Jiu-Jitsu No-Gi IBJJF Championship,2009,Adult,Brown Black,Female,Light,1,sophia mcdermott,Rickson
World Jiu-Jitsu No-Gi IBJJF Championship,2009,Adult,Brown Black,Female,Middle,1,hillary williams,Westside MMA
World Jiu-Jitsu No-Gi IBJJF Championship,2009,Adult,Brown Black,Female,Medium Heavy,1,valerie worthington,BJJ Revolution Team
World Jiu-Jitsu No-Gi IBJJF Championship,2009,Adult,Brown Black,Female,Heavy,1,gabrielle garcia,Alliance
World Jiu-Jitsu No-Gi IBJJF Championship,2009,Adult,Brown Black,Female,Open Class,1,hillary williams,Westside MMA
World Jiu-Jitsu No-Gi IBJJF Championship,2009,Adult,Brown Black,Female,Light Feather,2,leticia ribeiro,Gracie Humaita
World Jiu-Jitsu No-Gi IBJJF Championship,2009,Adult,Brown Black,Female,Light,2,leticia lalli,Check Mat Bjj
World Jiu-Jitsu No-Gi IBJJF Championship,2009,Adult,Brown Black,Female,Middle,2,sheila bird,bdb martial arts
World Jiu-Jitsu No-Gi IBJJF Championship,2009,Adult,Brown Black,Female,Heavy,2,emily wetzel,BJJ Revolution Team
World Jiu-Jitsu No-Gi IBJJF Championship,2009,Adult,Brown Black,Female,Light Feather,3,claudia martinez - kvenbo,Cquence JJ
World Jiu-Jitsu No-Gi IBJJF Championship,2009,Adult,Brown Black,Female,Heavy,3,katrina weilbacher,Alliance
World Jiu-Jitsu No-Gi IBJJF Championship,2009,Adult,Brown Black,Female,Open Class,3,katrina weilbacher,Alliance
World Jiu-Jitsu No-Gi IBJJF Championship,2009,Adult,Brown Black,Female,Open Class,3,sheila bird,bdb martial arts
World Jiu-Jitsu No-Gi IBJJF Championship,2010,Adult,Black,Male,Rooster,1,Brandon Mullins,Gracie Barra
World Jiu-Jitsu No-Gi IBJJF Championship,2010,Adult,Black,Male,Light Feather,1,Caio Terra,Gracie Fighter
World Jiu-Jitsu No-Gi IBJJF Championship,2010,Adult,Black,Male,Feather,1,Justin S. Rader,Ribeiro JJ
World Jiu-Jitsu No-Gi IBJJF Championship,2010,Adult,Black,Male,Light,1,Lucas Alves Lepri,Alliance
World Jiu-Jitsu No-Gi IBJJF Championship,2010,Adult,Black,Male,Middle,1,Gilbert Alexander Pontes,Atos
World Jiu-Jitsu No-Gi IBJJF Championship,2010,Adult,Black,Male,Medium Heavy,1,Pablo Popovitch,The Avengers
World Jiu-Jitsu No-Gi IBJJF Championship,2010,Adult,Black,Male,Heavy,1,Rafael Lovoto Jr,Ribeiro JJ
World Jiu-Jitsu No-Gi IBJJF Championship,2010,Adult,Black,Male,Super Heavy,1,Joao Assis,Check Mat Bjj
World Jiu-Jitsu No-Gi IBJJF Championship,2010,Adult,Black,Male,Ultra Heavy,1,Roberto de Abreu Filho,The Avengers
World Jiu-Jitsu No-Gi IBJJF Championship,2010,Adult,Black,Male,Open Class,1,Roberto Abreu,The Avengers
World Jiu-Jitsu No-Gi IBJJF Championship,2010,Adult,Black,Male,Rooster,2,Joseph Capizzi,Renzo Gracie
World Jiu-Jitsu No-Gi IBJJF Championship,2010,Adult,Black,Male,Light Feather,2,Samir Jose Chantre Dahas,Gracie Fighter
World Jiu-Jitsu No-Gi IBJJF Championship,2010,Adult,Black,Male,Feather,2,Carols Holanda,Check Mat Bjj
World Jiu-Jitsu No-Gi IBJJF Championship,2010,Adult,Black,Male,Light,2,Augusto Lopes Mendes,Soul Fighters
World Jiu-Jitsu No-Gi IBJJF Championship,2010,Adult,Black,Male,Middle,2,Tiago Gomes Dias Alves,Barbosa JJ
World Jiu-Jitsu No-Gi IBJJF Championship,2010,Adult,Black,Male,Medium Heavy,2,Daniel Moraes,Relson Gracie
World Jiu-Jitsu No-Gi IBJJF Championship,2010,Adult,Black,Male,Heavy,2,Roberto Camargo de,Gracie Barra
World Jiu-Jitsu No-Gi IBJJF Championship,2010,Adult,Black,Male,Super Heavy,2,Marcus Vinicius Oliveira,Check Mat Bjj
World Jiu-Jitsu No-Gi IBJJF Championship,2010,Adult,Black,Male,Ultra Heavy,2,David Hertzog,Hertzog BJJ
World Jiu-Jitsu No-Gi IBJJF Championship,2010,Adult,Black,Male,Open Class,2,Marcus Almeida,Check Mat Bjj
World Jiu-Jitsu No-Gi IBJJF Championship,2010,Adult,Black,Male,Light Feather,3,Leandro Lopes Escobar,Soul Fighters
World Jiu-Jitsu No-Gi IBJJF Championship,2010,Adult,Black,Male,Light Feather,3,Rafael de Freitas,Gracie Barra
World Jiu-Jitsu No-Gi IBJJF Championship,2010,Adult,Black,Male,Feather,3,Baret Yoshida,Undisputed
World Jiu-Jitsu No-Gi IBJJF Championship,2010,Adult,Black,Male,Feather,3,Rodrigo Ranieri de Faria,Check Mat Bjj
World Jiu-Jitsu No-Gi IBJJF Championship,2010,Adult,Black,Male,Light,3,Jonathan Torres,Lloyd Irvin
World Jiu-Jitsu No-Gi IBJJF Championship,2010,Adult,Black,Male,Light,3,Philipe Della Monica,Gracie Barra
World Jiu-Jitsu No-Gi IBJJF Championship,2010,Adult,Black,Male,Middle,3,Victor de Oliveira Estima,Gracie Barra
World Jiu-Jitsu No-Gi IBJJF Championship,2010,Adult,Black,Male,Middle,3,Lucas Joas Gomes Leite,Check Mat Bjj
World Jiu-Jitsu No-Gi IBJJF Championship,2010,Adult,Black,Male,Medium Heavy,3,Kleber de Oliveira Paulino,Gracie Barra
World Jiu-Jitsu No-Gi IBJJF Championship,2010,Adult,Black,Male,Medium Heavy,3,Murilo Santana,Barbosa JJ
World Jiu-Jitsu No-Gi IBJJF Championship,2010,Adult,Black,Male,Heavy,3,Flavio Alves de Almeida,Gracie Barra
World Jiu-Jitsu No-Gi IBJJF Championship,2010,Adult,Black,Male,Heavy,3,Rafael Bettega Costa,Alliance
World Jiu-Jitsu No-Gi IBJJF Championship,2010,Adult,Black,Male,Super Heavy,3,Gustavo dos Santos Pires,Gracie Barra
World Jiu-Jitsu No-Gi IBJJF Championship,2010,Adult,Black,Male,Super Heavy,3,Bruno Bastos Cruz,Nova Uniao
World Jiu-Jitsu No-Gi IBJJF Championship,2010,Adult,Black,Male,Ultra Heavy,3,Joao Ernani Pinho,Aloisio Silva
World Jiu-Jitsu No-Gi IBJJF Championship,2010,Adult,Black,Male,Ultra Heavy,3,Leandro Panzoldo Santos,Ribeiro JJ
World Jiu-Jitsu No-Gi IBJJF Championship,2010,Adult,Black,Male,Open Class,3,Pablo Popevitc,The Avengers
World Jiu-Jitsu No-Gi IBJJF Championship,2010,Adult,Black,Male,Open Class,3,Lucas Leite,Check Mat Bjj
World Jiu-Jitsu No-Gi IBJJF Championship,2010,Adult,Brown Black,Female,Light Feather,1,Leticia Ribeiro,Gracie Rio de Janeiro
World Jiu-Jitsu No-Gi IBJJF Championship,2010,Adult,Brown Black,Female,Light,1,Beatriz de Oliveira Mesquita,Gracie Rio de Janeiro
World Jiu-Jitsu No-Gi IBJJF Championship,2010,Adult,Brown Black,Female,Middle,1,Emily Kwok,Alliance
World Jiu-Jitsu No-Gi IBJJF Championship,2010,Adult,Brown Black,Female,Medium Heavy,1,Luiza Monteiro da Costa,Check Mat Bjj
World Jiu-Jitsu No-Gi IBJJF Championship,2010,Adult,Brown Black,Female,Heavy,1,Katrina Ann Weilbacher,Paragon
World Jiu-Jitsu No-Gi IBJJF Championship,2010,Adult,Brown Black,Female,Open Class,1,Michelle Zonato Nicolini,Check Mat Bjj
World Jiu-Jitsu No-Gi IBJJF Championship,2010,Adult,Brown Black,Female,Light Feather,2,Sofia Amarante,The Avengers
World Jiu-Jitsu No-Gi IBJJF Championship,2010,Adult,Brown Black,Female,Light,2,Michelle Zonato Nicolini,Check Mat Bjj
World Jiu-Jitsu No-Gi IBJJF Championship,2010,Adult,Brown Black,Female,Middle,2,Ana Michelle Tavares,Gracie Rio de Janeiro
World Jiu-Jitsu No-Gi IBJJF Championship,2010,Adult,Brown Black,Female,Medium Heavy,2,Penny Thomas,Gracie Rio de Janeiro
World Jiu-Jitsu No-Gi IBJJF Championship,2010,Adult,Brown Black,Female,Open Class,2,Beatriz de Oliveira Mesquita,Gracie Rio de Janeiro
World Jiu-Jitsu No-Gi IBJJF Championship,2010,Adult,Brown Black,Female,Light Feather,3,Marcela S.de Oliveira,Alliance
World Jiu-Jitsu No-Gi IBJJF Championship,2010,Adult,Brown Black,Female,Light,3,Ana Claudia Dantas,Nova Uniao
World Jiu-Jitsu No-Gi IBJJF Championship,2010,Adult,Brown Black,Female,Light,3,Fabiana Alves Borges,Gracie Barra
World Jiu-Jitsu No-Gi IBJJF Championship,2010,Adult,Brown Black,Female,Medium Heavy,3,Carolyn Sthephenson,Renzo Gracie
World Jiu-Jitsu No-Gi IBJJF Championship,2010,Adult,Brown Black,Female,Medium Heavy,3,Fernanda Mazzelli,Striker JJ/ Goes
World Jiu-Jitsu No-Gi IBJJF Championship,2010,Adult,Brown Black,Female,Open Class,3,Penny Thomas,Gracie Rio de Janeiro
World Jiu-Jitsu No-Gi IBJJF Championship,2010,Adult,Brown Black,Female,Open Class,3,Fabiana Alvez Borges,Gracie Barra
World Jiu-Jitsu No-Gi IBJJF Championship,2011,Adult,Black,Male,Rooster,1,Brandon Mullins,Gracie Barra
World Jiu-Jitsu No-Gi IBJJF Championship,2011,Adult,Black,Male,Light Feather,1,Caio Terra,Gracie Fighter
World Jiu-Jitsu No-Gi IBJJF Championship,2011,Adult,Black,Male,Feather,1,Rubens Charles Maciel,Alliance
World Jiu-Jitsu No-Gi IBJJF Championship,2011,Adult,Black,Male,Light,1,Lucas Alves Lepri,Alliance
World Jiu-Jitsu No-Gi IBJJF Championship,2011,Adult,Black,Male,Middle,1,Victor de Oliveira Estima,Gracie Barra
World Jiu-Jitsu No-Gi IBJJF Championship,2011,Adult,Black,Male,Medium Heavy,1,Raphael Lovato Jr,Ribeiro JJ
World Jiu-Jitsu No-Gi IBJJF Championship,2011,Adult,Black,Male,Heavy,1,Lucas Leite,Check Mat Bjj
World Jiu-Jitsu No-Gi IBJJF Championship,2011,Adult,Black,Male,Super Heavy,1,Marcus Vinicius O de Almeida,Check Mat Bjj
World Jiu-Jitsu No-Gi IBJJF Championship,2011,Adult,Black,Male,Ultra Heavy,1,Roberto de Abreu Filho,The Avengers
World Jiu-Jitsu No-Gi IBJJF Championship,2011,Adult,Black,Male,Open Class,1,Marcus Almeida,Check Mat Bjj
World Jiu-Jitsu No-Gi IBJJF Championship,2011,Adult,Black,Male,Rooster,2,Joseph Capizzi,Renzo Gracie
World Jiu-Jitsu No-Gi IBJJF Championship,2011,Adult,Black,Male,Light Feather,2,Laercio Lima,Lotus Club
World Jiu-Jitsu No-Gi IBJJF Championship,2011,Adult,Black,Male,Feather,2,Justin S Rader,Ribeiro JJ
World Jiu-Jitsu No-Gi IBJJF Championship,2011,Adult,Black,Male,Light,2,Augusto Mendes,Soul Fighters
World Jiu-Jitsu No-Gi IBJJF Championship,2011,Adult,Black,Male,Middle,2,Thiago Arango de Abreu,Check Mat Bjj
World Jiu-Jitsu No-Gi IBJJF Championship,2011,Adult,Black,Male,Medium Heavy,2,Pablo Popovitch,The Avengers
World Jiu-Jitsu No-Gi IBJJF Championship,2011,Adult,Black,Male,Heavy,2,Roberto Camargo de Alencar,Gracie Barra
World Jiu-Jitsu No-Gi IBJJF Championship,2011,Adult,Black,Male,Super Heavy,2,Antonio Peinado,Alliance
World Jiu-Jitsu No-Gi IBJJF Championship,2011,Adult,Black,Male,Ultra Heavy,2,Ricardo Feliciano Pereira,Check Mat Bjj
World Jiu-Jitsu No-Gi IBJJF Championship,2011,Adult,Black,Male,Open Class,2,Joao Assis,Check Mat Bjj
World Jiu-Jitsu No-Gi IBJJF Championship,2011,Adult,Black,Male,Light Feather,3,Fabio Passos,Alliance
World Jiu-Jitsu No-Gi IBJJF Championship,2011,Adult,Black,Male,Light Feather,3,Henrique Rezende Costa e,Alliance
World Jiu-Jitsu No-Gi IBJJF Championship,2011,Adult,Black,Male,Feather,3,Renan Borges,Brazilian Top Team
World Jiu-Jitsu No-Gi IBJJF Championship,2011,Adult,Black,Male,Feather,3,Samir Jose Chantre Dahas,Gracie Fighter
World Jiu-Jitsu No-Gi IBJJF Championship,2011,Adult,Black,Male,Light,3,Philipe Cancado Della Monica,Gracie Barra
World Jiu-Jitsu No-Gi IBJJF Championship,2011,Adult,Black,Male,Light,3,Marcel Goncalves,The Avengers
World Jiu-Jitsu No-Gi IBJJF Championship,2011,Adult,Black,Male,Middle,3,Marcelo Mafra,Check Mat Bjj
World Jiu-Jitsu No-Gi IBJJF Championship,2011,Adult,Black,Male,Middle,3,Davi Ramos Pinheiro da Silva,Atos
World Jiu-Jitsu No-Gi IBJJF Championship,2011,Adult,Black,Male,Medium Heavy,3,Marco Antonio Giudice Machado,Check Mat Bjj
World Jiu-Jitsu No-Gi IBJJF Championship,2011,Adult,Black,Male,Medium Heavy,3,Otavio Ferreira de Sousa,Gracie Barra
World Jiu-Jitsu No-Gi IBJJF Championship,2011,Adult,Black,Male,Heavy,3,Kevin Casey,Rickson
World Jiu-Jitsu No-Gi IBJJF Championship,2011,Adult,Black,Male,Heavy,3,Diego Gamonal Nogueira,Brazilian Top Team
World Jiu-Jitsu No-Gi IBJJF Championship,2011,Adult,Black,Male,Super Heavy,3,Albert Silva Vilanova,Gracie Morumbi
World Jiu-Jitsu No-Gi IBJJF Championship,2011,Adult,Black,Male,Ultra Heavy,3,Luiz Pedro Ribeiro,Team Quest
World Jiu-Jitsu No-Gi IBJJF Championship,2011,Adult,Black,Male,Ultra Heavy,3,Gustavo Pires,Gracie Barra
World Jiu-Jitsu No-Gi IBJJF Championship,2011,Adult,Black,Male,Open Class,3,Antonio Peinado,Alliance
World Jiu-Jitsu No-Gi IBJJF Championship,2011,Adult,Black,Male,Open Class,3,James Harrison,Lloyd Irvin
World Jiu-Jitsu No-Gi IBJJF Championship,2011,Adult,Brown Black,Female,Feather,1,Michele Zonato Nicolini,Check Mat Bjj
World Jiu-Jitsu No-Gi IBJJF Championship,2011,Adult,Brown Black,Female,Light,1,Beatriz de Oliveira Mesquita,Gracie Humaita
World Jiu-Jitsu No-Gi IBJJF Championship,2011,Adult,Brown Black,Female,Middle,1,Rachel Leigh Demara,Lloyd Irvin
World Jiu-Jitsu No-Gi IBJJF Championship,2011,Adult,Brown Black,Female,Medium Heavy,1,Fernanda Mazzeli Almeida Maio,Striker JJ/ Goes
World Jiu-Jitsu No-Gi IBJJF Championship,2011,Adult,Brown Black,Female,Heavy,1,Emily Wetzel,BJJ Revolution Team
World Jiu-Jitsu No-Gi IBJJF Championship,2011,Adult,Brown Black,Female,Open Class,1,Michele Zonato Nicolini,Check Mat Bjj
World Jiu-Jitsu No-Gi IBJJF Championship,2011,Adult,Brown Black,Female,Feather,2,Nyjah Easton,Lloyd Irvin
World Jiu-Jitsu No-Gi IBJJF Championship,2011,Adult,Brown Black,Female,Light,2,Tracey Goodell,Lloyd Irvin
World Jiu-Jitsu No-Gi IBJJF Championship,2011,Adult,Brown Black,Female,Middle,2,Emily R Kwok,Alliance
World Jiu-Jitsu No-Gi IBJJF Championship,2011,Adult,Brown Black,Female,Heavy,2,Katrina Ann Weilbacher,Paragon
World Jiu-Jitsu No-Gi IBJJF Championship,2011,Adult,Brown Black,Female,Open Class,2,Beatriz de Oliveira Mesquita,Gracie Humaita
World Jiu-Jitsu No-Gi IBJJF Championship,2011,Adult,Brown Black,Female,Light,3,Ana Maria Gomes Soares,Team Nogueira
World Jiu-Jitsu No-Gi IBJJF Championship,2011,Adult,Brown Black,Female,Middle,3,Nicole Lee Leite,Check Mat Bjj
World Jiu-Jitsu No-Gi IBJJF Championship,2011,Adult,Brown Black,Female,Heavy,3,Carolyn Stephenson,Renzo Gracie
World Jiu-Jitsu No-Gi IBJJF Championship,2011,Adult,Brown Black,Female,Open Class,3,Emily Wetzel,BJJ Revolution Team
World Jiu-Jitsu No-Gi IBJJF Championship,2011,Adult,Brown Black,Female,Open Class,3,Rachel Leigh Demara,Lloyd Irvin
World Jiu-Jitsu No Gi Championship ,2012,Adult,Black,Male,Rooster,1,Caio Terra,Gracie Elite Team
World Jiu-Jitsu No Gi Championship ,2012,Adult,Black,Male,Light-Feather,1,Henrique Rezende Costa e Silva,Alliance
World Jiu-Jitsu No Gi Championship ,2012,Adult,Black,Male,Feather,1,Rubens Charles Maciel,Alliance
World Jiu-Jitsu No Gi Championship ,2012,Adult,Black,Male,Light,1,Augusto Lopes Mendes,Soul Fighters International
World Jiu-Jitsu No Gi Championship ,2012,Adult,Black,Male,Middle,1,Dealonzio Jerome Jackson,Team Lloyd Irvin
World Jiu-Jitsu No Gi Championship ,2012,Adult,Black,Male,Medium-Heavy,1,Pablo Popovitch,The Avengers
World Jiu-Jitsu No Gi Championship ,2012,Adult,Black,Male,Heavy,1,Roberto Camargo de Alencar,Gracie Barra
World Jiu-Jitsu No Gi Championship ,2012,Adult,Black,Male,Super-Heavy,1,Alexandre Couceiro Ribeiro,Ribeiro Jiu-Jitsu
World Jiu-Jitsu No Gi Championship ,2012,Adult,Black,Male,Ultra-Heavy,1,Roberto de Abreu Filho,The Avengers
World Jiu-Jitsu No Gi Championship ,2012,Adult,Black,Male,Open Class,1,Alexandre Couceiro Ribeiro,Ribeiro Jiu-Jitsu
World Jiu-Jitsu No Gi Championship ,2012,Adult,Black,Male,Rooster,2,Fabbio Passos de Alencar,Alliance
World Jiu-Jitsu No Gi Championship ,2012,Adult,Black,Male,Light-Feather,2,Rafael Freitas,Gracie Barra
World Jiu-Jitsu No Gi Championship ,2012,Adult,Black,Male,Feather,2,Justin S. Rader,Ribeiro Jiu-Jitsu
World Jiu-Jitsu No Gi Championship ,2012,Adult,Black,Male,Light,2,Jonathan Torres,Team Lloyd Irvin
World Jiu-Jitsu No Gi Championship ,2012,Adult,Black,Male,Middle,2,Clark Rouson Gracie,Carley Gracie Jiu-jitsu Academy
World Jiu-Jitsu No Gi Championship ,2012,Adult,Black,Male,Medium-Heavy,2,Rômulo Claudio Barral,Gracie Barra
World Jiu-Jitsu No Gi Championship ,2012,Adult,Black,Male,Heavy,2,Rafael Lovato Jr.,Ribeiro Jiu-Jitsu
World Jiu-Jitsu No Gi Championship ,2012,Adult,Black,Male,Super-Heavy,2,João Francisco de Moraes Assis,CheckMat
World Jiu-Jitsu No Gi Championship ,2012,Adult,Black,Male,Ultra-Heavy,2,Gustavo Dias Elias,Gracie Humaita
World Jiu-Jitsu No Gi Championship ,2012,Adult,Black,Male,Open Class,2,Leandro Lo Pereira do Nascimento,PSLPB Cicero Costha
World Jiu-Jitsu No Gi Championship ,2012,Adult,Black,Male,Rooster,3,Levy Oliveira Saraiva da Silva,Gracie Barra Vila Maia Guarujá
World Jiu-Jitsu No Gi Championship ,2012,Adult,Black,Male,Rooster,3,Raul Gomes Marcello,Gracie Humaita
World Jiu-Jitsu No Gi Championship ,2012,Adult,Black,Male,Light-Feather,3,Gabriel Afonso dos Santos Moraes,CheckMat
World Jiu-Jitsu No Gi Championship ,2012,Adult,Black,Male,Light-Feather,3,Laercio Fernandes,Lotus Club Jiu-Jitsu
World Jiu-Jitsu No Gi Championship ,2012,Adult,Black,Male,Feather,3,Mayko de Araujo Girotto Borges,CheckMat
World Jiu-Jitsu No Gi Championship ,2012,Adult,Black,Male,Feather,3,Samir José Chantre Dahás,Gracie Elite Team
World Jiu-Jitsu No Gi Championship ,2012,Adult,Black,Male,Light,3,Dustin Baradaran Akbari,Cassio Werneck BJJ
World Jiu-Jitsu No Gi Championship ,2012,Adult,Black,Male,Light,3,Leandro Lo Pereira do Nascimento,PSLPB Cicero Costha
World Jiu-Jitsu No Gi Championship ,2012,Adult,Black,Male,Middle,3,Marcus V. C. Antelante,Soul Fighters BJJ
World Jiu-Jitsu No Gi Championship ,2012,Adult,Black,Male,Middle,3,Vitor Henrique Silva Oliveira,GF Team
World Jiu-Jitsu No Gi Championship ,2012,Adult,Black,Male,Medium-Heavy,3,Ezra Zendt Lenon,American Top Team
World Jiu-Jitsu No Gi Championship ,2012,Adult,Black,Male,Medium-Heavy,3,Filipe Meirelles Bobrick,Alliance
World Jiu-Jitsu No Gi Championship ,2012,Adult,Black,Male,Heavy,3,Diego da Silveira Herzog,Gracie Elite Team
World Jiu-Jitsu No Gi Championship ,2012,Adult,Black,Male,Heavy,3,Nivaldo de Oliveira Lima,CheckMat
World Jiu-Jitsu No Gi Championship ,2012,Adult,Black,Male,Super-Heavy,3,Bernardo Augusto Rocha de Faria,Alliance
World Jiu-Jitsu No Gi Championship ,2012,Adult,Black,Male,Super-Heavy,3,Paulo Tarcisio Pessoa Jardim,CheckMat
World Jiu-Jitsu No Gi Championship ,2012,Adult,Black,Male,Ultra-Heavy,3,Leonardo Henrique D'avila Corrêa,Atos Jiu-Jitsu
World Jiu-Jitsu No Gi Championship ,2012,Adult,Black,Male,Ultra-Heavy,3,Luiz Pedro Ribeiro,Team Quest MMA
World Jiu-Jitsu No Gi Championship ,2012,Adult,Black,Male,Open Class,3,Antonio Carlos Alexandre Peinado,Alliance
World Jiu-Jitsu No Gi Championship ,2012,Adult,Black,Male,Open Class,3,Bernardo Augusto Rocha de Faria,Alliance
World Jiu-Jitsu No Gi Championship ,2012,Adult,Black,Female,Light-Feather,1,Sofia Rosa Amarante,The Avengers
World Jiu-Jitsu No Gi Championship ,2012,Adult,Black,Female,Feather,1,Ana Carolina Merlo Vidal Lebre,Gracie Humaita
World Jiu-Jitsu No Gi Championship ,2012,Adult,Black,Female,Light,1,Beatriz de Oliveira Mesquita,Gracie Humaita
World Jiu-Jitsu No Gi Championship ,2012,Adult,Black,Female,Middle,1,Luiza Monteiro Moura da Costa,PSLPB Cicero Costha
World Jiu-Jitsu No Gi Championship ,2012,Adult,Black,Female,Heavy,1,Fernanda Mazzelli Almeida Maio,Striker JJ
World Jiu-Jitsu No Gi Championship ,2012,Adult,Black,Female,Open Class,1,Tammy M Griego,Gracie Barra
World Jiu-Jitsu No Gi Championship ,2012,Adult,Black,Female,Light-Feather,2,Oceane Marie Kathleen Talvard,Attica
World Jiu-Jitsu No Gi Championship ,2012,Adult,Black,Female,Feather,2,Sayaka Shioda,AACC
World Jiu-Jitsu No Gi Championship ,2012,Adult,Black,Female,Light,2,Thaysa H. Ramos da Silva,The Avengers
World Jiu-Jitsu No Gi Championship ,2012,Adult,Black,Female,Middle,2,Penny Thomas,Gracie Humaita
World Jiu-Jitsu No Gi Championship ,2012,Adult,Black,Female,Heavy,2,Tammy M Griego,Gracie Barra
World Jiu-Jitsu No Gi Championship ,2012,Adult,Black,Female,Open Class,2,Beatriz de Oliveira Mesquita,Gracie Humaita
World Jiu-Jitsu No Gi Championship ,2012,Adult,Black,Female,Light-Feather,3,Nyjah Michea Easton,Team Lloyd Irvin
World Jiu-Jitsu No Gi Championship ,2012,Adult,Black,Female,Feather,3,Jennifer A Petrina,Alliance
World Jiu-Jitsu No Gi Championship ,2012,Adult,Black,Female,Light,3,Cynthia Dyann Hales,Marcelo Alonso Brazilian Jiu-Jitsu
World Jiu-Jitsu No Gi Championship ,2012,Adult,Black,Female,Open Class,3,Luiza Monteiro Moura da Costa,PSLPB Cicero Costha
World Jiu-Jitsu No Gi Championship ,2012,Adult,Black,Female,Open Class,3,Michelle Zonato Nicolini,CheckMat
World IBJJF Jiu-Jitsu No-Gi Championship ,2013,Adult,Black,Male,Rooster,1,Caio Terra,Brasa Caio Terra
World IBJJF Jiu-Jitsu No-Gi Championship ,2013,Adult,Black,Male,Light-Feather,1,Laercio Fernandes,Alliance
World IBJJF Jiu-Jitsu No-Gi Championship ,2013,Adult,Black,Male,Feather,1,Justin S. Rader,Ribeiro Jiu-Jitsu
World IBJJF Jiu-Jitsu No-Gi Championship ,2013,Adult,Black,Male,Light,1,Jonathan Torres,Atos Jiu-Jitsu
World IBJJF Jiu-Jitsu No-Gi Championship ,2013,Adult,Black,Male,Middle,1,Gilbert Alexander Pontes Burns,Gilbert Durinho Association
World IBJJF Jiu-Jitsu No-Gi Championship ,2013,Adult,Black,Male,Medium-Heavy,1,Eduardo Telles Moreira,Brasa Caio Terra
World IBJJF Jiu-Jitsu No-Gi Championship ,2013,Adult,Black,Male,Heavy,1,Jackson Sousa dos Santos,CheckMat
World IBJJF Jiu-Jitsu No-Gi Championship ,2013,Adult,Black,Male,Super-Heavy,1,James Richard Puopolo,Ribeiro Jiu-Jitsu
World IBJJF Jiu-Jitsu No-Gi Championship ,2013,Adult,Black,Male,Ultra-Heavy,1,Rafael Lovato Jr.,Ribeiro Jiu-Jitsu
World IBJJF Jiu-Jitsu No-Gi Championship ,2013,Adult,Black,Male,Open Class,1,Murilo Silva Ferreira de Santana,Barbosa JJ e MMA
World IBJJF Jiu-Jitsu No-Gi Championship ,2013,Adult,Black,Male,Rooster,2,Fabbio Passos de Alencar,Alliance
World IBJJF Jiu-Jitsu No-Gi Championship ,2013,Adult,Black,Male,Light-Feather,2,Rafael Freitas,Gracie Barra
World IBJJF Jiu-Jitsu No-Gi Championship ,2013,Adult,Black,Male,Feather,2,Osvaldo Augusto Honorio Moizinho,Brasa Caio Terra
World IBJJF Jiu-Jitsu No-Gi Championship ,2013,Adult,Black,Male,Light,2,Marcelo França Mafra,CheckMat
World IBJJF Jiu-Jitsu No-Gi Championship ,2013,Adult,Black,Male,Middle,2,Vitor Henrique Silva Oliveira,GF Team
World IBJJF Jiu-Jitsu No-Gi Championship ,2013,Adult,Black,Male,Medium-Heavy,2,Felipe Carsalade Araujo Pena,Gracie Barra
World IBJJF Jiu-Jitsu No-Gi Championship ,2013,Adult,Black,Male,Heavy,2,Lucas Joas Gomes Leite,CheckMat
World IBJJF Jiu-Jitsu No-Gi Championship ,2013,Adult,Black,Male,Super-Heavy,2,Eliot Andrew Kelly,Coalition 95
World IBJJF Jiu-Jitsu No-Gi Championship ,2013,Adult,Black,Male,Ultra-Heavy,2,Fabiano Andre Scherner,Team Quest MMA
World IBJJF Jiu-Jitsu No-Gi Championship ,2013,Adult,Black,Male,Open Class,2,Leandro Lo Pereira do Nascimento,PSLPB Cicero Costha
World IBJJF Jiu-Jitsu No-Gi Championship ,2013,Adult,Black,Male,Rooster,3,Washington Luis do M. Lima,GF Team
World IBJJF Jiu-Jitsu No-Gi Championship ,2013,Adult,Black,Male,Light-Feather,3,Geoffrey Villarreal,Fabio Santos BJJ
World IBJJF Jiu-Jitsu No-Gi Championship ,2013,Adult,Black,Male,Light-Feather,3,João Pedro Oliveira Rodrigues,CheckMat
World IBJJF Jiu-Jitsu No-Gi Championship ,2013,Adult,Black,Male,Feather,3,Carlos Vieira Holanda,CheckMat
World IBJJF Jiu-Jitsu No-Gi Championship ,2013,Adult,Black,Male,Feather,3,Samir José Chantre Dahás,Brasa Caio Terra
World IBJJF Jiu-Jitsu No-Gi Championship ,2013,Adult,Black,Male,Light,3,AJ Agazarm,Gracie Barra
World IBJJF Jiu-Jitsu No-Gi Championship ,2013,Adult,Black,Male,Light,3,Rodrigo Lamounier de Freitas,Gracie Barra
World IBJJF Jiu-Jitsu No-Gi Championship ,2013,Adult,Black,Male,Middle,3,Dealonzio Jerome Jackson,Team Lloyd Irvin
World IBJJF Jiu-Jitsu No-Gi Championship ,2013,Adult,Black,Male,Middle,3,Leandro Lo Pereira do Nascimento,PSLPB Cicero Costha
World IBJJF Jiu-Jitsu No-Gi Championship ,2013,Adult,Black,Male,Medium-Heavy,3,Carl Don Ortega Jr.,Gracie Barra JJ
World IBJJF Jiu-Jitsu No-Gi Championship ,2013,Adult,Black,Male,Medium-Heavy,3,Matthew Kevin Jubera,Ribeiro Jiu-Jitsu
World IBJJF Jiu-Jitsu No-Gi Championship ,2013,Adult,Black,Male,Heavy,3,Luiz Fernando de Azevedo Panza,Barbosa JJ 2
World IBJJF Jiu-Jitsu No-Gi Championship ,2013,Adult,Black,Male,Heavy,3,Neiman Gracie Stambowsky,Renzo Gracie
World IBJJF Jiu-Jitsu No-Gi Championship ,2013,Adult,Black,Male,Super-Heavy,3,Diego Gamonal Nogueira,Brazilian Top Team
World IBJJF Jiu-Jitsu No-Gi Championship ,2013,Adult,Black,Male,Super-Heavy,3,Thomas D. DeBlass,Ricardo Almeida
World IBJJF Jiu-Jitsu No-Gi Championship ,2013,Adult,Black,Male,Ultra-Heavy,3,Bruno Bastos Cruz,Nova União
World IBJJF Jiu-Jitsu No-Gi Championship ,2013,Adult,Black,Male,Ultra-Heavy,3,Ricardo de Souza de Rezende,Fight Sports
World IBJJF Jiu-Jitsu No-Gi Championship ,2013,Adult,Black,Male,Open Class,3,James Richard Puopolo,Ribeiro Jiu-Jitsu
World IBJJF Jiu-Jitsu No-Gi Championship ,2013,Adult,Black,Male,Open Class,3,Lucas Joas Gomes Leite,CheckMat
World IBJJF Jiu-Jitsu No-Gi Championship ,2013,Adult,Black,Female,Feather,1,Tammi Alana Musumeci,American Top Team
World IBJJF Jiu-Jitsu No-Gi Championship ,2013,Adult,Black,Female,Light,1,Ana Carolina Merlo Vidal Lebre,Gracie Humaita
World IBJJF Jiu-Jitsu No-Gi Championship ,2013,Adult,Black,Female,Medium-Heavy,1,Luiza Monteiro Moura da Costa,PSLPB Cicero Costha
World IBJJF Jiu-Jitsu No-Gi Championship ,2013,Adult,Black,Female,Heavy,1,Talita Andrea Nogueira,Ryan Gracie Team
World IBJJF Jiu-Jitsu No-Gi Championship ,2013,Adult,Black,Female,Open Class,1,Talita Andrea Nogueira,Ryan Gracie Team
World IBJJF Jiu-Jitsu No-Gi Championship ,2013,Adult,Black,Female,Feather,2,Tatiana Cristina Jardim Mayer Nascimento,Lotus Club Jiu-Jitsu
World IBJJF Jiu-Jitsu No-Gi Championship ,2013,Adult,Black,Female,Light,2,Thaysa H. Ramos da Silva,Team Popovitch
World IBJJF Jiu-Jitsu No-Gi Championship ,2013,Adult,Black,Female,Medium-Heavy,2,Rachel Leigh Demara,Big Brothers
World IBJJF Jiu-Jitsu No-Gi Championship ,2013,Adult,Black,Female,Heavy,2,Andresa Correa,Alliance
World IBJJF Jiu-Jitsu No-Gi Championship ,2013,Adult,Black,Female,Open Class,2,Ana Carolina Merlo Vidal Lebre,Gracie Humaita
World IBJJF Jiu-Jitsu No-Gi Championship ,2013,Adult,Black,Female,Feather,3,Nyjah Michea Easton,Team Lloyd Irvin
World IBJJF Jiu-Jitsu No-Gi Championship ,2013,Adult,Black,Female,Light,3,Bibiana Dios Tan Pacini S. Silva,American Top Team
World IBJJF Jiu-Jitsu No-Gi Championship ,2013,Adult,Black,Female,Light,3,Sophia J Drysdale,Zenith BJJ
World IBJJF Jiu-Jitsu No-Gi Championship ,2013,Adult,Black,Female,Medium-Heavy,3,Shanti A. D. Abelha,CheckMat
World IBJJF Jiu-Jitsu No-Gi Championship ,2013,Adult,Black,Female,Open Class,3,Luiza Monteiro Moura da Costa,PSLPB Cicero Costha
World IBJJF Jiu-Jitsu No-Gi Championship ,2013,Adult,Black,Female,Open Class,3,Rachel Leigh Demara,Big Brothers
World IBJJF Jiu-Jitsu No-Gi Championship ,2014,Adult,Black,Male,Rooster,1,Caio Terra,Brasa CTA
World IBJJF Jiu-Jitsu No-Gi Championship ,2014,Adult,Black,Male,Light-Feather,1,João Ricardo Bordignon Miyao,PSLPB Cicero Costha
World IBJJF Jiu-Jitsu No-Gi Championship ,2014,Adult,Black,Male,Feather,1,Samir José Chantre Dahás,Brasa CTA
World IBJJF Jiu-Jitsu No-Gi Championship ,2014,Adult,Black,Male,Light,1,AJ Agazarm,Gracie Barra
World IBJJF Jiu-Jitsu No-Gi Championship ,2014,Adult,Black,Male,Middle,1,Marcelo França Mafra,CheckMat
World IBJJF Jiu-Jitsu No-Gi Championship ,2014,Adult,Black,Male,Medium-Heavy,1,Keenan Kai-James Cornelius,Atos Jiu-Jitsu
World IBJJF Jiu-Jitsu No-Gi Championship ,2014,Adult,Black,Male,Heavy,1,Lucas Joas Gomes Leite,CheckMat
World IBJJF Jiu-Jitsu No-Gi Championship ,2014,Adult,Black,Male,Super-Heavy,1,João Francisco de Moraes Assis,CheckMat
World IBJJF Jiu-Jitsu No-Gi Championship ,2014,Adult,Black,Male,Ultra-Heavy,1,Yuri Costa Simões M. da Silva,Brasa CTA
World IBJJF Jiu-Jitsu No-Gi Championship ,2014,Adult,Black,Male,Open Class,1,Yuri Costa Simões M. da Silva,Brasa CTA
World IBJJF Jiu-Jitsu No-Gi Championship ,2014,Adult,Black,Male,Rooster,2,David B. Zennario,Vicente Junior BJJ
World IBJJF Jiu-Jitsu No-Gi Championship ,2014,Adult,Black,Male,Light-Feather,2,Thomas Lincoln Correa Lisboa,Alliance
World IBJJF Jiu-Jitsu No-Gi Championship ,2014,Adult,Black,Male,Feather,2,Osvaldo Augusto Honorio Moizinho,Brasa CTA
World IBJJF Jiu-Jitsu No-Gi Championship ,2014,Adult,Black,Male,Light,2,Rodrigo Lamounier de Freitas,Gracie Barra
World IBJJF Jiu-Jitsu No-Gi Championship ,2014,Adult,Black,Male,Middle,2,Thiago Aragão de Abreu,CheckMat
World IBJJF Jiu-Jitsu No-Gi Championship ,2014,Adult,Black,Male,Medium-Heavy,2,Arnaldo Maidana de Oliveira,CheckMat
World IBJJF Jiu-Jitsu No-Gi Championship ,2014,Adult,Black,Male,Heavy,2,Jackson Sousa dos Santos,CheckMat
World IBJJF Jiu-Jitsu No-Gi Championship ,2014,Adult,Black,Male,Super-Heavy,2,Luiz Fernando de Azevedo Panza,CheckMat
World IBJJF Jiu-Jitsu No-Gi Championship ,2014,Adult,Black,Male,Ultra-Heavy,2,Gabriel Lyrio Lucas,CheckMat
World IBJJF Jiu-Jitsu No-Gi Championship ,2014,Adult,Black,Male,Open Class,2,Keenan Kai-James Cornelius,Atos Jiu-Jitsu
World IBJJF Jiu-Jitsu No-Gi Championship ,2014,Adult,Black,Male,Light-Feather,3,Fabbio Passos de Alencar,Alliance
World IBJJF Jiu-Jitsu No-Gi Championship ,2014,Adult,Black,Male,Light-Feather,3,João Pedro Oliveira Rodrigues,CheckMat
World IBJJF Jiu-Jitsu No-Gi Championship ,2014,Adult,Black,Male,Feather,3,Carlos Vieira Holanda,CheckMat
World IBJJF Jiu-Jitsu No-Gi Championship ,2014,Adult,Black,Male,Feather,3,Gianni Paul Grippo,Alliance
World IBJJF Jiu-Jitsu No-Gi Championship ,2014,Adult,Black,Male,Light,3,Jayson Alexis Patino,American Top Team
World IBJJF Jiu-Jitsu No-Gi Championship ,2014,Adult,Black,Male,Light,3,Rafael Domingos Benedito,Zenith BJJ
World IBJJF Jiu-Jitsu No-Gi Championship ,2014,Adult,Black,Male,Middle,3,Ben Henderson,Soul Fighters BJJ Arizona
World IBJJF Jiu-Jitsu No-Gi Championship ,2014,Adult,Black,Male,Middle,3,Enrico Daniel Cocco,Fight Sports
World IBJJF Jiu-Jitsu No-Gi Championship ,2014,Adult,Black,Male,Medium-Heavy,3,Claudio de Mattos Cardoso,Gracie Barra
World IBJJF Jiu-Jitsu No-Gi Championship ,2014,Adult,Black,Male,Medium-Heavy,3,Murilo Silva Ferreira de Santana,BARBOSA JIU-JITSU USA
World IBJJF Jiu-Jitsu No-Gi Championship ,2014,Adult,Black,Male,Heavy,3,Mauro Celso Santiago,Gracie Barra
World IBJJF Jiu-Jitsu No-Gi Championship ,2014,Adult,Black,Male,Heavy,3,Timothy-Michael Spriggs,Team Lloyd Irvin
World IBJJF Jiu-Jitsu No-Gi Championship ,2014,Adult,Black,Male,Super-Heavy,3,James Richard Puopolo,Ribeiro Jiu-Jitsu
World IBJJF Jiu-Jitsu No-Gi Championship ,2014,Adult,Black,Male,Super-Heavy,3,Roger Luiz Pereira Ambrosi,Ryan Gracie Team
World IBJJF Jiu-Jitsu No-Gi Championship ,2014,Adult,Black,Male,Ultra-Heavy,3,Abraham J. Marte Messina,Yamasaki Academy International
World IBJJF Jiu-Jitsu No-Gi Championship ,2014,Adult,Black,Male,Ultra-Heavy,3,Rodrigo Leite de Medeiros,Brasa CTA
World IBJJF Jiu-Jitsu No-Gi Championship ,2014,Adult,Black,Male,Open Class,3,Bernardo Augusto Rocha de Faria,Alliance
World IBJJF Jiu-Jitsu No-Gi Championship ,2014,Adult,Black,Male,Open Class,3,Garry Lee Tonon,Gracie Elite Team America
World IBJJF Jiu-Jitsu No-Gi Championship ,2014,Adult,Black,Female,Feather,1,Mackenzie Lynne Dern,Gracie Humaita
World IBJJF Jiu-Jitsu No-Gi Championship ,2014,Adult,Black,Female,Light,1,Sophia J Drysdale,Zenith BJJ - Las Vegas
World IBJJF Jiu-Jitsu No-Gi Championship ,2014,Adult,Black,Female,Middle,1,Luiza Monteiro Moura da Costa,PSLPB Cicero Costha
World IBJJF Jiu-Jitsu No-Gi Championship ,2014,Adult,Black,Female,Heavy,1,Andresa Correa,Alliance
World IBJJF Jiu-Jitsu No-Gi Championship ,2014,Adult,Black,Female,Super-Heavy,1,Gabrielle Lemos Garcia,Alliance
World IBJJF Jiu-Jitsu No-Gi Championship ,2014,Adult,Black,Female,Open Class,1,Gabrielle Lemos Garcia,Alliance
World IBJJF Jiu-Jitsu No-Gi Championship ,2014,Adult,Black,Female,Feather,2,Karen Deisy Antunes Girotto Borges,CheckMat
World IBJJF Jiu-Jitsu No-Gi Championship ,2014,Adult,Black,Female,Middle,2,Nyjah Michea Easton,Team Lloyd Irvin
World IBJJF Jiu-Jitsu No-Gi Championship ,2014,Adult,Black,Female,Heavy,2,Sijara Jihan Eubanks,Team Lloyd Irvin
World IBJJF Jiu-Jitsu No-Gi Championship ,2014,Adult,Black,Female,Open Class,2,Mackenzie Lynne Dern,Gracie Humaita
World IBJJF Jiu-Jitsu No-Gi Championship ,2014,Adult,Black,Female,Middle,3,Leanna M Dittrich,Fight Sports
World IBJJF Jiu-Jitsu No-Gi Championship ,2014,Adult,Black,Female,Open Class,3,Leanna M Dittrich,Fight Sports
World IBJJF Jiu-Jitsu No-Gi Championship ,2014,Adult,Black,Female,Open Class,3,Luiza Monteiro Moura da Costa,PSLPB Cicero Costha
World Jiu-Jitsu No-Gi IBJJF Championship ,2015,Adult,Black,Male,Rooster,1,Caio Terra,Brasa CTA
World Jiu-Jitsu No-Gi IBJJF Championship ,2015,Adult,Black,Male,Light-Feather,1,João Ricardo Bordignon Miyao,PSLPB Cicero Costha
World Jiu-Jitsu No-Gi IBJJF Championship ,2015,Adult,Black,Male,Feather,1,Augusto Lopes Mendes,Soul Fighters BJJ
World Jiu-Jitsu No-Gi IBJJF Championship ,2015,Adult,Black,Male,Light,1,Michael Alexandre Langhi,Alliance
World Jiu-Jitsu No-Gi IBJJF Championship ,2015,Adult,Black,Male,Middle,1,Dealonzio Jerome Jackson,Team Lloyd Irvin
World Jiu-Jitsu No-Gi IBJJF Championship ,2015,Adult,Black,Male,Medium-Heavy,1,Lucas Daniel Silva Barbosa,Atos Jiu-Jitsu
World Jiu-Jitsu No-Gi IBJJF Championship ,2015,Adult,Black,Male,Heavy,1,Felipe Carsalade Araujo Pena,Gracie Barra
World Jiu-Jitsu No-Gi IBJJF Championship ,2015,Adult,Black,Male,Super-Heavy,1,João Francisco de Moraes Assis,CheckMat
World Jiu-Jitsu No-Gi IBJJF Championship ,2015,Adult,Black,Male,Ultra-Heavy,1,Gabriel Lyrio Lucas,CheckMat
World Jiu-Jitsu No-Gi IBJJF Championship ,2015,Adult,Black,Male,Open Class,1,Felipe Carsalade Araujo Pena,Gracie Barra
World Jiu-Jitsu No-Gi IBJJF Championship ,2015,Adult,Black,Male,Rooster,2,Yusuke Homma,Carpe Diem
World Jiu-Jitsu No-Gi IBJJF Championship ,2015,Adult,Black,Male,Light-Feather,2,Samir José Chantre Dahás,Samir Chantre BJJ
World Jiu-Jitsu No-Gi IBJJF Championship ,2015,Adult,Black,Male,Feather,2,Osvaldo Augusto Honorio Moizinho,Gracie Fighter
World Jiu-Jitsu No-Gi IBJJF Championship ,2015,Adult,Black,Male,Light,2,Mansher Khera,Alliance
World Jiu-Jitsu No-Gi IBJJF Championship ,2015,Adult,Black,Male,Middle,2,Jonathan T. Satava,Alliance
World Jiu-Jitsu No-Gi IBJJF Championship ,2015,Adult,Black,Male,Medium-Heavy,2,Thiago Sá Fortes Silva,CheckMat
World Jiu-Jitsu No-Gi IBJJF Championship ,2015,Adult,Black,Male,Heavy,2,Jackson Sousa dos Santos,CheckMat
World Jiu-Jitsu No-Gi IBJJF Championship ,2015,Adult,Black,Male,Super-Heavy,2,Roberto Camargo de Alencar,Gracie Barra
World Jiu-Jitsu No-Gi IBJJF Championship ,2015,Adult,Black,Male,Ultra-Heavy,2,Mahamed Aly Santos da Silva,Team Lloyd Irvin
World Jiu-Jitsu No-Gi IBJJF Championship ,2015,Adult,Black,Male,Open Class,2,Matheus Oliveira Diniz,Alliance
World Jiu-Jitsu No-Gi IBJJF Championship ,2015,Adult,Black,Male,Rooster,3,Jorge Elias Bucaram Santistevan,Alliance
World Jiu-Jitsu No-Gi IBJJF Championship ,2015,Adult,Black,Male,Rooster,3,Leandro Lopes Escobar,Soul Fighters BJJ
World Jiu-Jitsu No-Gi IBJJF Championship ,2015,Adult,Black,Male,Light-Feather,3,Rafael Freitas,Gracie Barra
World Jiu-Jitsu No-Gi IBJJF Championship ,2015,Adult,Black,Male,Light-Feather,3,Thomas Lincoln Correa Lisboa,Alliance
World Jiu-Jitsu No-Gi IBJJF Championship ,2015,Adult,Black,Male,Feather,3,Gianni Paul Grippo,Alliance
World Jiu-Jitsu No-Gi IBJJF Championship ,2015,Adult,Black,Male,Feather,3,Paulo Henrique Bordignon Miyao,PSLPB Cicero Costha
World Jiu-Jitsu No-Gi IBJJF Championship ,2015,Adult,Black,Male,Light,3,Thiago Aragão de Abreu,CheckMat
World Jiu-Jitsu No-Gi IBJJF Championship ,2015,Adult,Black,Male,Light,3,Thiago Cardial Gaia,Barbosa Jiu-Jitsu
World Jiu-Jitsu No-Gi IBJJF Championship ,2015,Adult,Black,Male,Middle,3,Marcelo França Mafra,CheckMat
World Jiu-Jitsu No-Gi IBJJF Championship ,2015,Adult,Black,Male,Middle,3,Otavio Ferreira de Sousa,Gracie Barra
World Jiu-Jitsu No-Gi IBJJF Championship ,2015,Adult,Black,Male,Medium-Heavy,3,Charles Negromonte Santos,Gracie Barra
World Jiu-Jitsu No-Gi IBJJF Championship ,2015,Adult,Black,Male,Medium-Heavy,3,Matheus Oliveira Diniz,Alliance
World Jiu-Jitsu No-Gi IBJJF Championship ,2015,Adult,Black,Male,Heavy,3,Arnaldo Maidana de Oliveira,CheckMat
World Jiu-Jitsu No-Gi IBJJF Championship ,2015,Adult,Black,Male,Heavy,3,Felipe Menezes Bueno,Alliance
World Jiu-Jitsu No-Gi IBJJF Championship ,2015,Adult,Black,Male,Super-Heavy,3,Guybson Costa e Sá,SAS Team USA
World Jiu-Jitsu No-Gi IBJJF Championship ,2015,Adult,Black,Male,Super-Heavy,3,James Richard Puopolo,Ribeiro Jiu-Jitsu
World Jiu-Jitsu No-Gi IBJJF Championship ,2015,Adult,Black,Male,Ultra-Heavy,3,Roberto de Abreu Filho,Fight Sports
World Jiu-Jitsu No-Gi IBJJF Championship ,2015,Adult,Black,Male,Open Class,3,Dealonzio Jerome Jackson,Team Lloyd Irvin
World Jiu-Jitsu No-Gi IBJJF Championship ,2015,Adult,Black,Male,Open Class,3,Mahamed Aly Santos da Silva,Team Lloyd Irvin
World Jiu-Jitsu No-Gi IBJJF Championship ,2015,Adult,Black,Female,Light-Feather,1,Patrícia Maria N. Fontes dos Santos,CheckMat
World Jiu-Jitsu No-Gi IBJJF Championship ,2015,Adult,Black,Female,Feather,1,Tammi Alana Musumeci,Atos Jiu-Jitsu
World Jiu-Jitsu No-Gi IBJJF Championship ,2015,Adult,Black,Female,Light,1,Karen Deisy Antunes Girotto Borges,CheckMat
World Jiu-Jitsu No-Gi IBJJF Championship ,2015,Adult,Black,Female,Middle,1,Angelica Cabral Firme Galvao,Atos Jiu-Jitsu
World Jiu-Jitsu No-Gi IBJJF Championship ,2015,Adult,Black,Female,Medium-Heavy,1,Andresa Correa,Alliance
World Jiu-Jitsu No-Gi IBJJF Championship ,2015,Adult,Black,Female,Open Class,1,Mackenzie Lynne Dern,Gracie Humaita
World Jiu-Jitsu No-Gi IBJJF Championship ,2015,Adult,Black,Female,Light-Feather,2,Chelsea Bainbridge-Donner,Atos Jiu-Jitsu
World Jiu-Jitsu No-Gi IBJJF Championship ,2015,Adult,Black,Female,Feather,2,Mackenzie Lynne Dern,Gracie Humaita
World Jiu-Jitsu No-Gi IBJJF Championship ,2015,Adult,Black,Female,Light,2,Kiri Noelle Liao,Ribeiro Jiu-Jitsu
World Jiu-Jitsu No-Gi IBJJF Championship ,2015,Adult,Black,Female,Middle,2,Amanda Loewen,SBG International (SBGI)
World Jiu-Jitsu No-Gi IBJJF Championship ,2015,Adult,Black,Female,Medium-Heavy,2,Leanna Mae G Dittrich,Fight Sports
World Jiu-Jitsu No-Gi IBJJF Championship ,2015,Adult,Black,Female,Open Class,2,Andresa Correa,Alliance
World Jiu-Jitsu No-Gi IBJJF Championship ,2015,Adult,Black,Female,Light-Feather,3,Kristina Sofia Puruganan Barlaan,Brasa CTA
World Jiu-Jitsu No-Gi IBJJF Championship ,2015,Adult,Black,Female,Feather,3,Ana Michelle Tavares Dantas,Equipe Zero
World Jiu-Jitsu No-Gi IBJJF Championship ,2015,Adult,Black,Female,Feather,3,Emilie Maxine M. H. Thylin,Gracie Humaita South Bay
World Jiu-Jitsu No-Gi IBJJF Championship ,2015,Adult,Black,Female,Light,3,Josephine Masiello,de Been 100% Jiu-Jitsu
World Jiu-Jitsu No-Gi IBJJF Championship ,2015,Adult,Black,Female,Middle,3,Megan Ann Nevill,Alliance
World Jiu-Jitsu No-Gi IBJJF Championship ,2015,Adult,Black,Female,Medium-Heavy,3,Monique Ricardo Carvalho,CheckMat
World Jiu-Jitsu No-Gi IBJJF Championship ,2015,Adult,Black,Female,Open Class,3,Emilie Maxine M. H. Thylin,Gracie Humaita South Bay
World Jiu-Jitsu No-Gi IBJJF Championship ,2015,Adult,Black,Female,Open Class,3,Tammi Alana Musumeci,Atos Jiu-Jitsu
World IBJJF Jiu-Jitsu No-Gi Championship ,2016,Adult,Black,Male,Rooster,1,Caio Terra,Brasa CTA
World IBJJF Jiu-Jitsu No-Gi Championship ,2016,Adult,Black,Male,Light-Feather,1,Michael Musumeci Jr.,Brasa CTA
World IBJJF Jiu-Jitsu No-Gi Championship ,2016,Adult,Black,Male,Feather,1,Osvaldo Augusto Honorio Moizinho,Ares BJJ
World IBJJF Jiu-Jitsu No-Gi Championship ,2016,Adult,Black,Male,Light,1,Marcio Andre da Costa Barbosa Junior,Nova União
World IBJJF Jiu-Jitsu No-Gi Championship ,2016,Adult,Black,Male,Middle,1,Marcelo França Mafra,CheckMat
World IBJJF Jiu-Jitsu No-Gi Championship ,2016,Adult,Black,Male,Medium-Heavy,1,Joshua Roy Hinger,Atos Jiu-Jitsu
World IBJJF Jiu-Jitsu No-Gi Championship ,2016,Adult,Black,Male,Heavy,1,Lucas Daniel Silva Barbosa,Atos Jiu-Jitsu
World IBJJF Jiu-Jitsu No-Gi Championship ,2016,Adult,Black,Male,Super-Heavy,1,Luiz Fernando de Azevedo Panza,CheckMat
World IBJJF Jiu-Jitsu No-Gi Championship ,2016,Adult,Black,Male,Ultra-Heavy,1,Yuri Costa Simões M. da Silva,Brasa CTA
World IBJJF Jiu-Jitsu No-Gi Championship ,2016,Adult,Black,Male,Open Class,1,Yuri Costa Simões M. da Silva,Brasa CTA
World IBJJF Jiu-Jitsu No-Gi Championship ,2016,Adult,Black,Male,Rooster,2,Thiago Dias D. Narciso,Brasa CTA
World IBJJF Jiu-Jitsu No-Gi Championship ,2016,Adult,Black,Male,Light-Feather,2,João Ricardo Bordignon Miyao,PSLPB Cicero Costha
World IBJJF Jiu-Jitsu No-Gi Championship ,2016,Adult,Black,Male,Feather,2,Samir José Chantre Dahás,Ares BJJ
World IBJJF Jiu-Jitsu No-Gi Championship ,2016,Adult,Black,Male,Light,2,Rodrigo Lamounier de Freitas,Rodrigo Freitas Brazilian Jiu-Jitsu
World IBJJF Jiu-Jitsu No-Gi Championship ,2016,Adult,Black,Male,Middle,2,Jonathan T. Satava,Alliance
World IBJJF Jiu-Jitsu No-Gi Championship ,2016,Adult,Black,Male,Medium-Heavy,2,Charles Negromonte Santos,Gracie Barra
World IBJJF Jiu-Jitsu No-Gi Championship ,2016,Adult,Black,Male,Heavy,2,Vitor Henrique Silva Oliveira,GF Team
World IBJJF Jiu-Jitsu No-Gi Championship ,2016,Adult,Black,Male,Super-Heavy,2,Jared Lynn Dopp,Ribeiro Jiu-Jitsu
World IBJJF Jiu-Jitsu No-Gi Championship ,2016,Adult,Black,Male,Ultra-Heavy,2,Gustavo Dias Elias,Ribeiro Jiu-Jitsu
World IBJJF Jiu-Jitsu No-Gi Championship ,2016,Adult,Black,Male,Open Class,2,Murilo Silva Ferreira de Santana,BARBOSA JIU-JITSU USA
World IBJJF Jiu-Jitsu No-Gi Championship ,2016,Adult,Black,Male,Rooster,3,Washington Luis do M. Lima,GF Team
World IBJJF Jiu-Jitsu No-Gi Championship ,2016,Adult,Black,Male,Light-Feather,3,Rene Eduardo Lopez,Brasa CTA
World IBJJF Jiu-Jitsu No-Gi Championship ,2016,Adult,Black,Male,Light-Feather,3,Thomas Lincoln Correa Lisboa,Alliance
World IBJJF Jiu-Jitsu No-Gi Championship ,2016,Adult,Black,Male,Feather,3,Gabriel Marangoni de Oliveira,Brasa CTA
World IBJJF Jiu-Jitsu No-Gi Championship ,2016,Adult,Black,Male,Feather,3,Kim Terra,Brasa CTA
World IBJJF Jiu-Jitsu No-Gi Championship ,2016,Adult,Black,Male,Light,3,AJ Agazarm,Gracie Barra
World IBJJF Jiu-Jitsu No-Gi Championship ,2016,Adult,Black,Male,Light,3,Mansher Khera,Alliance
World IBJJF Jiu-Jitsu No-Gi Championship ,2016,Adult,Black,Male,Middle,3,Francisco Antonio Iturralde Lara,Alliance International
World IBJJF Jiu-Jitsu No-Gi Championship ,2016,Adult,Black,Male,Middle,3,Marcos Vinícius da Silva Tinoco,Alliance
World IBJJF Jiu-Jitsu No-Gi Championship ,2016,Adult,Black,Male,Medium-Heavy,3,Matheus Oliveira Diniz,Alliance
World IBJJF Jiu-Jitsu No-Gi Championship ,2016,Adult,Black,Male,Medium-Heavy,3,Valdir Araujo de Lima Júnior,Fight Sports
World IBJJF Jiu-Jitsu No-Gi Championship ,2016,Adult,Black,Male,Heavy,3,Nick Schrock,Ribeiro Jiu-Jitsu
World IBJJF Jiu-Jitsu No-Gi Championship ,2016,Adult,Black,Male,Heavy,3,William Alexander Bush,RCJ Machado
World IBJJF Jiu-Jitsu No-Gi Championship ,2016,Adult,Black,Male,Super-Heavy,3,Muslim L. Patsarigov,OXY
World IBJJF Jiu-Jitsu No-Gi Championship ,2016,Adult,Black,Male,Super-Heavy,3,Paul S. Ardila-Ibarra,American Top Team Atlanta
World IBJJF Jiu-Jitsu No-Gi Championship ,2016,Adult,Black,Male,Ultra-Heavy,3,Aaron Michael Johnson,Unity Jiu-jitsu
World IBJJF Jiu-Jitsu No-Gi Championship ,2016,Adult,Black,Male,Ultra-Heavy,3,Mahamed Aly Santos da Silva,Team Lloyd Irvin
World IBJJF Jiu-Jitsu No-Gi Championship ,2016,Adult,Black,Male,Open Class,3,Augusto Lopes Mendes,Soul Fighters BJJ
World IBJJF Jiu-Jitsu No-Gi Championship ,2016,Adult,Black,Male,Open Class,3,Jared Lynn Dopp,Ribeiro Jiu-Jitsu
World IBJJF Jiu-Jitsu No-Gi Championship ,2016,Adult,Black,Female,Light-Feather,1,Patrícia Maria N. Fontes dos Santos,CheckMat
World IBJJF Jiu-Jitsu No-Gi Championship ,2016,Adult,Black,Female,Feather,1,Ana Talita de Oliveira Alencar,Alliance
World IBJJF Jiu-Jitsu No-Gi Championship ,2016,Adult,Black,Female,Light,1,Tammi Alana Musumeci,Brasa CTA
World IBJJF Jiu-Jitsu No-Gi Championship ,2016,Adult,Black,Female,Middle,1,Amanda Elouise Alequin,Marcio Cruz BJJ
World IBJJF Jiu-Jitsu No-Gi Championship ,2016,Adult,Black,Female,Medium-Heavy,1,Nathiely Karoline Melo de Jesus,Rodrigo Pinheiro
World IBJJF Jiu-Jitsu No-Gi Championship ,2016,Adult,Black,Female,Heavy,1,Andresa Correa,Alliance
World IBJJF Jiu-Jitsu No-Gi Championship ,2016,Adult,Black,Female,Open Class,1,Nathiely Karoline Melo de Jesus,Rodrigo Pinheiro
World IBJJF Jiu-Jitsu No-Gi Championship ,2016,Adult,Black,Female,Light-Feather,2,Fiona M. Watson,Fight Club Jiu Jitsu Australia
World IBJJF Jiu-Jitsu No-Gi Championship ,2016,Adult,Black,Female,Feather,2,Emilie Maxine M. H. Thylin,Gracie Humaita
World IBJJF Jiu-Jitsu No-Gi Championship ,2016,Adult,Black,Female,Light,2,Jaqueline de Moraes Amorim Ramos,CheckMat
World IBJJF Jiu-Jitsu No-Gi Championship ,2016,Adult,Black,Female,Middle,2,Ida Fløisvik,OXY
World IBJJF Jiu-Jitsu No-Gi Championship ,2016,Adult,Black,Female,Medium-Heavy,2,Megan Ann Nevill,Alliance
World IBJJF Jiu-Jitsu No-Gi Championship ,2016,Adult,Black,Female,Open Class,2,Andresa Correa,Alliance
World IBJJF Jiu-Jitsu No-Gi Championship ,2016,Adult,Black,Female,Light-Feather,3,Sofia Rosa Amarante,Fight Sports
World IBJJF Jiu-Jitsu No-Gi Championship ,2016,Adult,Black,Female,Feather,3,Chelsea Leah Bainbridge-Donner,Atos Jiu-Jitsu
World IBJJF Jiu-Jitsu No-Gi Championship ,2016,Adult,Black,Female,Light,3,Jessica Cristina C. A. dos Santos,T3MA
World IBJJF Jiu-Jitsu No-Gi Championship ,2016,Adult,Black,Female,Middle,3,Amanda Loewen,SBG International (SBGI)
World IBJJF Jiu-Jitsu No-Gi Championship ,2016,Adult,Black,Female,Middle,3,Julie Hoponick,Easton BJJ
World IBJJF Jiu-Jitsu No-Gi Championship ,2016,Adult,Black,Female,Medium-Heavy,3,Leanna M Dittrich,Fight Sports
World IBJJF Jiu-Jitsu No-Gi Championship ,2016,Adult,Black,Female,Open Class,3,Amanda Loewen,SBG International (SBGI)
World IBJJF Jiu-Jitsu No-Gi Championship ,2016,Adult,Black,Female,Open Class,3,Ida Fløisvik,OXY
World IBJJF Jiu-Jitsu No-Gi Championship ,2017,Adult,Black,Male,Rooster,1,Caio Terra,Brasa CTA
World IBJJF Jiu-Jitsu No-Gi Championship ,2017,Adult,Black,Male,Light-Feather,1,João Ricardo Bordignon Miyao,PSLPB Cicero Costha
World IBJJF Jiu-Jitsu No-Gi Championship ,2017,Adult,Black,Male,Feather,1,Osvaldo Augusto Honorio Moizinho,Ares BJJ
World IBJJF Jiu-Jitsu No-Gi Championship ,2017,Adult,Black,Male,Light,1,Renato Forasieppi Alves Canuto,Zenith BJJ - Las Vegas
World IBJJF Jiu-Jitsu No-Gi Championship ,2017,Adult,Black,Male,Middle,1,Joshua Roy Hinger,Atos Jiu-Jitsu
World IBJJF Jiu-Jitsu No-Gi Championship ,2017,Adult,Black,Male,Medium-Heavy,1,Keenan Kai-James Cornelius,Atos Jiu-Jitsu
World IBJJF Jiu-Jitsu No-Gi Championship ,2017,Adult,Black,Male,Heavy,1,Arnaldo Maidana de Oliveira,CheckMat
World IBJJF Jiu-Jitsu No-Gi Championship ,2017,Adult,Black,Male,Super-Heavy,1,Lucas Daniel Silva Barbosa,Atos Jiu-Jitsu
World IBJJF Jiu-Jitsu No-Gi Championship ,2017,Adult,Black,Male,Ultra-Heavy,1,Roberto de Abreu Filho,Fight Sports
World IBJJF Jiu-Jitsu No-Gi Championship ,2017,Adult,Black,Male,Open Class,1,Lucas Daniel Silva Barbosa,Atos Jiu-Jitsu
World IBJJF Jiu-Jitsu No-Gi Championship ,2017,Adult,Black,Male,Rooster,2,Tomoyuki Hashimoto,Carpe Diem
World IBJJF Jiu-Jitsu No-Gi Championship ,2017,Adult,Black,Male,Light-Feather,2,Lucas dos Santos Pinheiro,AMBJJ - Alex Martins Brazilian Jiu-Jitsu
World IBJJF Jiu-Jitsu No-Gi Championship ,2017,Adult,Black,Male,Feather,2,Pablo Mantovani Dutra,Atos Jiu-Jitsu
World IBJJF Jiu-Jitsu No-Gi Championship ,2017,Adult,Black,Male,Light,2,AJ Agazarm,Gracie Barra
World IBJJF Jiu-Jitsu No-Gi Championship ,2017,Adult,Black,Male,Middle,2,Felipe Cesar Silva,Barbosa Jiu-Jitsu
World IBJJF Jiu-Jitsu No-Gi Championship ,2017,Adult,Black,Male,Medium-Heavy,2,Murilo S. de Santana,Barbosa Jiu-Jitsu
World IBJJF Jiu-Jitsu No-Gi Championship ,2017,Adult,Black,Male,Heavy,2,Roberto Torralbas,Team Lloyd Irvin
World IBJJF Jiu-Jitsu No-Gi Championship ,2017,Adult,Black,Male,Super-Heavy,2,João Francisco de Moraes Assis,CheckMat
World IBJJF Jiu-Jitsu No-Gi Championship ,2017,Adult,Black,Male,Ultra-Heavy,2,João Gabriel de Oliveira e S. Rocha,Soul Fighter BJJ Connecticut
World IBJJF Jiu-Jitsu No-Gi Championship ,2017,Adult,Black,Male,Open Class,2,João Gabriel de Oliveira e S. Rocha,Soul Fighter BJJ Connecticut
World IBJJF Jiu-Jitsu No-Gi Championship ,2017,Adult,Black,Male,Rooster,3,Jimmy Santiago III,Buffalo BJJ Academy
World IBJJF Jiu-Jitsu No-Gi Championship ,2017,Adult,Black,Male,Rooster,3,Nobuhiro Sawada,Tri-Force Jiu-Jitsu Academy
World IBJJF Jiu-Jitsu No-Gi Championship ,2017,Adult,Black,Male,Light-Feather,3,João Pedro Oliveira Rodrigues,Soul Fighters BJJ
World IBJJF Jiu-Jitsu No-Gi Championship ,2017,Adult,Black,Male,Light-Feather,3,Rene Eduardo Lopez,Brasa CTA
World IBJJF Jiu-Jitsu No-Gi Championship ,2017,Adult,Black,Male,Feather,3,Gianni Paul Grippo,Alliance
World IBJJF Jiu-Jitsu No-Gi Championship ,2017,Adult,Black,Male,Feather,3,Silvio Duran de Barros Saraiva,Vitor Shaolin BJJ
World IBJJF Jiu-Jitsu No-Gi Championship ,2017,Adult,Black,Male,Light,3,Lachlan S. M. Giles,Absolute MMA Australia
World IBJJF Jiu-Jitsu No-Gi Championship ,2017,Adult,Black,Male,Light,3,Rodrigo Lamounier de Freitas,Rodrigo Freitas Brazilian Jiu-Jitsu
World IBJJF Jiu-Jitsu No-Gi Championship ,2017,Adult,Black,Male,Middle,3,Dante Scott Leon,GF Team
World IBJJF Jiu-Jitsu No-Gi Championship ,2017,Adult,Black,Male,Middle,3,Michael Remigio Liera Jr.,Atos Jiu-Jitsu
World IBJJF Jiu-Jitsu No-Gi Championship ,2017,Adult,Black,Male,Medium-Heavy,3,Charles Negromonte Santos,ZR Team Association
World IBJJF Jiu-Jitsu No-Gi Championship ,2017,Adult,Black,Male,Medium-Heavy,3,Diego Dias Ramalho,ZR Team Association
World IBJJF Jiu-Jitsu No-Gi Championship ,2017,Adult,Black,Male,Heavy,3,David Mitchell,Carlson Gracie
World IBJJF Jiu-Jitsu No-Gi Championship ,2017,Adult,Black,Male,Heavy,3,Thiago Sá Fortes Silva,CheckMat International
World IBJJF Jiu-Jitsu No-Gi Championship ,2017,Adult,Black,Male,Super-Heavy,3,Aaron Michael Johnson,Unity Jiu-jitsu
World IBJJF Jiu-Jitsu No-Gi Championship ,2017,Adult,Black,Male,Super-Heavy,3,Eliot Andrew Kelly,Yemaso Brazilian Jiu-Jitsu
World IBJJF Jiu-Jitsu No-Gi Championship ,2017,Adult,Black,Male,Ultra-Heavy,3,Adam Bruce Sachnoff,10th Planet Jiu Jitsu
World IBJJF Jiu-Jitsu No-Gi Championship ,2017,Adult,Black,Male,Ultra-Heavy,3,Jared Lynn Dopp,Ribeiro Jiu-Jitsu
World IBJJF Jiu-Jitsu No-Gi Championship ,2017,Adult,Black,Male,Open Class,3,Jackson Sousa dos Santos,CheckMat
World IBJJF Jiu-Jitsu No-Gi Championship ,2017,Adult,Black,Male,Open Class,3,Keenan Kai-James Cornelius,Atos Jiu-Jitsu
World IBJJF Jiu-Jitsu No-Gi Championship ,2017,Adult,Black,Female,Light-Feather,1,Patrícia Maria N. Fontes dos Santos,CheckMat
World IBJJF Jiu-Jitsu No-Gi Championship ,2017,Adult,Black,Female,Feather,1,Ana Talita de Oliveira Alencar,Alliance
World IBJJF Jiu-Jitsu No-Gi Championship ,2017,Adult,Black,Female,Light,1,Jena Rae Bishop,Gracie Humaita
World IBJJF Jiu-Jitsu No-Gi Championship ,2017,Adult,Black,Female,Middle,1,Raquel Dayne Kaleialoha Canuto,Zenith BJJ - Las Vegas
World IBJJF Jiu-Jitsu No-Gi Championship ,2017,Adult,Black,Female,Heavy,1,Jessica D Flowers,Gracie Barra
World IBJJF Jiu-Jitsu No-Gi Championship ,2017,Adult,Black,Female,Open Class,1,Jessica D Flowers,Gracie Barra
World IBJJF Jiu-Jitsu No-Gi Championship ,2017,Adult,Black,Female,Light-Feather,2,Liwia Giles,Absolute MMA Australia
World IBJJF Jiu-Jitsu No-Gi Championship ,2017,Adult,Black,Female,Feather,2,Yasmine Clarisa Wilson,Roger Gracie Academy
World IBJJF Jiu-Jitsu No-Gi Championship ,2017,Adult,Black,Female,Light,2,Heather H. Raftery,Atos Jiu-Jitsu
World IBJJF Jiu-Jitsu No-Gi Championship ,2017,Adult,Black,Female,Middle,2,Catherine Fuhro Perret,CheckMat
World IBJJF Jiu-Jitsu No-Gi Championship ,2017,Adult,Black,Female,Heavy,2,Ana Laura Gonçalves Cordeiro,Gracie Barra
World IBJJF Jiu-Jitsu No-Gi Championship ,2017,Adult,Black,Female,Open Class,2,Ana Laura Gonçalves Cordeiro,Gracie Barra
World IBJJF Jiu-Jitsu No-Gi Championship ,2017,Adult,Black,Female,Light-Feather,3,Fiona M. Rupinski,Fight Club
World IBJJF Jiu-Jitsu No-Gi Championship ,2017,Adult,Black,Female,Light-Feather,3,Sofia Rosa Amarante,Fight Sports
World IBJJF Jiu-Jitsu No-Gi Championship ,2017,Adult,Black,Female,Light,3,Karen Deisy Antunes Girotto Borges,CheckMat
World IBJJF Jiu-Jitsu No-Gi Championship ,2017,Adult,Black,Female,Light,3,Michelle Zonato Nicolini,CheckMat
World IBJJF Jiu-Jitsu No-Gi Championship ,2017,Adult,Black,Female,Middle,3,Jess Corinne Fraser,Vanguard BJJ
World IBJJF Jiu-Jitsu No-Gi Championship ,2017,Adult,Black,Female,Middle,3,Renata Marinho Moreira,Alliance
World IBJJF Jiu-Jitsu No-Gi Championship ,2017,Adult,Black,Female,Heavy,3,Maia Nicole Matalon,Fifty/50 Jiu-Jitsu
World IBJJF Jiu-Jitsu No-Gi Championship ,2017,Adult,Black,Female,Heavy,3,Maria Malgorzata Malyjasiak,Zenith BJJ - Las Vegas
World IBJJF Jiu-Jitsu No-Gi Championship ,2017,Adult,Black,Female,Open Class,3,Amanda Loewen,SBG International (SBGI)
World IBJJF Jiu-Jitsu No-Gi Championship ,2017,Adult,Black,Female,Open Class,3,Ana Talita de Oliveira Alencar,Alliance
World IBJJF Jiu-Jitsu No-Gi Championship ,2018,Adult,Black,Male,Rooster,1,Nobuhiro Sawada,Tri-Force Jiu-Jitsu Academy
World IBJJF Jiu-Jitsu No-Gi Championship ,2018,Adult,Black,Male,Light-Feather,1,João Ricardo Bordignon Miyao,Cicero Costha Internacional
World IBJJF Jiu-Jitsu No-Gi Championship ,2018,Adult,Black,Male,Feather,1,Kennedy Leonardo Maciel,Alliance
World IBJJF Jiu-Jitsu No-Gi Championship ,2018,Adult,Black,Male,Light,1,Gianni Paul Grippo,Alliance
World IBJJF Jiu-Jitsu No-Gi Championship ,2018,Adult,Black,Male,Middle,1,Hugo Doerzapff Marques,Soul Fighters BJJ
World IBJJF Jiu-Jitsu No-Gi Championship ,2018,Adult,Black,Male,Medium-Heavy,1,Joshua Roy Hinger,Atos Jiu-Jitsu
World IBJJF Jiu-Jitsu No-Gi Championship ,2018,Adult,Black,Male,Heavy,1,Timothy-Michael Spriggs,Team Lloyd Irvin
World IBJJF Jiu-Jitsu No-Gi Championship ,2018,Adult,Black,Male,Super-Heavy,1,Kaynan Casemiro Duarte,Atos Jiu-Jitsu
World IBJJF Jiu-Jitsu No-Gi Championship ,2018,Adult,Black,Male,Ultra-Heavy,1,Gordon F. Ryan III,Renzo Gracie Academy
World IBJJF Jiu-Jitsu No-Gi Championship ,2018,Adult,Black,Male,Open Class,1,Gordon F. Ryan III,Renzo Gracie Academy
World IBJJF Jiu-Jitsu No-Gi Championship ,2018,Adult,Black,Male,Rooster,2,Cícero Lívio Ribeiro S. Paiva,Ares BJJ Brasil
World IBJJF Jiu-Jitsu No-Gi Championship ,2018,Adult,Black,Male,Light-Feather,2,Tomoyuki Hashimoto,Carpe Diem
World IBJJF Jiu-Jitsu No-Gi Championship ,2018,Adult,Black,Male,Feather,2,Gilson Nunes  De Oliveira Neto,CheckMat
World IBJJF Jiu-Jitsu No-Gi Championship ,2018,Adult,Black,Male,Light,2,Marcio Andre da Costa Barbosa Junior,Nova União
World IBJJF Jiu-Jitsu No-Gi Championship ,2018,Adult,Black,Male,Middle,2,Jaime Soares Canuto,GF Team
World IBJJF Jiu-Jitsu No-Gi Championship ,2018,Adult,Black,Male,Medium-Heavy,2,Marcos Vinícius da Silva Tinoco,Alliance
World IBJJF Jiu-Jitsu No-Gi Championship ,2018,Adult,Black,Male,Heavy,2,Jackson Sousa dos Santos,CheckMat
World IBJJF Jiu-Jitsu No-Gi Championship ,2018,Adult,Black,Male,Super-Heavy,2,James Richard Puopolo,Ribeiro Jiu-Jitsu
World IBJJF Jiu-Jitsu No-Gi Championship ,2018,Adult,Black,Male,Ultra-Heavy,2,Yuri Costa Simões M. da Silva,Brasa CTA
World IBJJF Jiu-Jitsu No-Gi Championship ,2018,Adult,Black,Male,Open Class,2,Yuri Costa Simões M. da Silva,Brasa CTA
World IBJJF Jiu-Jitsu No-Gi Championship ,2018,Adult,Black,Male,Rooster,3,Kristian R Woodmansee,Atos Jiu-Jitsu
World IBJJF Jiu-Jitsu No-Gi Championship ,2018,Adult,Black,Male,Light-Feather,3,Cleber de Sousa Fernandes,Atos Jiu-Jitsu
World IBJJF Jiu-Jitsu No-Gi Championship ,2018,Adult,Black,Male,Light-Feather,3,Hiago George Santos Silva,Cicero Costha Internacional
World IBJJF Jiu-Jitsu No-Gi Championship ,2018,Adult,Black,Male,Feather,3,Ian Phyllip Sanders,Rodrigo Freitas Brazilian Jiu-Jitsu
World IBJJF Jiu-Jitsu No-Gi Championship ,2018,Adult,Black,Male,Feather,3,Pablo Mantovani Dutra,Atos Jiu-Jitsu
World IBJJF Jiu-Jitsu No-Gi Championship ,2018,Adult,Black,Male,Light,3,Frederico Augusto Alves Silva,Alliance JJ
World IBJJF Jiu-Jitsu No-Gi Championship ,2018,Adult,Black,Male,Light,3,Rodrigo Lamounier de Freitas,Rodrigo Freitas Brazilian Jiu-Jitsu
World IBJJF Jiu-Jitsu No-Gi Championship ,2018,Adult,Black,Male,Middle,3,Dante Scott Leon,GF Team
World IBJJF Jiu-Jitsu No-Gi Championship ,2018,Adult,Black,Male,Middle,3,Manuel Ribamar V. de Oliveira Filho,Unity Jiu-jitsu
World IBJJF Jiu-Jitsu No-Gi Championship ,2018,Adult,Black,Male,Medium-Heavy,3,Matheus Oliveira Diniz,Alliance
World IBJJF Jiu-Jitsu No-Gi Championship ,2018,Adult,Black,Male,Medium-Heavy,3,Murilo Silva Ferreira de Santana,Unity Jiu-jitsu
World IBJJF Jiu-Jitsu No-Gi Championship ,2018,Adult,Black,Male,Heavy,3,Devhonte M. Johnson,Unity Jiu-jitsu
World IBJJF Jiu-Jitsu No-Gi Championship ,2018,Adult,Black,Male,Heavy,3,Thiago Sá Fortes Silva,CheckMat
World IBJJF Jiu-Jitsu No-Gi Championship ,2018,Adult,Black,Male,Super-Heavy,3,Eliot Andrew Kelly,Yemaso Brazilian Jiu-Jitsu
World IBJJF Jiu-Jitsu No-Gi Championship ,2018,Adult,Black,Male,Ultra-Heavy,3,Max dos Santos Gimenis,GF Team
World IBJJF Jiu-Jitsu No-Gi Championship ,2018,Adult,Black,Male,Open Class,3,Jackson Sousa dos Santos,CheckMat
World IBJJF Jiu-Jitsu No-Gi Championship ,2018,Adult,Black,Male,Open Class,3,Thiago Sá Fortes Silva,CheckMat
World IBJJF Jiu-Jitsu No-Gi Championship ,2018,Adult,Black,Female,Light-Feather,1,Mayssa Caldas Pereira Bastos,GF Team
World IBJJF Jiu-Jitsu No-Gi Championship ,2018,Adult,Black,Female,Feather,1,Ffion Eira Davies,ECJJA
World IBJJF Jiu-Jitsu No-Gi Championship ,2018,Adult,Black,Female,Light,1,Catherine Fuhro Perret,CheckMat
World IBJJF Jiu-Jitsu No-Gi Championship ,2018,Adult,Black,Female,Middle,1,Beatriz de Oliveira Mesquita,Gracie Humaita
World IBJJF Jiu-Jitsu No-Gi Championship ,2018,Adult,Black,Female,Medium-Heavy,1,Luanna Alzuguir Marton Moraes,Alliance
World IBJJF Jiu-Jitsu No-Gi Championship ,2018,Adult,Black,Female,Heavy,1,Nathiely Karoline Melo de Jesus,Unity Jiu-jitsu
World IBJJF Jiu-Jitsu No-Gi Championship ,2018,Adult,Black,Female,Super-Heavy,1,Jessica da Silva Oliveira,Gracie Barra
World IBJJF Jiu-Jitsu No-Gi Championship ,2018,Adult,Black,Female,Open Class,1,Beatriz de Oliveira Mesquita,Gracie Humaita
World IBJJF Jiu-Jitsu No-Gi Championship ,2018,Adult,Black,Female,Light-Feather,2,Patrícia Maria N. Fontes dos Santos,CheckMat
World IBJJF Jiu-Jitsu No-Gi Championship ,2018,Adult,Black,Female,Feather,2,Amanda Monteiro Canuto,GF Team
World IBJJF Jiu-Jitsu No-Gi Championship ,2018,Adult,Black,Female,Light,2,Tammi Alana Musumeci,Brasa CTA
World IBJJF Jiu-Jitsu No-Gi Championship ,2018,Adult,Black,Female,Middle,2,Ana Carolina Vieira Srour,GF Team
World IBJJF Jiu-Jitsu No-Gi Championship ,2018,Adult,Black,Female,Medium-Heavy,2,Claudia Fernanda Onofre Valim Doval,De La Riva JJ
World IBJJF Jiu-Jitsu No-Gi Championship ,2018,Adult,Black,Female,Heavy,2,Maria Malyjasiak,Zenith BJJ
World IBJJF Jiu-Jitsu No-Gi Championship ,2018,Adult,Black,Female,Super-Heavy,2,Nivia de Souza Moura,Ribeiro Jiu-Jitsu
World IBJJF Jiu-Jitsu No-Gi Championship ,2018,Adult,Black,Female,Open Class,2,Jessica da Silva Oliveira,Gracie Barra
World IBJJF Jiu-Jitsu No-Gi Championship ,2018,Adult,Black,Female,Light-Feather,3,Miriam Cardoso Cerqueira,T3MA
World IBJJF Jiu-Jitsu No-Gi Championship ,2018,Adult,Black,Female,Light-Feather,3,Sofia Rosa Amarante,Fight Sports
World IBJJF Jiu-Jitsu No-Gi Championship ,2018,Adult,Black,Female,Feather,3,Heather H. Raftery,Atos Jiu-Jitsu
World IBJJF Jiu-Jitsu No-Gi Championship ,2018,Adult,Black,Female,Feather,3,Jessica Cristina C. A. dos Santos,T3MA
World IBJJF Jiu-Jitsu No-Gi Championship ,2018,Adult,Black,Female,Light,3,Jena Rae Bishop,Gracie Humaita San Diego Competition Team
World IBJJF Jiu-Jitsu No-Gi Championship ,2018,Adult,Black,Female,Light,3,Michelle Zonato Nicolini,CheckMat
World IBJJF Jiu-Jitsu No-Gi Championship ,2018,Adult,Black,Female,Middle,3,Leoni Munslow,New School BJJ
World IBJJF Jiu-Jitsu No-Gi Championship ,2018,Adult,Black,Female,Middle,3,Sarah Elizabeth Kaufman,Pacific Top Team
World IBJJF Jiu-Jitsu No-Gi Championship ,2018,Adult,Black,Female,Medium-Heavy,3,Amanda Loewen,SBG International (SBGI)
World IBJJF Jiu-Jitsu No-Gi Championship ,2018,Adult,Black,Female,Medium-Heavy,3,Anna Sophia Maria Nordenö,Hilti Fight Center
World IBJJF Jiu-Jitsu No-Gi Championship ,2018,Adult,Black,Female,Heavy,3,Andresa Correa,Alliance
World IBJJF Jiu-Jitsu No-Gi Championship ,2018,Adult,Black,Female,Super-Heavy,3,Alejandra Gonzalez,Carlson Gracie Team
World IBJJF Jiu-Jitsu No-Gi Championship ,2018,Adult,Black,Female,Open Class,3,Amanda Loewen,SBG International (SBGI)
World IBJJF Jiu-Jitsu No-Gi Championship ,2018,Adult,Black,Female,Open Class,3,Anna Sophia Maria Nordenö,Hilti Fight Center
World IBJJF Jiu-Jitsu No-Gi Championship ,2019,Adult,Black,Male,Rooster,1,Thalison Vitorino Soares,Cicero Costha Internacional
World IBJJF Jiu-Jitsu No-Gi Championship ,2019,Adult,Black,Male,Light-Feather,1,Hiago George Santos Silva,Cicero Costha Internacional
World IBJJF Jiu-Jitsu No-Gi Championship ,2019,Adult,Black,Male,Feather,1,Alexssandro Pinto Sodré,Nova União
World IBJJF Jiu-Jitsu No-Gi Championship ,2019,Adult,Black,Male,Light,1,Johnny Tama,Alliance International
World IBJJF Jiu-Jitsu No-Gi Championship ,2019,Adult,Black,Male,Middle,1,Dante Scott Leon,GF Team
World IBJJF Jiu-Jitsu No-Gi Championship ,2019,Adult,Black,Male,Medium-Heavy,1,Manuel Ribamar V. de Oliveira Filho,Rodrigo Pinheiro BJJ
World IBJJF Jiu-Jitsu No-Gi Championship ,2019,Adult,Black,Male,Heavy,1,Adam Wardzinski,CheckMat
World IBJJF Jiu-Jitsu No-Gi Championship ,2019,Adult,Black,Male,Super-Heavy,1,Vinicius Ferreira Gazola,Alliance
World IBJJF Jiu-Jitsu No-Gi Championship ,2019,Adult,Black,Male,Ultra-Heavy,1,Roberto de Abreu Filho,Fight Sports
World IBJJF Jiu-Jitsu No-Gi Championship ,2019,Adult,Black,Male,Open Class,1,Victor Hugo Costa Marques,Ribeiro Jiu-Jitsu
World IBJJF Jiu-Jitsu No-Gi Championship ,2019,Adult,Black,Male,Rooster,2,Rodnei Barbosa Gabriel Jr.,Qatar BJJ
World IBJJF Jiu-Jitsu No-Gi Championship ,2019,Adult,Black,Male,Light-Feather,2,João Ricardo Bordignon Miyao,Cicero Costha Internacional
World IBJJF Jiu-Jitsu No-Gi Championship ,2019,Adult,Black,Male,Feather,2,João Gabriel Batista de Sousa,ZR Team Association
World IBJJF Jiu-Jitsu No-Gi Championship ,2019,Adult,Black,Male,Light,2,Ygor dos Santos Rodrigues,CT MR
World IBJJF Jiu-Jitsu No-Gi Championship ,2019,Adult,Black,Male,Middle,2,Jaime Soares Canuto,GF Team
World IBJJF Jiu-Jitsu No-Gi Championship ,2019,Adult,Black,Male,Medium-Heavy,2,Gabriel Salles Muniz Almeida,CheckMat
World IBJJF Jiu-Jitsu No-Gi Championship ,2019,Adult,Black,Male,Heavy,2,Jackson Sousa dos Santos,CheckMat
World IBJJF Jiu-Jitsu No-Gi Championship ,2019,Adult,Black,Male,Super-Heavy,2,Eliot Andrew Kelly,Yemaso Brazilian Jiu-Jitsu
World IBJJF Jiu-Jitsu No-Gi Championship ,2019,Adult,Black,Male,Ultra-Heavy,2,James Richard Puopolo,Ribeiro Jiu-Jitsu
World IBJJF Jiu-Jitsu No-Gi Championship ,2019,Adult,Black,Male,Open Class,2,Roberto de Abreu Filho,Fight Sports
World IBJJF Jiu-Jitsu No-Gi Championship ,2019,Adult,Black,Male,Rooster,3,Marko Tapani Oikarainen,Hilti BJJ Turku
World IBJJF Jiu-Jitsu No-Gi Championship ,2019,Adult,Black,Male,Rooster,3,Nobuhiro Sawada,Tri-Force Jiu-Jitsu Academy
World IBJJF Jiu-Jitsu No-Gi Championship ,2019,Adult,Black,Male,Light-Feather,3,Anthony Guy De Oliveira,Werdum Combat Team France
World IBJJF Jiu-Jitsu No-Gi Championship ,2019,Adult,Black,Male,Light-Feather,3,Edwin Ocasio,Unity Jiu-jitsu
World IBJJF Jiu-Jitsu No-Gi Championship ,2019,Adult,Black,Male,Feather,3,Cole Thomas Franson,R1NG BJJ
World IBJJF Jiu-Jitsu No-Gi Championship ,2019,Adult,Black,Male,Feather,3,Gabriel Marangoni de Oliveira,Brasa CTA
World IBJJF Jiu-Jitsu No-Gi Championship ,2019,Adult,Black,Male,Light,3,Athos Ribeiro de Miranda,Alliance
World IBJJF Jiu-Jitsu No-Gi Championship ,2019,Adult,Black,Male,Light,3,Fabio Murat Caloi,Alliance
World IBJJF Jiu-Jitsu No-Gi Championship ,2019,Adult,Black,Male,Middle,3,Felipe Cesar Silva,Unity Jiu-jitsu
World IBJJF Jiu-Jitsu No-Gi Championship ,2019,Adult,Black,Male,Middle,3,Jeferson Guaresi,Unity Jiu-jitsu
World IBJJF Jiu-Jitsu No-Gi Championship ,2019,Adult,Black,Male,Medium-Heavy,3,Jose Mathias Macedo de Lira Luna,CheckMat
World IBJJF Jiu-Jitsu No-Gi Championship ,2019,Adult,Black,Male,Medium-Heavy,3,Rafael Lopes Paganini,Alliance
World IBJJF Jiu-Jitsu No-Gi Championship ,2019,Adult,Black,Male,Heavy,3,Fellipe Ubaiz Trovo,Gracie Barra
World IBJJF Jiu-Jitsu No-Gi Championship ,2019,Adult,Black,Male,Super-Heavy,3,Frederic Vosgröne,Carlson Gracie Team
World IBJJF Jiu-Jitsu No-Gi Championship ,2019,Adult,Black,Male,Super-Heavy,3,Marcelo Gomide Oliveira,Gracie Barra
World IBJJF Jiu-Jitsu No-Gi Championship ,2019,Adult,Black,Male,Ultra-Heavy,3,Fernando Camôles Ribas,Demian Maia Jiu-Jitsu
World IBJJF Jiu-Jitsu No-Gi Championship ,2019,Adult,Black,Male,Ultra-Heavy,3,Victor Hugo Costa Marques,Ribeiro Jiu-Jitsu
World IBJJF Jiu-Jitsu No-Gi Championship ,2019,Adult,Black,Male,Open Class,3,Marcelo Gomide Oliveira,Gracie Barra
World IBJJF Jiu-Jitsu No-Gi Championship ,2019,Adult,Black,Female,Rooster,1,Mayssa Caldas Pereira Bastos,GF Team
World IBJJF Jiu-Jitsu No-Gi Championship ,2019,Adult,Black,Female,Light-Feather,1,Amanda Monteiro Canuto,GF Team
World IBJJF Jiu-Jitsu No-Gi Championship ,2019,Adult,Black,Female,Feather,1,Ana Talita de Oliveira Alencar,Alliance
World IBJJF Jiu-Jitsu No-Gi Championship ,2019,Adult,Black,Female,Light,1,Nathalie Wan Soares Veras Ribeiro,CheckMat
World IBJJF Jiu-Jitsu No-Gi Championship ,2019,Adult,Black,Female,Middle,1,Raquel Dayne Kaleialoha Paaluhi,CheckMat
World IBJJF Jiu-Jitsu No-Gi Championship ,2019,Adult,Black,Female,Medium-Heavy,1,Vedha Clemente Toscano,CheckMat
World IBJJF Jiu-Jitsu No-Gi Championship ,2019,Adult,Black,Female,Heavy,1,Talita Andrea Nogueira,Ns Brotherhood
World IBJJF Jiu-Jitsu No-Gi Championship ,2019,Adult,Black,Female,Super-Heavy,1,Kendall Marie Reusing,Gracie Barra
World IBJJF Jiu-Jitsu No-Gi Championship ,2019,Adult,Black,Female,Open Class,1,Jessica da Silva Oliveira,Gracie Barra
World IBJJF Jiu-Jitsu No-Gi Championship ,2019,Adult,Black,Female,Rooster,2,Amber Rymarz-Freitas,Gracie Barra
World IBJJF Jiu-Jitsu No-Gi Championship ,2019,Adult,Black,Female,Light-Feather,2,Patrícia Magalhães Machado,Brazilian Top Team
World IBJJF Jiu-Jitsu No-Gi Championship ,2019,Adult,Black,Female,Feather,2,Heather H. Raftery,Atos Jiu-Jitsu
World IBJJF Jiu-Jitsu No-Gi Championship ,2019,Adult,Black,Female,Light,2,Jena Rae Bishop,Alliance
World IBJJF Jiu-Jitsu No-Gi Championship ,2019,Adult,Black,Female,Middle,2,Jaqueline de Moraes Amorim Ramos,CheckMat
World IBJJF Jiu-Jitsu No-Gi Championship ,2019,Adult,Black,Female,Medium-Heavy,2,Julia Boscher Seixas Pinto,Double Five
World IBJJF Jiu-Jitsu No-Gi Championship ,2019,Adult,Black,Female,Heavy,2,Elizabeth Katherine Mitrovic,Cassio Werneck BJJ
World IBJJF Jiu-Jitsu No-Gi Championship ,2019,Adult,Black,Female,Super-Heavy,2,Jessica da Silva Oliveira,Gracie Barra
World IBJJF Jiu-Jitsu No-Gi Championship ,2019,Adult,Black,Female,Open Class,2,Kendall Marie Reusing,Gracie Barra
World IBJJF Jiu-Jitsu No-Gi Championship ,2019,Adult,Black,Female,Light-Feather,3,Fiona M. Watson,Notorious Mixed Martial Arts
World IBJJF Jiu-Jitsu No-Gi Championship ,2019,Adult,Black,Female,Feather,3,Gabriela Meireles Fechter,CheckMat
World IBJJF Jiu-Jitsu No-Gi Championship ,2019,Adult,Black,Female,Feather,3,Karen Deisy Antunes Girotto Borges,CheckMat
World IBJJF Jiu-Jitsu No-Gi Championship ,2019,Adult,Black,Female,Light,3,Hannah Sharp,Silver Fox BJJ
World IBJJF Jiu-Jitsu No-Gi Championship ,2019,Adult,Black,Female,Light,3,Nicole Sullivan,Atos Jiu-Jitsu
World IBJJF Jiu-Jitsu No-Gi Championship ,2019,Adult,Black,Female,Middle,3,Gabrielle McComb Lima,Gracie Humaita
World IBJJF Jiu-Jitsu No-Gi Championship ,2019,Adult,Black,Female,Middle,3,Hannah Katharina Rauch,Gracie Humaita
World IBJJF Jiu-Jitsu No-Gi Championship ,2019,Adult,Black,Female,Medium-Heavy,3,Andressa Mezari Cintra,Gracie Barra
World IBJJF Jiu-Jitsu No-Gi Championship ,2019,Adult,Black,Female,Medium-Heavy,3,Thamara Ferreira Silva,Cicero Costha Internacional
World IBJJF Jiu-Jitsu No-Gi Championship ,2019,Adult,Black,Female,Heavy,3,Jessica Guedry,Soul Fighters BJJ
World IBJJF Jiu-Jitsu No-Gi Championship ,2019,Adult,Black,Female,Heavy,3,Veronica Macedo Fernandez,Mako Team Paris
World IBJJF Jiu-Jitsu No-Gi Championship ,2019,Adult,Black,Female,Super-Heavy,3,Tammy M Griego,Gracie Barra BJJ
World IBJJF Jiu-Jitsu No-Gi Championship ,2019,Adult,Black,Female,Open Class,3,Gabrielle McComb Lima,Gracie Humaita
World IBJJF Jiu-Jitsu No-Gi Championship ,2019,Adult,Black,Female,Open Class,3,Heather H. Raftery,Atos Jiu-Jitsu
World IBJJF Jiu-Jitsu No-Gi Championship ,2021,Adult,Black,Male,Rooster,1,Estevan G Martinez-Garcia,ZR Team Association
World IBJJF Jiu-Jitsu No-Gi Championship ,2021,Adult,Black,Male,Light-Feather,1,Carlos Alberto Oliveira da Silva,GF Team
World IBJJF Jiu-Jitsu No-Gi Championship ,2021,Adult,Black,Male,Feather,1,Diego Oliveira Batista,PSLPB Cicero Costha USA
World IBJJF Jiu-Jitsu No-Gi Championship ,2021,Adult,Black,Male,Light,1,Gianni Paul Grippo,Alliance
World IBJJF Jiu-Jitsu No-Gi Championship ,2021,Adult,Black,Male,Middle,1,Hugo Doerzapff Marques,Ares BJJ
World IBJJF Jiu-Jitsu No-Gi Championship ,2021,Adult,Black,Male,Medium-Heavy,1,Jeferson Guaresi,Unity Jiu-jitsu
World IBJJF Jiu-Jitsu No-Gi Championship ,2021,Adult,Black,Male,Heavy,1,Pedro Fillipe Serra Marinho,Gracie Barra
World IBJJF Jiu-Jitsu No-Gi Championship ,2021,Adult,Black,Male,Super-Heavy,1,Devhonte M. Johnson,Unity Jiu-jitsu
World IBJJF Jiu-Jitsu No-Gi Championship ,2021,Adult,Black,Male,Ultra-Heavy,1,Roberto de Abreu Filho,Fight Sports
World IBJJF Jiu-Jitsu No-Gi Championship ,2021,Adult,Black,Male,Open Class,1,Pedro Fillipe Serra Marinho,Gracie Barra
World IBJJF Jiu-Jitsu No-Gi Championship ,2021,Adult,Black,Male,Rooster,2,Roiter Lima Silva Junior,Gracie Barra
World IBJJF Jiu-Jitsu No-Gi Championship ,2021,Adult,Black,Male,Light-Feather,2,Paulo H. Bordignon Miyao,PSLPB Cicero Costha USA
World IBJJF Jiu-Jitsu No-Gi Championship ,2021,Adult,Black,Male,Feather,2,João Gabriel Batista de Sousa,ZR Team Association
World IBJJF Jiu-Jitsu No-Gi Championship ,2021,Adult,Black,Male,Light,2,Lucas Emanuel da Silva,Gracie Barra
World IBJJF Jiu-Jitsu No-Gi Championship ,2021,Adult,Black,Male,Middle,2,Dante Scott Leon,GF Team
World IBJJF Jiu-Jitsu No-Gi Championship ,2021,Adult,Black,Male,Medium-Heavy,2,Pedro Henrique de Oliveira e Silva Rocha,Double Five Highland Village
World IBJJF Jiu-Jitsu No-Gi Championship ,2021,Adult,Black,Male,Heavy,2,Vagner S Rocha,Fight Sports
World IBJJF Jiu-Jitsu No-Gi Championship ,2021,Adult,Black,Male,Super-Heavy,2,Joseph Othmar Dierkhising,BJJ Revolution Team
World IBJJF Jiu-Jitsu No-Gi Championship ,2021,Adult,Black,Male,Ultra-Heavy,2,Victor Hugo Costa Marques,Six Blades Jiu-Jitsu
World IBJJF Jiu-Jitsu No-Gi Championship ,2021,Adult,Black,Male,Open Class,2,Roberto de Abreu Filho,Fight Sports
World IBJJF Jiu-Jitsu No-Gi Championship ,2021,Adult,Black,Male,Rooster,3,Lee Rosenfield,Form Jiu Jitsu Academy
World IBJJF Jiu-Jitsu No-Gi Championship ,2021,Adult,Black,Male,Rooster,3,Marcelo Cohen,Fabio Novaes BJJ
World IBJJF Jiu-Jitsu No-Gi Championship ,2021,Adult,Black,Male,Light-Feather,3,Edwin Ocasio,Unity Jiu-jitsu
World IBJJF Jiu-Jitsu No-Gi Championship ,2021,Adult,Black,Male,Light-Feather,3,Willis da Mota Nunes,CheckMat
World IBJJF Jiu-Jitsu No-Gi Championship ,2021,Adult,Black,Male,Feather,3,Damion Shaun Oranday,Alliance
World IBJJF Jiu-Jitsu No-Gi Championship ,2021,Adult,Black,Male,Feather,3,Daniel Maira,Studio76 Jiu-Jitsu Las Vegas
World IBJJF Jiu-Jitsu No-Gi Championship ,2021,Adult,Black,Male,Light,3,Fabio Murat Caloi,Alliance International
World IBJJF Jiu-Jitsu No-Gi Championship ,2021,Adult,Black,Male,Light,3,Rodrigo Francioni Dias,Fight Sports International
World IBJJF Jiu-Jitsu No-Gi Championship ,2021,Adult,Black,Male,Middle,3,Alexandre Joaquim de Jesus,Atos Jiu-Jitsu
World IBJJF Jiu-Jitsu No-Gi Championship ,2021,Adult,Black,Male,Middle,3,Paulo Gabriel Martins da Costa,Atos Jiu-Jitsu
World IBJJF Jiu-Jitsu No-Gi Championship ,2021,Adult,Black,Male,Medium-Heavy,3,Eric Hunter Newton,Gracie Barra BJJ
World IBJJF Jiu-Jitsu No-Gi Championship ,2021,Adult,Black,Male,Medium-Heavy,3,Rodrigo Lopes Martins,Double Five Highland Village
World IBJJF Jiu-Jitsu No-Gi Championship ,2021,Adult,Black,Male,Heavy,3,Adam Wardzinski,CheckMat
World IBJJF Jiu-Jitsu No-Gi Championship ,2021,Adult,Black,Male,Heavy,3,Diego Dias Ramalho,ZR Team Association
World IBJJF Jiu-Jitsu No-Gi Championship ,2021,Adult,Black,Male,Super-Heavy,3,Eliot Andrew Kelly,American Jiu-Jitsu Syndicate
World IBJJF Jiu-Jitsu No-Gi Championship ,2021,Adult,Black,Male,Super-Heavy,3,Vinicius Ferreira Gazola,Alliance
World IBJJF Jiu-Jitsu No-Gi Championship ,2021,Adult,Black,Male,Ultra-Heavy,3,John Leslie Hansen,Pedigo Submission Fighting
World IBJJF Jiu-Jitsu No-Gi Championship ,2021,Adult,Black,Male,Ultra-Heavy,3,Max dos Santos Gimenis,GF Team
World IBJJF Jiu-Jitsu No-Gi Championship ,2021,Adult,Black,Male,Open Class,3,Adam Wardzinski,CheckMat
World IBJJF Jiu-Jitsu No-Gi Championship ,2021,Adult,Black,Male,Open Class,3,Gabriel Salles Muniz Almeida,CheckMat
World IBJJF Jiu-Jitsu No-Gi Championship ,2021,Adult,Black,Female,Light-Feather,1,Mayssa Caldas Pereira Bastos,GF Team
World IBJJF Jiu-Jitsu No-Gi Championship ,2021,Adult,Black,Female,Feather,1,Ana Talita de Oliveira Alencar,"American Combat Gym, Llc"
World IBJJF Jiu-Jitsu No-Gi Championship ,2021,Adult,Black,Female,Light,1,Ffion Eira Davies,ECJJA
World IBJJF Jiu-Jitsu No-Gi Championship ,2021,Adult,Black,Female,Middle,1,Raquel Dayne Kaleialoha Paaluhi,CheckMat
World IBJJF Jiu-Jitsu No-Gi Championship ,2021,Adult,Black,Female,Medium-Heavy,1,Elisabeth Ann Clay,Ares BJJ
World IBJJF Jiu-Jitsu No-Gi Championship ,2021,Adult,Black,Female,Heavy,1,Rafaela Ribeiro Guedes,Atos Jiu-Jitsu
World IBJJF Jiu-Jitsu No-Gi Championship ,2021,Adult,Black,Female,Super-Heavy,1,Mayara Monteiro Custódio,CheckMat
World IBJJF Jiu-Jitsu No-Gi Championship ,2021,Adult,Black,Female,Open Class,1,Rafaela Ribeiro Guedes,Atos Jiu-Jitsu
World IBJJF Jiu-Jitsu No-Gi Championship ,2021,Adult,Black,Female,Light-Feather,2,Sofia Rosa Amarante,Aviv Jiu-Jitsu
World IBJJF Jiu-Jitsu No-Gi Championship ,2021,Adult,Black,Female,Feather,2,Gabrielle McComb Lima,Atos Jiu-Jitsu
World IBJJF Jiu-Jitsu No-Gi Championship ,2021,Adult,Black,Female,Light,2,Hannah Sharp,Renzo Gracie Academy
World IBJJF Jiu-Jitsu No-Gi Championship ,2021,Adult,Black,Female,Middle,2,Nathalie Wan Soares Veras Ribeiro,CheckMat
World IBJJF Jiu-Jitsu No-Gi Championship ,2021,Adult,Black,Female,Medium-Heavy,2,Bridget Mceliece,Renzo Gracie Academy
World IBJJF Jiu-Jitsu No-Gi Championship ,2021,Adult,Black,Female,Heavy,2,Maria Malyjasiak,Abmar Barbosa Association
World IBJJF Jiu-Jitsu No-Gi Championship ,2021,Adult,Black,Female,Super-Heavy,2,Alison Victoria Tremblay,Brazilian Top Team
World IBJJF Jiu-Jitsu No-Gi Championship ,2021,Adult,Black,Female,Open Class,2,Elisabeth Ann Clay,Ares BJJ
World IBJJF Jiu-Jitsu No-Gi Championship ,2021,Adult,Black,Female,Light-Feather,3,Lavinia Francesconi Barbosa,CheckMat
World IBJJF Jiu-Jitsu No-Gi Championship ,2021,Adult,Black,Female,Light-Feather,3,Patrícia Maria N. Fontes dos Santos,CheckMat
World IBJJF Jiu-Jitsu No-Gi Championship ,2021,Adult,Black,Female,Feather,3,Jessica Rodriguez,Gracie Fighter
World IBJJF Jiu-Jitsu No-Gi Championship ,2021,Adult,Black,Female,Feather,3,Taylor Katherine Sausser,R1NG BJJ
World IBJJF Jiu-Jitsu No-Gi Championship ,2021,Adult,Black,Female,Light,3,Heather H. Raftery,Atos Jiu-Jitsu
World IBJJF Jiu-Jitsu No-Gi Championship ,2021,Adult,Black,Female,Light,3,Nicole Sullivan,Atos Jiu-Jitsu
World IBJJF Jiu-Jitsu No-Gi Championship ,2021,Adult,Black,Female,Middle,3,Erin Johnson,Iron Roots BJJ
World IBJJF Jiu-Jitsu No-Gi Championship ,2021,Adult,Black,Female,Medium-Heavy,3,Fernanda Sabrina Elias Figueira,PSLPB Cicero Costha USA
World IBJJF Jiu-Jitsu No-Gi Championship ,2021,Adult,Black,Female,Medium-Heavy,3,Jordan Elizabeth Patrick,Triton Fight Center
World IBJJF Jiu-Jitsu No-Gi Championship ,2021,Adult,Black,Female,Heavy,3,Elizabeth Katherine Mitrovic,Alliance
World IBJJF Jiu-Jitsu No-Gi Championship ,2021,Adult,Black,Female,Heavy,3,Maggie Grindatti,Fight Sports
World IBJJF Jiu-Jitsu No-Gi Championship ,2021,Adult,Black,Female,Super-Heavy,3,Fernanda Mazzelli Almeida Maio,Striker JJ
World IBJJF Jiu-Jitsu No-Gi Championship ,2021,Adult,Black,Female,Open Class,3,Gabrielle McComb Lima,Atos Jiu-Jitsu
World IBJJF Jiu-Jitsu No-Gi Championship ,2021,Adult,Black,Female,Open Class,3,Maria Malyjasiak,Abmar Barbosa Association
World IBJJF Jiu-Jitsu No-Gi Championship ,2022,Adult,Black,Male,Rooster,1,Osamah Ali Ali Almarwai,Atos Jiu-Jitsu
World IBJJF Jiu-Jitsu No-Gi Championship ,2022,Adult,Black,Male,Light-Feather,1,Lucas dos Santos Pinheiro,Atos Jiu-Jitsu
World IBJJF Jiu-Jitsu No-Gi Championship ,2022,Adult,Black,Male,Feather,1,Gianni Paul Grippo,Alliance
World IBJJF Jiu-Jitsu No-Gi Championship ,2022,Adult,Black,Male,Light,1,Dante Scott Leon,Pedigo Submission Fighting
World IBJJF Jiu-Jitsu No-Gi Championship ,2022,Adult,Black,Male,Middle,1,Andy Tomas Murasaki Pereira,Atos Jiu-Jitsu
World IBJJF Jiu-Jitsu No-Gi Championship ,2022,Adult,Black,Male,Medium-Heavy,1,Sebastian Rodriguez Williams,Unity Jiu-jitsu
World IBJJF Jiu-Jitsu No-Gi Championship ,2022,Adult,Black,Male,Super-Heavy,1,Fellipe Ubaiz Trovo,Atos Jiu-Jitsu
World IBJJF Jiu-Jitsu No-Gi Championship ,2022,Adult,Black,Male,Ultra-Heavy,1,Victor Hugo Costa Marques,Six Blades Jiu-Jitsu
World IBJJF Jiu-Jitsu No-Gi Championship ,2022,Adult,Black,Male,Rooster,2,Roiter Lima Silva Junior,Gracie Barra
World IBJJF Jiu-Jitsu No-Gi Championship ,2022,Adult,Black,Male,Light-Feather,2,Carlos Alberto Oliveira da Silva,GF Team
World IBJJF Jiu-Jitsu No-Gi Championship ,2022,Adult,Black,Male,Feather,2,Gavin Mikhail Corbe,Standard Jiu-Jitsu
World IBJJF Jiu-Jitsu No-Gi Championship ,2022,Adult,Black,Male,Light,2,Carlos Henrique Costa Campos,DreamArt
World IBJJF Jiu-Jitsu No-Gi Championship ,2022,Adult,Black,Male,Middle,2,John Taylor Combs,Easton BJJ
World IBJJF Jiu-Jitsu No-Gi Championship ,2022,Adult,Black,Male,Medium-Heavy,2,Felipe Cesar Silva,Unity Jiu-jitsu
World IBJJF Jiu-Jitsu No-Gi Championship ,2022,Adult,Black,Male,Super-Heavy,2,Cássio Felipe Sousa Costa,Six Blades Jiu-Jitsu
World IBJJF Jiu-Jitsu No-Gi Championship ,2022,Adult,Black,Male,Ultra-Heavy,2,John Leslie Hansen,Pedigo Submission Fighting
World IBJJF Jiu-Jitsu No-Gi Championship ,2022,Adult,Black,Male,Rooster,3,Coco Izutsu,AOJ
World IBJJF Jiu-Jitsu No-Gi Championship ,2022,Adult,Black,Male,Rooster,3,Estevan G Martinez-Garcia,ZR Team Association
World IBJJF Jiu-Jitsu No-Gi Championship ,2022,Adult,Black,Male,Light-Feather,3,Cleber de Sousa Fernandes,Atos Jiu-Jitsu
World IBJJF Jiu-Jitsu No-Gi Championship ,2022,Adult,Black,Male,Light-Feather,3,Edwin Ocasio,Unity Jiu-jitsu
World IBJJF Jiu-Jitsu No-Gi Championship ,2022,Adult,Black,Male,Feather,3,Anthony Guy De Oliveira,D.O.A. Jiu-Jitsu
World IBJJF Jiu-Jitsu No-Gi Championship ,2022,Adult,Black,Male,Feather,3,Daniel Joseph Maira,Movement Art
World IBJJF Jiu-Jitsu No-Gi Championship ,2022,Adult,Black,Male,Light,3,Deandre Villarama Corbe,Standard Jiu-Jitsu
World IBJJF Jiu-Jitsu No-Gi Championship ,2022,Adult,Black,Male,Light,3,Ellis Reece Younger,ECJJA
World IBJJF Jiu-Jitsu No-Gi Championship ,2022,Adult,Black,Male,Middle,3,Italo Moura de Azevedo,Unity Jiu-jitsu
World IBJJF Jiu-Jitsu No-Gi Championship ,2022,Adult,Black,Male,Middle,3,Johnny J. Tama Apolinario,Alliance
World IBJJF Jiu-Jitsu No-Gi Championship ,2022,Adult,Black,Male,Medium-Heavy,3,Francisco de Assis Lemos Lo,Cicero Costha Internacional
World IBJJF Jiu-Jitsu No-Gi Championship ,2022,Adult,Black,Male,Medium-Heavy,3,José Bruno Pereira Matias,Gracie Barra
World IBJJF Jiu-Jitsu No-Gi Championship ,2022,Adult,Black,Male,Heavy,3,Charles Negromonte Santos,SJJA Jiu-Jitsu Academy
World IBJJF Jiu-Jitsu No-Gi Championship ,2022,Adult,Black,Male,Heavy,3,Santeri Lilius,Lilius Barnatt Martial Arts
World IBJJF Jiu-Jitsu No-Gi Championship ,2022,Adult,Black,Male,Super-Heavy,3,Adam Piotr Wardzinski,CheckMat
World IBJJF Jiu-Jitsu No-Gi Championship ,2022,Adult,Black,Male,Super-Heavy,3,Frederic Leonhard Vosgröne,Carlson Gracie Team
World IBJJF Jiu-Jitsu No-Gi Championship ,2022,Adult,Black,Male,Ultra-Heavy,3,Austin Rashad Baker,Sol BJJ
World IBJJF Jiu-Jitsu No-Gi Championship ,2022,Adult,Black,Male,Ultra-Heavy,3,Roosevelt Pereira Lima de Souza,Fight Sports
World IBJJF Jiu-Jitsu No-Gi Championship ,2022,Adult,Black,Male,Open Class,3,Roosevelt Pereira Lima de Souza,Fight Sports
World IBJJF Jiu-Jitsu No-Gi Championship ,2022,Adult,Black,Male,Open Class,3,Victor Hugo Costa Marques,Six Blades Jiu-Jitsu
World IBJJF Jiu-Jitsu No-Gi Championship ,2022,Adult,Black,Female,Rooster,1,Jhenifer Diogenes de Aquino,Atos Jiu-Jitsu
World IBJJF Jiu-Jitsu No-Gi Championship ,2022,Adult,Black,Female,Light-Feather,1,My Bao Nguyen,Standard Jiu-Jitsu
World IBJJF Jiu-Jitsu No-Gi Championship ,2022,Adult,Black,Female,Feather,1,Tammi Alana Musumeci,Pedigo Submission Fighting
World IBJJF Jiu-Jitsu No-Gi Championship ,2022,Adult,Black,Female,Light,1,Brianna Ste-Marie,Brazilian Top Team
World IBJJF Jiu-Jitsu No-Gi Championship ,2022,Adult,Black,Female,Middle,1,Elisabeth Ann Clay,Ares BJJ
World IBJJF Jiu-Jitsu No-Gi Championship ,2022,Adult,Black,Female,Medium-Heavy,1,Amy Scot Campo,Zenith BJJ - Las Vegas
World IBJJF Jiu-Jitsu No-Gi Championship ,2022,Adult,Black,Female,Heavy,1,Andressa Mezari Cintra,Gracie Barra
World IBJJF Jiu-Jitsu No-Gi Championship ,2022,Adult,Black,Female,Super-Heavy,1,Letícia Cardozo de Carvalho,Alliance
World IBJJF Jiu-Jitsu No-Gi Championship ,2022,Adult,Black,Female,Open Class,1,Elisabeth Ann Clay,Ares BJJ
World IBJJF Jiu-Jitsu No-Gi Championship ,2022,Adult,Black,Female,Rooster,2,Giulia Guimarães Gregorut,Alliance
World IBJJF Jiu-Jitsu No-Gi Championship ,2022,Adult,Black,Female,Light-Feather,2,Jessica Malley Crane,Ares BJJ
World IBJJF Jiu-Jitsu No-Gi Championship ,2022,Adult,Black,Female,Feather,2,Jasmine Rocha,Fight Sports
World IBJJF Jiu-Jitsu No-Gi Championship ,2022,Adult,Black,Female,Light,2,Nicole C. Sullivan,Atos Jiu-Jitsu
World IBJJF Jiu-Jitsu No-Gi Championship ,2022,Adult,Black,Female,Middle,2,Vannessa Nancy Griffin,Team Lloyd Irvin
World IBJJF Jiu-Jitsu No-Gi Championship ,2022,Adult,Black,Female,Medium-Heavy,2,Melissa Stricker Cueto,Alliance
World IBJJF Jiu-Jitsu No-Gi Championship ,2022,Adult,Black,Female,Heavy,2,Thalyta Stefhane Lima Silva,DreamArt
World IBJJF Jiu-Jitsu No-Gi Championship ,2022,Adult,Black,Female,Super-Heavy,2,Luciana Mota Castelo Branco,Alliance
World IBJJF Jiu-Jitsu No-Gi Championship ,2022,Adult,Black,Female,Open Class,2,Amy Scot Campo,Zenith BJJ - Las Vegas
World IBJJF Jiu-Jitsu No-Gi Championship ,2022,Adult,Black,Female,Rooster,3,Amber R Rymarz-Freitas,Smartjits
World IBJJF Jiu-Jitsu No-Gi Championship ,2022,Adult,Black,Female,Rooster,3,Mariana Cabral Rolszt,Gracie Humaita
World IBJJF Jiu-Jitsu No-Gi Championship ,2022,Adult,Black,Female,Light-Feather,3,Andreza Costa Morais de Sousa,Ares BJJ
World IBJJF Jiu-Jitsu No-Gi Championship ,2022,Adult,Black,Female,Light-Feather,3,Nina Navid,Roger Gracie Academy
World IBJJF Jiu-Jitsu No-Gi Championship ,2022,Adult,Black,Female,Feather,3,Alexandria Luz V Enriquez,Atos Jiu-Jitsu
World IBJJF Jiu-Jitsu No-Gi Championship ,2022,Adult,Black,Female,Feather,3,Ashley Louise Bendle,Draig
World IBJJF Jiu-Jitsu No-Gi Championship ,2022,Adult,Black,Female,Light,3,Claire Elaine North,TAC Team BJJ
World IBJJF Jiu-Jitsu No-Gi Championship ,2022,Adult,Black,Female,Light,3,Janine Lillian Mutton,Cicero Costha Internacional
World IBJJF Jiu-Jitsu No-Gi Championship ,2022,Adult,Black,Female,Middle,3,Julia Maele,OXY
World IBJJF Jiu-Jitsu No-Gi Championship ,2022,Adult,Black,Female,Middle,3,Rachel Claire Ranschau,Atos Jiu-Jitsu
World IBJJF Jiu-Jitsu No-Gi Championship ,2022,Adult,Black,Female,Medium-Heavy,3,Ane N. Svendsen,GF Team
World IBJJF Jiu-Jitsu No-Gi Championship ,2022,Adult,Black,Female,Medium-Heavy,3,Márcia Karina Figueiredo Ramos,GF Team
World IBJJF Jiu-Jitsu No-Gi Championship ,2022,Adult,Black,Female,Heavy,3,Eleftheria Christodoulou,ZR Team Association
World IBJJF Jiu-Jitsu No-Gi Championship ,2022,Adult,Black,Female,Heavy,3,Tara Giovanna White,CheckMat
World IBJJF Jiu-Jitsu No-Gi Championship ,2022,Adult,Black,Female,Super-Heavy,3,Fernanda Mazzelli Almeida Maio,Striker JJ
World IBJJF Jiu-Jitsu No-Gi Championship ,2022,Adult,Black,Female,Super-Heavy,3,Graciele Del Fava de Carvalho,Guigo JJ
World IBJJF Jiu-Jitsu No-Gi Championship ,2022,Adult,Black,Female,Open Class,3,Fernanda Mazzelli Almeida Maio,Striker JJ
World IBJJF Jiu-Jitsu No-Gi Championship ,2022,Adult,Black,Female,Open Class,3,Luciana Mota Castelo Branco,Alliance
World IBJJF Jiu-Jitsu No-Gi Championship ,2023,Adult,Black,Male,Rooster,1,Everton Celio de Souza Teixeira,Qatar BJJ / Vision Brasil
World IBJJF Jiu-Jitsu No-Gi Championship ,2023,Adult,Black,Male,Light-Feather,1,Edwin Ocasio,Unity Jiu-jitsu
World IBJJF Jiu-Jitsu No-Gi Championship ,2023,Adult,Black,Male,Feather,1,Diego Oliveira Batista,AOJ
World IBJJF Jiu-Jitsu No-Gi Championship ,2023,Adult,Black,Male,Light,1,Lucas Sette C. Valente Tobias,Gracie Barra
World IBJJF Jiu-Jitsu No-Gi Championship ,2023,Adult,Black,Male,Middle,1,Tommy Lilleskog Langaker,Nova União
World IBJJF Jiu-Jitsu No-Gi Championship ,2023,Adult,Black,Male,Medium-Heavy,1,Ronaldo Pereira de Souza Júnior,Atos Jiu-Jitsu
World IBJJF Jiu-Jitsu No-Gi Championship ,2023,Adult,Black,Male,Heavy,1,Elder Alexander Cruz Hernandez,CheckMat
World IBJJF Jiu-Jitsu No-Gi Championship ,2023,Adult,Black,Male,Super-Heavy,1,Javier Zaruski Saul,Atos Jiu-Jitsu
World IBJJF Jiu-Jitsu No-Gi Championship ,2023,Adult,Black,Male,Ultra-Heavy,1,Roosevelt Pereira Lima de Souza,Fight Sports
World IBJJF Jiu-Jitsu No-Gi Championship ,2023,Adult,Black,Male,Open Class,1,Roberto Francisco Jimenez,Studio76 Jiu-Jitsu Las Vegas
World IBJJF Jiu-Jitsu No-Gi Championship ,2023,Adult,Black,Male,Rooster,2,Riki Yoshinaga,Tri-Force Jiu-Jitsu Academy
World IBJJF Jiu-Jitsu No-Gi Championship ,2023,Adult,Black,Male,Light-Feather,2,Zachary Kaima'alili Kaina-Kokubun,AOJ
World IBJJF Jiu-Jitsu No-Gi Championship ,2023,Adult,Black,Male,Feather,2,Gianni Paul Grippo,Alliance
World IBJJF Jiu-Jitsu No-Gi Championship ,2023,Adult,Black,Male,Light,2,Deandre Villarama Corbe,Standard Jiu-Jitsu
World IBJJF Jiu-Jitsu No-Gi Championship ,2023,Adult,Black,Male,Middle,2,Michael Anthony Perez,Atos Jiu-Jitsu
World IBJJF Jiu-Jitsu No-Gi Championship ,2023,Adult,Black,Male,Medium-Heavy,2,David Salem Garmo,Detroit Jiu-Jitsu Syndicate
World IBJJF Jiu-Jitsu No-Gi Championship ,2023,Adult,Black,Male,Heavy,2,Adam Piotr Wardzinski,CheckMat
World IBJJF Jiu-Jitsu No-Gi Championship ,2023,Adult,Black,Male,Super-Heavy,2,Vinicius Ferreira Gazola,Alliance
World IBJJF Jiu-Jitsu No-Gi Championship ,2023,Adult,Black,Male,Ultra-Heavy,2,Heikki Lauri Eemil Jussila,Helsigin Paini-Miehet
World IBJJF Jiu-Jitsu No-Gi Championship ,2023,Adult,Black,Male,Open Class,2,Roosevelt Pereira Lima de Souza,Fight Sports
World IBJJF Jiu-Jitsu No-Gi Championship ,2023,Adult,Black,Male,Rooster,3,Christopher Duyquan Tran,Team Lloyd Irvin
World IBJJF Jiu-Jitsu No-Gi Championship ,2023,Adult,Black,Male,Rooster,3,Lucas de Souza Castro,Gracie Barra
World IBJJF Jiu-Jitsu No-Gi Championship ,2023,Adult,Black,Male,Light-Feather,3,Rodnei Barbosa Gabriel Jr.,CheckMat
World IBJJF Jiu-Jitsu No-Gi Championship ,2023,Adult,Black,Male,Light-Feather,3,Shoya Ishiguro,Carpe Diem
World IBJJF Jiu-Jitsu No-Gi Championship ,2023,Adult,Black,Male,Feather,3,José Julián  Espinosa Flores,Renzo Gracie International
World IBJJF Jiu-Jitsu No-Gi Championship ,2023,Adult,Black,Male,Feather,3,Marco Vinicius Mendes Brito,DreamArt
World IBJJF Jiu-Jitsu No-Gi Championship ,2023,Adult,Black,Male,Light,3,Daniel Sathler Campos,Atos Jiu-Jitsu
World IBJJF Jiu-Jitsu No-Gi Championship ,2023,Adult,Black,Male,Light,3,Danilo Soares Moreira,Ares BJJ
World IBJJF Jiu-Jitsu No-Gi Championship ,2023,Adult,Black,Male,Middle,3,Fabio Murat Caloi,Alliance
World IBJJF Jiu-Jitsu No-Gi Championship ,2023,Adult,Black,Male,Middle,3,Luiz Paulo Carneiro Medeiros,Alliance
World IBJJF Jiu-Jitsu No-Gi Championship ,2023,Adult,Black,Male,Medium-Heavy,3,Rafael Lopes Paganini,DreamArt
World IBJJF Jiu-Jitsu No-Gi Championship ,2023,Adult,Black,Male,Medium-Heavy,3,Sebastian Rodriguez Williams,Unity Jiu-jitsu
World IBJJF Jiu-Jitsu No-Gi Championship ,2023,Adult,Black,Male,Heavy,3,Roberto Francisco Jimenez,Studio76 Jiu-Jitsu Las Vegas
World IBJJF Jiu-Jitsu No-Gi Championship ,2023,Adult,Black,Male,Heavy,3,Vegard Arentz Randeberg,OXY
World IBJJF Jiu-Jitsu No-Gi Championship ,2023,Adult,Black,Male,Super-Heavy,3,Helton José M. da Silva Junior,CheckMat
World IBJJF Jiu-Jitsu No-Gi Championship ,2023,Adult,Black,Male,Super-Heavy,3,Vinicius Alves Lessa Paula,Esporte Dez / Instituto Calasans Camargo
World IBJJF Jiu-Jitsu No-Gi Championship ,2023,Adult,Black,Male,Ultra-Heavy,3,Daniel Ribeiro da Conceição,GFTeam - Jiu Art
World IBJJF Jiu-Jitsu No-Gi Championship ,2023,Adult,Black,Male,Ultra-Heavy,3,Gabriel de Oliveira Haddad Duarte,Lotus Club USA
World IBJJF Jiu-Jitsu No-Gi Championship ,2023,Adult,Black,Male,Open Class,3,Elder Alexander Cruz Hernandez,CheckMat
World IBJJF Jiu-Jitsu No-Gi Championship ,2023,Adult,Black,Male,Open Class,3,Vinicius Ferreira Gazola,Alliance
World IBJJF Jiu-Jitsu No-Gi Championship ,2023,Adult,Black,Female,Rooster,1,Mayssa Caldas Pereira Bastos,AOJ
World IBJJF Jiu-Jitsu No-Gi Championship ,2023,Adult,Black,Female,Light-Feather,1,Tammi Alana Musumeci,Pedigo Submission Fighting
World IBJJF Jiu-Jitsu No-Gi Championship ,2023,Adult,Black,Female,Feather,1,Alexandria Luz V Enriquez,Atos Jiu-Jitsu
World IBJJF Jiu-Jitsu No-Gi Championship ,2023,Adult,Black,Female,Light,1,Ffion Eira Davies,Atos Jiu-Jitsu
World IBJJF Jiu-Jitsu No-Gi Championship ,2023,Adult,Black,Female,Middle,1,Gabrielle Mc Comb Lima,Atos Jiu-Jitsu
World IBJJF Jiu-Jitsu No-Gi Championship ,2023,Adult,Black,Female,Medium-Heavy,1,Elizabeth Katherine Mitrovic,Alliance
World IBJJF Jiu-Jitsu No-Gi Championship ,2023,Adult,Black,Female,Heavy,1,Andressa Mezari Cintra,Gracie Barra
World IBJJF Jiu-Jitsu No-Gi Championship ,2023,Adult,Black,Female,Super-Heavy,1,Kendall Marie Reusing,Gracie Barra
World IBJJF Jiu-Jitsu No-Gi Championship ,2023,Adult,Black,Female,Open Class,1,Ffion Eira Davies,Atos Jiu-Jitsu
World IBJJF Jiu-Jitsu No-Gi Championship ,2023,Adult,Black,Female,Rooster,2,Mariana Cabral Rolszt,Gracie Humaita
World IBJJF Jiu-Jitsu No-Gi Championship ,2023,Adult,Black,Female,Light-Feather,2,Jessamine Jada Kaina,AOJ
World IBJJF Jiu-Jitsu No-Gi Championship ,2023,Adult,Black,Female,Feather,2,Adele Marie Fornarino,Atos Jiu-Jitsu
World IBJJF Jiu-Jitsu No-Gi Championship ,2023,Adult,Black,Female,Light,2,Amanda Dean Bruse,Atos Jiu-Jitsu
World IBJJF Jiu-Jitsu No-Gi Championship ,2023,Adult,Black,Female,Middle,2,Thamara Ferreira Silva,Brasa CTA
World IBJJF Jiu-Jitsu No-Gi Championship ,2023,Adult,Black,Female,Medium-Heavy,2,Salla Mari Simola,Hilti BJJ Turku
World IBJJF Jiu-Jitsu No-Gi Championship ,2023,Adult,Black,Female,Heavy,2,Rafaela Ribeiro Guedes,Atos Jiu-Jitsu
World IBJJF Jiu-Jitsu No-Gi Championship ,2023,Adult,Black,Female,Super-Heavy,2,Mikaela Barros de Lima,GFTeam - Jiu Art
World IBJJF Jiu-Jitsu No-Gi Championship ,2023,Adult,Black,Female,Open Class,2,Gabrielle Mc Comb Lima,Atos Jiu-Jitsu
World IBJJF Jiu-Jitsu No-Gi Championship ,2023,Adult,Black,Female,Rooster,3,Amber R Rymarz-Freitas,Atos Jiu-Jitsu
World IBJJF Jiu-Jitsu No-Gi Championship ,2023,Adult,Black,Female,Rooster,3,Faye Lynn Cherrier,Atos Jiu-Jitsu
World IBJJF Jiu-Jitsu No-Gi Championship ,2023,Adult,Black,Female,Light-Feather,3,Dorothy Tran Dao,AOJ
World IBJJF Jiu-Jitsu No-Gi Championship ,2023,Adult,Black,Female,Light-Feather,3,Mara Ananda Kelly,BJJ Revolution Team - International
World IBJJF Jiu-Jitsu No-Gi Championship ,2023,Adult,Black,Female,Feather,3,Jessica Malley Crane,Team Mohler
World IBJJF Jiu-Jitsu No-Gi Championship ,2023,Adult,Black,Female,Feather,3,Raquel Ferreira da Silva,ZR Team Association
World IBJJF Jiu-Jitsu No-Gi Championship ,2023,Adult,Black,Female,Light,3,Joanna Christine Trindade,TAC Team BJJ
World IBJJF Jiu-Jitsu No-Gi Championship ,2023,Adult,Black,Female,Light,3,Julia Maele,OXY
World IBJJF Jiu-Jitsu No-Gi Championship ,2023,Adult,Black,Female,Middle,3,Caitlin Huggins,Pedigo Submission Fighting
World IBJJF Jiu-Jitsu No-Gi Championship ,2023,Adult,Black,Female,Middle,3,Deise Leonanjo Assonitis,Double Five
World IBJJF Jiu-Jitsu No-Gi Championship ,2023,Adult,Black,Female,Medium-Heavy,3,Graciele Del Fava de Carvalho,DreamArt
World IBJJF Jiu-Jitsu No-Gi Championship ,2023,Adult,Black,Female,Medium-Heavy,3,Jordan Elizabeth Patrick,Renzo Gracie Austin
World IBJJF Jiu-Jitsu No-Gi Championship ,2023,Adult,Black,Female,Heavy,3,Luciana Mota Castelo Branco,Alliance
World IBJJF Jiu-Jitsu No-Gi Championship ,2023,Adult,Black,Female,Heavy,3,Maria Malgorzata Malyjasiak,Abmar Barbosa Association
World IBJJF Jiu-Jitsu No-Gi Championship ,2023,Adult,Black,Female,Super-Heavy,3,Danielle R Walker,GFTeam - Jiu Art
World IBJJF Jiu-Jitsu No-Gi Championship ,2023,Adult,Black,Female,Super-Heavy,3,Rachel Anne Robinson,One Jiu-Jitsu USA
World IBJJF Jiu-Jitsu No-Gi Championship ,2023,Adult,Black,Female,Open Class,3,Ane N. Svendsen,GFTeam - Jiu Art
World IBJJF Jiu-Jitsu No-Gi Championship ,2023,Adult,Black,Female,Open Class,3,Maria Malgorzata Malyjasiak,Abmar Barbosa Association
World IBJJF Jiu-Jitsu No-Gi Championship ,2024,Adult,Black,Male,Rooster,1,Everton Celio de Souza Teixeira,Atos Jiu-Jitsu
World IBJJF Jiu-Jitsu No-Gi Championship ,2024,Adult,Black,Male,Light-Feather,1,Zachary Kaima'alili Kaina-Kokubun,AOJ
World IBJJF Jiu-Jitsu No-Gi Championship ,2024,Adult,Black,Male,Feather,1,Cole Anthony Abate,AOJ
World IBJJF Jiu-Jitsu No-Gi Championship ,2024,Adult,Black,Male,Light,1,Lucas Sette C. Valente Tobias,Gracie Barra
World IBJJF Jiu-Jitsu No-Gi Championship ,2024,Adult,Black,Male,Middle,1,Alexandre Joaquim de Jesus,Esporte Dez / Instituto Calasans Camargo
World IBJJF Jiu-Jitsu No-Gi Championship ,2024,Adult,Black,Male,Medium-Heavy,1,Wallisson Oliveira Souza,Atos Jiu-Jitsu
World IBJJF Jiu-Jitsu No-Gi Championship ,2024,Adult,Black,Male,Heavy,1,Faris Dean Benlamkadem,Roger Gracie Academy
World IBJJF Jiu-Jitsu No-Gi Championship ,2024,Adult,Black,Male,Super-Heavy,1,Marcos Carrozzino,GF Team
World IBJJF Jiu-Jitsu No-Gi Championship ,2024,Adult,Black,Male,Ultra-Heavy,1,Lucas Valentim Alves Montalvão,Ground Control
World IBJJF Jiu-Jitsu No-Gi Championship ,2024,Adult,Black,Male,Open Class,1,Elder Alexander Cruz Hernandez,CheckMat
World IBJJF Jiu-Jitsu No-Gi Championship ,2024,Adult,Black,Male,Rooster,2,Lucas de Souza Castro,Gracie Barra
World IBJJF Jiu-Jitsu No-Gi Championship ,2024,Adult,Black,Male,Light-Feather,2,Marcos Antonio Gomes Guedes,AOJ
World IBJJF Jiu-Jitsu No-Gi Championship ,2024,Adult,Black,Male,Feather,2,José Julián  Espinosa Flores,Renzo Gracie International
World IBJJF Jiu-Jitsu No-Gi Championship ,2024,Adult,Black,Male,Light,2,Gianni Paul Grippo,Bodega Jiu-Jitsu
World IBJJF Jiu-Jitsu No-Gi Championship ,2024,Adult,Black,Male,Middle,2,Fabyury Khrysthyan Texeira Freitas,AOJ
World IBJJF Jiu-Jitsu No-Gi Championship ,2024,Adult,Black,Male,Medium-Heavy,2,Francisco de Assis Lemos Lo,CheckMat
World IBJJF Jiu-Jitsu No-Gi Championship ,2024,Adult,Black,Male,Heavy,2,Calon F Eskeli-sabino,Atos Jiu-Jitsu
World IBJJF Jiu-Jitsu No-Gi Championship ,2024,Adult,Black,Male,Super-Heavy,2,Elder Alexander Cruz Hernandez,CheckMat
World IBJJF Jiu-Jitsu No-Gi Championship ,2024,Adult,Black,Male,Ultra-Heavy,2,Anderson Kauan Gomes Marinho,Infight JJ
World IBJJF Jiu-Jitsu No-Gi Championship ,2024,Adult,Black,Male,Open Class,2,Devhonte M. Johnson,Unity Jiu-jitsu
World IBJJF Jiu-Jitsu No-Gi Championship ,2024,Adult,Black,Male,Rooster,3,Christopher Duyquan Tran,Team Lloyd Irvin
World IBJJF Jiu-Jitsu No-Gi Championship ,2024,Adult,Black,Male,Rooster,3,Nobuhiro Sawada,Tri-Force Jiu-Jitsu Academy
World IBJJF Jiu-Jitsu No-Gi Championship ,2024,Adult,Black,Male,Light-Feather,3,Rodnei Barbosa Gabriel Jr.,CheckMat
World IBJJF Jiu-Jitsu No-Gi Championship ,2024,Adult,Black,Male,Light-Feather,3,Shoya Ishiguro,Carpe Diem
World IBJJF Jiu-Jitsu No-Gi Championship ,2024,Adult,Black,Male,Feather,3,Marco Vinicius Mendes Brito,DreamArt
World IBJJF Jiu-Jitsu No-Gi Championship ,2024,Adult,Black,Male,Feather,3,Sam Matthew Mc Nally,Atos Jiu-Jitsu
World IBJJF Jiu-Jitsu No-Gi Championship ,2024,Adult,Black,Male,Light,3,Carlos Henrique Costa Campos,Alliance
World IBJJF Jiu-Jitsu No-Gi Championship ,2024,Adult,Black,Male,Light,3,Yigit Hanay,Renzo Gracie International
World IBJJF Jiu-Jitsu No-Gi Championship ,2024,Adult,Black,Male,Middle,3,Arley Pacheco Damaceno Brandão,Gracie Barra
World IBJJF Jiu-Jitsu No-Gi Championship ,2024,Adult,Black,Male,Middle,3,Mateus de Moraes Coelho,Caio Terra Association Brasil
World IBJJF Jiu-Jitsu No-Gi Championship ,2024,Adult,Black,Male,Medium-Heavy,3,Gabriel Castro Vieira Lima,Inspirit Jiu-Jitsu Academy
World IBJJF Jiu-Jitsu No-Gi Championship ,2024,Adult,Black,Male,Medium-Heavy,3,Sebastian Rodriguez Williams,Unity Jiu-jitsu
World IBJJF Jiu-Jitsu No-Gi Championship ,2024,Adult,Black,Male,Heavy,3,Jose Jurema Nascimento de Carvalho,CheckMat
World IBJJF Jiu-Jitsu No-Gi Championship ,2024,Adult,Black,Male,Heavy,3,Sergio J Vilas,Team Lloyd Irvin
World IBJJF Jiu-Jitsu No-Gi Championship ,2024,Adult,Black,Male,Super-Heavy,3,Gabriel de Oliveira Haddad Duarte,Lotus Club USA
World IBJJF Jiu-Jitsu No-Gi Championship ,2024,Adult,Black,Male,Super-Heavy,3,Marcin Jan Maciulewicz,Brasa Poland
World IBJJF Jiu-Jitsu No-Gi Championship ,2024,Adult,Black,Male,Ultra-Heavy,3,Heikki Lauri Eemil Jussila,Sigma Jiu-Jitsu
World IBJJF Jiu-Jitsu No-Gi Championship ,2024,Adult,Black,Male,Ultra-Heavy,3,Roosevelt Pereira Lima de Souza,NY ECMMA
World IBJJF Jiu-Jitsu No-Gi Championship ,2024,Adult,Black,Male,Open Class,3,Gabriel de Oliveira Haddad Duarte,Lotus Club USA
World IBJJF Jiu-Jitsu No-Gi Championship ,2024,Adult,Black,Male,Open Class,3,João Pedro Nicolite Rocha,Caio Terra Association Brasil
World IBJJF Jiu-Jitsu No-Gi Championship ,2024,Adult,Black,Female,Rooster,1,Jhenifer Diogenes de Aquino,Atos Jiu-Jitsu
World IBJJF Jiu-Jitsu No-Gi Championship ,2024,Adult,Black,Female,Light-Feather,1,Mayssa Caldas Pereira Bastos,AOJ
World IBJJF Jiu-Jitsu No-Gi Championship ,2024,Adult,Black,Female,Feather,1,Cassia Moura Remesar,LEAD BJJ
World IBJJF Jiu-Jitsu No-Gi Championship ,2024,Adult,Black,Female,Light,1,Brianna Ste-Marie,Brazilian Top Team
World IBJJF Jiu-Jitsu No-Gi Championship ,2024,Adult,Black,Female,Middle,1,Elisabeth Ann Clay,Ares BJJ
World IBJJF Jiu-Jitsu No-Gi Championship ,2024,Adult,Black,Female,Medium-Heavy,1,Salla Mari Simola,Hilti BJJ Turku
World IBJJF Jiu-Jitsu No-Gi Championship ,2024,Adult,Black,Female,Heavy,1,Anabel Lopez Beard,CheckMat
World IBJJF Jiu-Jitsu No-Gi Championship ,2024,Adult,Black,Female,Super-Heavy,1,Gabrieli Pessanha de Souza Marinho,Infight JJ
World IBJJF Jiu-Jitsu No-Gi Championship ,2024,Adult,Black,Female,Open Class,1,Gabrieli Pessanha de Souza Marinho,Infight JJ
World IBJJF Jiu-Jitsu No-Gi Championship ,2024,Adult,Black,Female,Rooster,2,Mariana Cabral Rolszt,Gracie Humaita
World IBJJF Jiu-Jitsu No-Gi Championship ,2024,Adult,Black,Female,Light-Feather,2,Sophia Joan Cassella,Alliance
World IBJJF Jiu-Jitsu No-Gi Championship ,2024,Adult,Black,Female,Feather,2,Amanda Monteiro Canuto,GF Team
World IBJJF Jiu-Jitsu No-Gi Championship ,2024,Adult,Black,Female,Light,2,Morgan Leigh Black,Tabula Rasa BJJ
World IBJJF Jiu-Jitsu No-Gi Championship ,2024,Adult,Black,Female,Middle,2,Nadia Frankland,Absolute MMA Australia
World IBJJF Jiu-Jitsu No-Gi Championship ,2024,Adult,Black,Female,Medium-Heavy,2,Caitlin Huggins,Pedigo Submission Fighting
World IBJJF Jiu-Jitsu No-Gi Championship ,2024,Adult,Black,Female,Heavy,2,Paige Ivette Borras,Legion American Jiu-Jitsu
World IBJJF Jiu-Jitsu No-Gi Championship ,2024,Adult,Black,Female,Super-Heavy,2,Mayara Moreira Ribeiro,GF Team
World IBJJF Jiu-Jitsu No-Gi Championship ,2024,Adult,Black,Female,Open Class,2,Brianna Ste-Marie,Brazilian Top Team
World IBJJF Jiu-Jitsu No-Gi Championship ,2024,Adult,Black,Female,Rooster,3,Amber R Rymarz-Freitas,Atos JJ International
World IBJJF Jiu-Jitsu No-Gi Championship ,2024,Adult,Black,Female,Rooster,3,Thaís Loureiro Felipe,Atos Jiu-Jitsu
World IBJJF Jiu-Jitsu No-Gi Championship ,2024,Adult,Black,Female,Light-Feather,3,Jessica Malley Crane,All American MMA
World IBJJF Jiu-Jitsu No-Gi Championship ,2024,Adult,Black,Female,Light-Feather,3,Thamires Diógenes de Aquino,GF Team
World IBJJF Jiu-Jitsu No-Gi Championship ,2024,Adult,Black,Female,Feather,3,Ana Mayordomo Garcia,Easton BJJ
World IBJJF Jiu-Jitsu No-Gi Championship ,2024,Adult,Black,Female,Feather,3,Emily Rosalynn Nicholson,AOJ
World IBJJF Jiu-Jitsu No-Gi Championship ,2024,Adult,Black,Female,Light,3,Amanda Dean Bruse,Atos Jiu-Jitsu
World IBJJF Jiu-Jitsu No-Gi Championship ,2024,Adult,Black,Female,Light,3,Jaine da Silva Fragoso,Caio Terra Association Brasil
World IBJJF Jiu-Jitsu No-Gi Championship ,2024,Adult,Black,Female,Middle,3,Gabriele da Silva Schuck,Double Five
World IBJJF Jiu-Jitsu No-Gi Championship ,2024,Adult,Black,Female,Middle,3,Julia Boscher Seixas Pinto,GF Team
World IBJJF Jiu-Jitsu No-Gi Championship ,2024,Adult,Black,Female,Medium-Heavy,3,Kennedy Paige Franklin,Inicio Jiu-Jitsu
World IBJJF Jiu-Jitsu No-Gi Championship ,2024,Adult,Black,Female,Medium-Heavy,3,Nia Vivienne Blackman,Royal Jiu-Jitsu
World IBJJF Jiu-Jitsu No-Gi Championship ,2024,Adult,Black,Female,Heavy,3,Elizabeth Katherine Mitrovic,Alliance
World IBJJF Jiu-Jitsu No-Gi Championship ,2024,Adult,Black,Female,Heavy,3,Maria Vitória Gonçalves Ruffatto,Brazilian Top Team
World IBJJF Jiu-Jitsu No-Gi Championship ,2024,Adult,Black,Female,Open Class,3,Anabel Lopez Beard,CheckMat
World IBJJF Jiu-Jitsu No-Gi Championship ,2024,Adult,Black,Female,Open Class,3,Maria Vitória Gonçalves Ruffatto,Brazilian Top Team
World IBJJF Jiu-Jitsu No-Gi Championship ,2025,Adult,Black,Male,Rooster,1,Shay Ananda Montague,ECJJA
World IBJJF Jiu-Jitsu No-Gi Championship ,2025,Adult,Black,Male,Light-Feather,1,Marcos Antonio Gomes Guedes,AOJ
World IBJJF Jiu-Jitsu No-Gi Championship ,2025,Adult,Black,Male,Feather,1,Marco Vinicius Mendes Brito,Aspire To Inspire
World IBJJF Jiu-Jitsu No-Gi Championship ,2025,Adult,Black,Male,Light,1,Cole Anthony Abate,AOJ
World IBJJF Jiu-Jitsu No-Gi Championship ,2025,Adult,Black,Male,Middle,1,Tarik Hopstock,Frontline Academy
World IBJJF Jiu-Jitsu No-Gi Championship ,2025,Adult,Black,Male,Medium-Heavy,1,Pawel Kacper Jaworski,Academia Gorila
World IBJJF Jiu-Jitsu No-Gi Championship ,2025,Adult,Black,Male,Heavy,1,Javier Arturo Barter,Renzo Gracie Academy
World IBJJF Jiu-Jitsu No-Gi Championship ,2025,Adult,Black,Male,Super-Heavy,1,Nicholas Maglicic,Atos Jiu-Jitsu
World IBJJF Jiu-Jitsu No-Gi Championship ,2025,Adult,Black,Male,Ultra-Heavy,1,Heikki Lauri Eemil Jussila,Sigma Jiu-Jitsu
World IBJJF Jiu-Jitsu No-Gi Championship ,2025,Adult,Black,Male,Open Class,1,Elder Alexander Cruz Hernandez,Pedigo Submission Fighting
World IBJJF Jiu-Jitsu No-Gi Championship ,2025,Adult,Black,Male,Rooster,2,Lucas de Souza Castro,Gracie Barra
World IBJJF Jiu-Jitsu No-Gi Championship ,2025,Adult,Black,Male,Light-Feather,2,Kleber Barboza Alves,Dream Art BJJ
World IBJJF Jiu-Jitsu No-Gi Championship ,2025,Adult,Black,Male,Feather,2,Gian Paul Grippo,Bodega Jiu-Jitsu
World IBJJF Jiu-Jitsu No-Gi Championship ,2025,Adult,Black,Male,Light,2,José Julián  Espinosa Flores,Renzo Gracie Academy
World IBJJF Jiu-Jitsu No-Gi Championship ,2025,Adult,Black,Male,Middle,2,Marcelo Fausto de Abreu Montanagna,CheckMat
World IBJJF Jiu-Jitsu No-Gi Championship ,2025,Adult,Black,Male,Medium-Heavy,2,Gabriel Viebrantz Brod,Gracie Barra
World IBJJF Jiu-Jitsu No-Gi Championship ,2025,Adult,Black,Male,Heavy,2,Faris Dean Benlamkadem,Los Banditos
World IBJJF Jiu-Jitsu No-Gi Championship ,2025,Adult,Black,Male,Super-Heavy,2,Austin Robert Morris,The Forge Brazilian Jiu-Jitsu
World IBJJF Jiu-Jitsu No-Gi Championship ,2025,Adult,Black,Male,Ultra-Heavy,2,Helder Jose Rodrigues Júnior,Atos Jiu-Jitsu
World IBJJF Jiu-Jitsu No-Gi Championship ,2025,Adult,Black,Male,Open Class,2,Pawel Kacper Jaworski,Academia Gorila
World IBJJF Jiu-Jitsu No-Gi Championship ,2025,Adult,Black,Male,Rooster,3,Carlos Alberto Oliveira da Silva,GF Team
World IBJJF Jiu-Jitsu No-Gi Championship ,2025,Adult,Black,Male,Rooster,3,Everton Celio de Souza Teixeira,Atos Jiu-Jitsu
World IBJJF Jiu-Jitsu No-Gi Championship ,2025,Adult,Black,Male,Light-Feather,3,Vinicius Gomes Inacio,Atos Jiu-Jitsu
World IBJJF Jiu-Jitsu No-Gi Championship ,2025,Adult,Black,Male,Light-Feather,3,Willis da Mota Nunes,AOJ
World IBJJF Jiu-Jitsu No-Gi Championship ,2025,Adult,Black,Male,Feather,3,Ashley Jordan Williams,Draig
World IBJJF Jiu-Jitsu No-Gi Championship ,2025,Adult,Black,Male,Feather,3,Cameron Jacob Mellott,Bully Me Now BJJ
World IBJJF Jiu-Jitsu No-Gi Championship ,2025,Adult,Black,Male,Light,3,Alessandro Oliveira Botelho,BJJ College
World IBJJF Jiu-Jitsu No-Gi Championship ,2025,Adult,Black,Male,Light,3,Daniel Sathler Campos,AOJ
World IBJJF Jiu-Jitsu No-Gi Championship ,2025,Adult,Black,Male,Middle,3,Arley Pacheco Damaceno Brandão,Gracie Barra
World IBJJF Jiu-Jitsu No-Gi Championship ,2025,Adult,Black,Male,Middle,3,José Matheus Macedo de Lira Luna,CheckMat
World IBJJF Jiu-Jitsu No-Gi Championship ,2025,Adult,Black,Male,Medium-Heavy,3,Logan Walker Smith,Alliance
World IBJJF Jiu-Jitsu No-Gi Championship ,2025,Adult,Black,Male,Medium-Heavy,3,Sebastian Rodriguez Williams,Unity Jiu-jitsu
World IBJJF Jiu-Jitsu No-Gi Championship ,2025,Adult,Black,Male,Heavy,3,Charles Negromonte Santos,Los Banditos
World IBJJF Jiu-Jitsu No-Gi Championship ,2025,Adult,Black,Male,Heavy,3,Dante Scott Leon,Pedigo Submission Fighting
World IBJJF Jiu-Jitsu No-Gi Championship ,2025,Adult,Black,Male,Super-Heavy,3,Elioenai Julio de S. Braz,Team Crézio Lutas
World IBJJF Jiu-Jitsu No-Gi Championship ,2025,Adult,Black,Male,Super-Heavy,3,Lucas Norat Lopes,Gracie Barra
World IBJJF Jiu-Jitsu No-Gi Championship ,2025,Adult,Black,Male,Ultra-Heavy,3,Anderson Kauan Gomes Marinho,Infight JJ
World IBJJF Jiu-Jitsu No-Gi Championship ,2025,Adult,Black,Male,Open Class,3,Elioenai Julio de S. Braz,Team Crézio Lutas
World IBJJF Jiu-Jitsu No-Gi Championship ,2025,Adult,Black,Male,Open Class,3,Jorge Andres Escudero Barba,Esporte Dez / Instituto Calasans Camargo
World IBJJF Jiu-Jitsu No-Gi Championship ,2025,Adult,Black,Female,Rooster,1,Thaís Loureiro Felipe,Atos Jiu-Jitsu
World IBJJF Jiu-Jitsu No-Gi Championship ,2025,Adult,Black,Female,Light-Feather,1,Ashlee Funegra,AOJ
World IBJJF Jiu-Jitsu No-Gi Championship ,2025,Adult,Black,Female,Feather,1,Adele Marie Fornarino,Atos Jiu-Jitsu
World IBJJF Jiu-Jitsu No-Gi Championship ,2025,Adult,Black,Female,Light,1,Lillian Jane Marchand,Atos Jiu-Jitsu
World IBJJF Jiu-Jitsu No-Gi Championship ,2025,Adult,Black,Female,Middle,1,Elisabeth Ann Clay,Six Blades Jiu-Jitsu
World IBJJF Jiu-Jitsu No-Gi Championship ,2025,Adult,Black,Female,Medium-Heavy,1,Helena Crevar,Kingsway Jiu-Jitsu
World IBJJF Jiu-Jitsu No-Gi Championship ,2025,Adult,Black,Female,Heavy,1,Cassia Moura Remesar,LEAD BJJ
World IBJJF Jiu-Jitsu No-Gi Championship ,2025,Adult,Black,Female,Super-Heavy,1,Gabrieli Pessanha de Souza Marinho,Infight JJ
World IBJJF Jiu-Jitsu No-Gi Championship ,2025,Adult,Black,Female,Open Class,1,Elisabeth Ann Clay,Six Blades Jiu-Jitsu
World IBJJF Jiu-Jitsu No-Gi Championship ,2025,Adult,Black,Female,Rooster,2,Faye Lynn Cherrier,Atos Jiu-Jitsu
World IBJJF Jiu-Jitsu No-Gi Championship ,2025,Adult,Black,Female,Light-Feather,2,Anne Elizabeth Druckrey,CheckMat
World IBJJF Jiu-Jitsu No-Gi Championship ,2025,Adult,Black,Female,Feather,2,Ana Mayordomo Garcia,Kingsway Jiu-Jitsu
World IBJJF Jiu-Jitsu No-Gi Championship ,2025,Adult,Black,Female,Light,2,Amanda Dean Bruse,Atos Jiu-Jitsu
World IBJJF Jiu-Jitsu No-Gi Championship ,2025,Adult,Black,Female,Middle,2,Rebeca Ferreira de Lima,LEAD BJJ
World IBJJF Jiu-Jitsu No-Gi Championship ,2025,Adult,Black,Female,Medium-Heavy,2,Ane N. Svendsen,Mavs
World IBJJF Jiu-Jitsu No-Gi Championship ,2025,Adult,Black,Female,Heavy,2,Nia Vivienne Blackman,Royal Jiu-Jitsu
World IBJJF Jiu-Jitsu No-Gi Championship ,2025,Adult,Black,Female,Super-Heavy,2,Lauren Adrienne Rojas,Alliance
World IBJJF Jiu-Jitsu No-Gi Championship ,2025,Adult,Black,Female,Open Class,2,Gabrieli Pessanha de Souza Marinho,Infight JJ
World IBJJF Jiu-Jitsu No-Gi Championship ,2025,Adult,Black,Female,Rooster,3,Lavinia Francesconi Barbosa,CheckMat
World IBJJF Jiu-Jitsu No-Gi Championship ,2025,Adult,Black,Female,Rooster,3,Mariana Cabral Rolszt,Gracie Humaita
World IBJJF Jiu-Jitsu No-Gi Championship ,2025,Adult,Black,Female,Light-Feather,3,Esther Rose Garwood,Carlson Gracie Team
World IBJJF Jiu-Jitsu No-Gi Championship ,2025,Adult,Black,Female,Light-Feather,3,Josefine Beatrice Modig,CheckMat
World IBJJF Jiu-Jitsu No-Gi Championship ,2025,Adult,Black,Female,Feather,3,Giovanah Oliveira da Silva,JFC Almeida JJ
World IBJJF Jiu-Jitsu No-Gi Championship ,2025,Adult,Black,Female,Feather,3,Mona Maree Bailey,Carlson Gracie Team
World IBJJF Jiu-Jitsu No-Gi Championship ,2025,Adult,Black,Female,Light,3,Brianna Ste-Marie,Mizu Studio
World IBJJF Jiu-Jitsu No-Gi Championship ,2025,Adult,Black,Female,Light,3,Caroline Brunacio Vinhaes,Pirâmide Grappling Association
World IBJJF Jiu-Jitsu No-Gi Championship ,2025,Adult,Black,Female,Middle,3,Fernanda Yukari Makiyama Cristo,Evox BJJ
World IBJJF Jiu-Jitsu No-Gi Championship ,2025,Adult,Black,Female,Middle,3,Injana Greta Goodman,Grapple Collective
World IBJJF Jiu-Jitsu No-Gi Championship ,2025,Adult,Black,Female,Medium-Heavy,3,Gabriela de Miranda Barroso,Double Five Tijuca
World IBJJF Jiu-Jitsu No-Gi Championship ,2025,Adult,Black,Female,Medium-Heavy,3,Jessika Maria Torttila,Sigma Jiu-Jitsu
World IBJJF Jiu-Jitsu No-Gi Championship ,2025,Adult,Black,Female,Heavy,3,Letícia Teixeira dos Santos,Atos Jiu-Jitsu
World IBJJF Jiu-Jitsu No-Gi Championship ,2025,Adult,Black,Female,Heavy,3,Rain Pfaff,GF Team
World IBJJF Jiu-Jitsu No-Gi Championship ,2025,Adult,Black,Female,Super-Heavy,3,Maia Nicole Matalon,High Noon BJJ Team
World IBJJF Jiu-Jitsu No-Gi Championship ,2025,Adult,Black,Female,Super-Heavy,3,Mayara Moreira Ribeiro,GF Team
World IBJJF Jiu-Jitsu No-Gi Championship ,2025,Adult,Black,Female,Open Class,3,Injana Greta Goodman,Grapple Collective
World IBJJF Jiu-Jitsu No-Gi Championship ,2025,Adult,Black,Female,Open Class,3,Nadia Frankland,Atos Jiu-Jitsu
