Tournament,Year,Age,Belt,Gender,Weight Class,Placing,Competitor Name,Academy Name
World Jiu-Jitsu IBJJF Championship,1996,Adult,Black,Male,Rooster,1,Marcos Barreto,Ac. Monir
World Jiu-Jitsu IBJJF Championship,1996,Adult,Black,Male,Light feather,1,Helio Moreira,Gracie Barra
World Jiu-Jitsu IBJJF Championship,1996,Adult,Black,Male,Feather,1,Royler Gracie,Gracie Humaita
World Jiu-Jitsu IBJJF Championship,1996,Adult,Black,Male,Light,1,Paulo Barroso,Gracie Humaita
World Jiu-Jitsu IBJJF Championship,1996,Adult,Black,Male,Middle,1,Roberto Correa,Gracie Barra
World Jiu-Jitsu IBJJF Championship,1996,Adult,Black,Male,Medium Heavy,1,Roberto Magalhaes,Gracie Barra
World Jiu-Jitsu IBJJF Championship,1996,Adult,Black,Male,Heavy,1,Fabio Gurgel,Alliance
World Jiu-Jitsu IBJJF Championship,1996,Adult,Black,Male,Super Heavy,1,Ricardo Liborio,Carlson Gracie
World Jiu-Jitsu IBJJF Championship,1996,Adult,Black,Male,Ultra Heavy,1,Jose Mario Sperry,Carlson Gracie
World Jiu-Jitsu IBJJF Championship,1996,Adult,Black,Male,Open Class,1,Amauri Biteti,Carlson Gracie
World Jiu-Jitsu IBJJF Championship,1996,Adult,Black,Male,Rooster,2,Nikos Bahlzetis,Sui a
World Jiu-Jitsu IBJJF Championship,1996,Adult,Black,Male,Light feather,2,Wellington Dias,Gracie Humaita
World Jiu-Jitsu IBJJF Championship,1996,Adult,Black,Male,Feather,2,Paulo Brandao,Gracie Humaita
World Jiu-Jitsu IBJJF Championship,1996,Adult,Black,Male,Light,2,Renato Barreto,Gracie Humaita
World Jiu-Jitsu IBJJF Championship,1996,Adult,Black,Male,Middle,2,Eduardo Conceicao,Alliance
World Jiu-Jitsu IBJJF Championship,1996,Adult,Black,Male,Medium Heavy,2,Luis Roberto Duarte,Carlson Gracie
World Jiu-Jitsu IBJJF Championship,1996,Adult,Black,Male,Heavy,2,Murilo Bustamante,Carlson Gracie
World Jiu-Jitsu IBJJF Championship,1996,Adult,Black,Male,Super Heavy,2,Leonardo Castello Branco,Alliance
World Jiu-Jitsu IBJJF Championship,1996,Adult,Black,Male,Ultra Heavy,2,Roberto Traven,Alliance
World Jiu-Jitsu IBJJF Championship,1996,Adult,Black,Male,Open Class,2,Ricardo Liborio,Carlson Gracie
World Jiu-Jitsu IBJJF Championship,1997,Adult,Black,Male,Rooster,1,Robson Moura,Nova Uniao -A
World Jiu-Jitsu IBJJF Championship,1997,Adult,Black,Male,Light Feather,1,João Roque,Nova Uniao -A
World Jiu-Jitsu IBJJF Championship,1997,Adult,Black,Male,Feather,1,Royler Gracie,Gracie Humaita/Iate
World Jiu-Jitsu IBJJF Championship,1997,Adult,Black,Male,Light,1,Marcio Feitosa,Gracie Barra
World Jiu-Jitsu IBJJF Championship,1997,Adult,Black,Male,Middle,1,Saulo Ribeiro,Gracie Humaita/Iate
World Jiu-Jitsu IBJJF Championship,1997,Adult,Black,Male,Medium Heavy,1,Roberto Magalhaes,Gracie Barra
World Jiu-Jitsu IBJJF Championship,1997,Adult,Black,Male,Heavy,1,Fabio Gurgel,Alliance
World Jiu-Jitsu IBJJF Championship,1997,Adult,Black,Male,Super Heavy,1,Jose Mario Sperry,Protesto
World Jiu-Jitsu IBJJF Championship,1997,Adult,Black,Male,Ultra Heavy,1,Luiz Guilerme,Jorge Pereira
World Jiu-Jitsu IBJJF Championship,1997,Adult,Black,Male,Open Class,1,Amauri Biteti,Protesto
World Jiu-Jitsu IBJJF Championship,1997,Adult,Black,Male,Rooster,2,Marcio Galvao,Oriente
World Jiu-Jitsu IBJJF Championship,1997,Adult,Black,Male,Light Feather,2,Ivanilson,Nova Uniao -A
World Jiu-Jitsu IBJJF Championship,1997,Adult,Black,Male,Feather,2,Vitor Ribeiro,Nova Uniao -A
World Jiu-Jitsu IBJJF Championship,1997,Adult,Black,Male,Light,2,Leonardo Vieira,Alliance
World Jiu-Jitsu IBJJF Championship,1997,Adult,Black,Male,Middle,2,Antonio Shembri,Gracie Barra
World Jiu-Jitsu IBJJF Championship,1997,Adult,Black,Male,Medium Heavy,2,Roberto Correa,Gracie Barra
World Jiu-Jitsu IBJJF Championship,1997,Adult,Black,Male,Heavy,2,Daniel Simoes,Gracie Barra
World Jiu-Jitsu IBJJF Championship,1997,Adult,Black,Male,Super Heavy,2,Luiz Roberto,Protesto
World Jiu-Jitsu IBJJF Championship,1997,Adult,Black,Male,Ultra Heavy,2,Arthur Ignarra,Nova Uniao-A
World Jiu-Jitsu IBJJF Championship,1997,Adult,Black,Male,Open Class,2,Fabio Gurgel,Alliance
World Jiu-Jitsu IBJJF Championship,1997,Adult,Black,Male,Rooster,3,Armando Conde,Equilibrio
World Jiu-Jitsu IBJJF Championship,1997,Adult,Black,Male,Light Feather,3,Daniel Rego,Alliance
World Jiu-Jitsu IBJJF Championship,1997,Adult,Black,Male,Feather,3,Marco Aurelio,Protesto
World Jiu-Jitsu IBJJF Championship,1997,Adult,Black,Male,Feather,3,Alexandre Carneiro,Gracie Barra
World Jiu-Jitsu IBJJF Championship,1997,Adult,Black,Male,Light,3,Renato Barreto,Gracie Humaita/Iate
World Jiu-Jitsu IBJJF Championship,1997,Adult,Black,Male,Light,3,Renato Verissimo,Nova Uniao -A
World Jiu-Jitsu IBJJF Championship,1997,Adult,Black,Male,Middle,3,Rony Rustico,Gracie Barra
World Jiu-Jitsu IBJJF Championship,1997,Adult,Black,Male,Middle,3,Alexandre Paiva,Alliance
World Jiu-Jitsu IBJJF Championship,1997,Adult,Black,Male,Medium Heavy,3,Anderson Xavier,Alliance
World Jiu-Jitsu IBJJF Championship,1997,Adult,Black,Male,Medium Heavy,3,Roberto da Silva,Ws LeãoDourado
World Jiu-Jitsu IBJJF Championship,1997,Adult,Black,Male,Heavy,3,Ricardo Herriot,Gracie Barra
World Jiu-Jitsu IBJJF Championship,1997,Adult,Black,Male,Heavy,3,Roberto Godoi,Godoi Macaco
World Jiu-Jitsu IBJJF Championship,1997,Adult,Black,Male,Super Heavy,3,Paulo Teodoro,Equipe 3
World Jiu-Jitsu IBJJF Championship,1997,Adult,Black,Male,Super Heavy,3,Carlos Pedro,Nova Uniao -A
World Jiu-Jitsu IBJJF Championship,1997,Adult,Black,Male,Ultra Heavy,3,Eduardo Rocha,Gracie Humaita/Iate
World Jiu-Jitsu IBJJF Championship,1997,Adult,Black,Male,Ultra Heavy,3,Eduardo Rocha,Gracie Humaita/Iate
World Jiu-Jitsu IBJJF Championship,1997,Adult,Black,Male,Open Class,3,Royler Gracie,Gracie Humaita/Iate
World Jiu-Jitsu IBJJF Championship,1997,Adult,Black,Male,Open Class,3,Jose Mario Sperry,Protesto
World Jiu-Jitsu IBJJF Championship,1998,Adult,Black,Male,Rooster,1,MARCELO PEREIRA,NOVA UNIAO
World Jiu-Jitsu IBJJF Championship,1998,Adult,Black,Male,Light Feather,1,ROBSON MOURA,NOVA UNIAO
World Jiu-Jitsu IBJJF Championship,1998,Adult,Black,Male,Feather,1,ROYLER GRACIE,GRACIE HUMAITA
World Jiu-Jitsu IBJJF Championship,1998,Adult,Black,Male,Light,1,LEONARDO VIEIRA,ALLIANCE
World Jiu-Jitsu IBJJF Championship,1998,Adult,Black,Male,Middle,1,FERNANDO VASCONCELOS,GRACIE BARRA
World Jiu-Jitsu IBJJF Championship,1998,Adult,Black,Male,Medium Heavy,1,RAFAEL CORREA,GRACIE BARRA
World Jiu-Jitsu IBJJF Championship,1998,Adult,Black,Male,Heavy,1,SAULO RIBEIRO,GRACIE HUMAITA
World Jiu-Jitsu IBJJF Championship,1998,Adult,Black,Male,Super Heavy,1,ROBERTO MAGALHÃES,GRACIE BARRA
World Jiu-Jitsu IBJJF Championship,1998,Adult,Black,Male,Ultra Heavy,1,ROBERTO TRAVEN,ALIANCE
World Jiu-Jitsu IBJJF Championship,1998,Adult,Black,Male,Open Class,1,ZE MARIO,CARLSON GRACIE
World Jiu-Jitsu IBJJF Championship,1998,Adult,Black,Male,Rooster,2,MARCIO GALVAO,NOVA UNIAO
World Jiu-Jitsu IBJJF Championship,1998,Adult,Black,Male,Light Feather,2,FREDSON ALVES,GRACIE HUMAITA
World Jiu-Jitsu IBJJF Championship,1998,Adult,Black,Male,Feather,2,VINICIUS MAGALHÃES,GRACIE BARRA
World Jiu-Jitsu IBJJF Championship,1998,Adult,Black,Male,Light,2,MARCIO FEITOSA,GRACIE BARRA
World Jiu-Jitsu IBJJF Championship,1998,Adult,Black,Male,Middle,2,ZE MARCELO,BOLAO
World Jiu-Jitsu IBJJF Championship,1998,Adult,Black,Male,Medium Heavy,2,ANTONIO SHEMBRI,GRACIE BARRA
World Jiu-Jitsu IBJJF Championship,1998,Adult,Black,Male,Heavy,2,FABIO GURGEL,ALLIANCE
World Jiu-Jitsu IBJJF Championship,1998,Adult,Black,Male,Super Heavy,2,DANIEL SIMÕES,GRACIE BARRA
World Jiu-Jitsu IBJJF Championship,1998,Adult,Black,Male,Ultra Heavy,2,JOHN MACHADO,GRACIE BARRA
World Jiu-Jitsu IBJJF Championship,1998,Adult,Black,Male,Open Class,2,ROBERTO MAGALHÃES,GRACIE BARRA
World Jiu-Jitsu IBJJF Championship,1998,Adult,Black,Male,Rooster,3,LUIZ SERGIO,CARLSON GRACIE
World Jiu-Jitsu IBJJF Championship,1998,Adult,Black,Male,Light Feather,3,LUIZ RENATO,GRACIE HUMAITA
World Jiu-Jitsu IBJJF Championship,1998,Adult,Black,Male,Light Feather,3,IVANILSON SILVA,NOVA UNIAO
World Jiu-Jitsu IBJJF Championship,1998,Adult,Black,Male,Feather,3,JOAO ROQUE,NOVA UNIAO
World Jiu-Jitsu IBJJF Championship,1998,Adult,Black,Male,Feather,3,WAGNER FABIANO,NOVA UNIAO
World Jiu-Jitsu IBJJF Championship,1998,Adult,Black,Male,Light,3,MAURICIO MARIANO,GRACIE BARRA
World Jiu-Jitsu IBJJF Championship,1998,Adult,Black,Male,Light,3,LUIZ FELIPE COSTA,ALLIANCE
World Jiu-Jitsu IBJJF Championship,1998,Adult,Black,Male,Middle,3,ANDRE CANDIDO,NOVA UNIAO
World Jiu-Jitsu IBJJF Championship,1998,Adult,Black,Male,Middle,3,GUILHERME SANTOS,NOVA UNIAO
World Jiu-Jitsu IBJJF Championship,1998,Adult,Black,Male,Medium Heavy,3,RINALDO SANTOS,CARLSON GRACIE
World Jiu-Jitsu IBJJF Championship,1998,Adult,Black,Male,Medium Heavy,3,FERNANDO GURGEL,ALLIANCE
World Jiu-Jitsu IBJJF Championship,1998,Adult,Black,Male,Heavy,3,MURILO BUSTAMANTE,CARLSON GRACIE
World Jiu-Jitsu IBJJF Championship,1998,Adult,Black,Male,Heavy,3,BRUNO SEVERIANO,GRACIE BARRA
World Jiu-Jitsu IBJJF Championship,1998,Adult,Black,Male,Super Heavy,3,LEO DALLA,JORGE PEREIRA
World Jiu-Jitsu IBJJF Championship,1998,Adult,Black,Male,Super Heavy,3,RENATO FERRO,CARLSON GRACIE
World Jiu-Jitsu IBJJF Championship,1998,Adult,Black,Male,Ultra Heavy,3,OTAVIO DUARTE,JORGE PEREIRA
World Jiu-Jitsu IBJJF Championship,1998,Adult,Black,Male,Ultra Heavy,3,LUIZ GUILHERME,JORGE PERREIRA
World Jiu-Jitsu IBJJF Championship,1998,Adult,Black,Male,Open Class,3,MURILO BUSTAMANTE,CARLSON GRACIE
World Jiu-Jitsu IBJJF Championship,1998,Adult,Black,Male,Open Class,3,DAVID MEYER,MACHADO
World Jiu-Jitsu IBJJF Championship,1998,Adult,Black,Female,Light,1,TAIS RAMOS,BRIGADEIRO
World Jiu-Jitsu IBJJF Championship,1998,Adult,Black,Female,Heavy,1,ROSANGELA CONCEICAO,UGF
World Jiu-Jitsu IBJJF Championship,1998,Adult,Black,Female,Light,2,DANIELLE FIGUEREDO,ALLIANCE
World Jiu-Jitsu IBJJF Championship,1998,Adult,Black,Female,Heavy,2,ALESSANDRA TSHOLA,ALLIANCE
World Jiu-Jitsu IBJJF Championship,1998,Adult,Black,Female,Light,3,BIANCA BARRETO,FORMA FIT
World Jiu-Jitsu IBJJF Championship,1998,Adult,Black,Female,Light,3,MARIANA COELHO,EQUIPE 3
World Jiu-Jitsu IBJJF Championship,1998,Adult,Black,Female,Heavy,3,ANDREIA SILVA,LEAO DOURADO
World Jiu-Jitsu IBJJF Championship,1998,Adult,Black,Female,Heavy,3,CRISTIANE PEREIRA,NOVA UNIAO
World Jiu-Jitsu IBJJF Championship,1999,Adult,Black,Male,Rooster,1,Omar Salum,Gracie Humaita
World Jiu-Jitsu IBJJF Championship,1999,Adult,Black,Male,Light Feather,1,Robson Moura,Nova Uniao
World Jiu-Jitsu IBJJF Championship,1999,Adult,Black,Male,Feather,1,Royler Gracie,Gracie Humaita
World Jiu-Jitsu IBJJF Championship,1999,Adult,Black,Male,Light,1,Vitor Ribeiro,Nova Uniao
World Jiu-Jitsu IBJJF Championship,1999,Adult,Black,Male,Middle,1,Alexandre Paiva,Alliance
World Jiu-Jitsu IBJJF Championship,1999,Adult,Black,Male,Medium Heavy,1,Saulo Ribeiro,Gracie Humaita
World Jiu-Jitsu IBJJF Championship,1999,Adult,Black,Male,Heavy,1,Murilo Bustamante,Carlson Lagoa
World Jiu-Jitsu IBJJF Championship,1999,Adult,Black,Male,Super Heavy,1,Leonardo Leite,Alliance
World Jiu-Jitsu IBJJF Championship,1999,Adult,Black,Male,Ultra Heavy,1,Roberto Traven,Alliance
World Jiu-Jitsu IBJJF Championship,1999,Adult,Black,Male,Open Class,1,Rodrigo Madeiros,Alliance
World Jiu-Jitsu IBJJF Championship,1999,Adult,Black,Male,Rooster,2,Ralph Pires,Wall Street
World Jiu-Jitsu IBJJF Championship,1999,Adult,Black,Male,Light Feather,2,Vinicius Cruz,Carlson
World Jiu-Jitsu IBJJF Championship,1999,Adult,Black,Male,Feather,2,Leonardo Vieira,Alliance
World Jiu-Jitsu IBJJF Championship,1999,Adult,Black,Male,Light,2,Marcio Feitosa,Gracie Barra
World Jiu-Jitsu IBJJF Championship,1999,Adult,Black,Male,Middle,2,Roberto Atalla,Bolao
World Jiu-Jitsu IBJJF Championship,1999,Adult,Black,Male,Medium Heavy,2,Roberto Magalhães,Gracie Barra
World Jiu-Jitsu IBJJF Championship,1999,Adult,Black,Male,Heavy,2,Paulo Filho,Carlson Lagoa
World Jiu-Jitsu IBJJF Championship,1999,Adult,Black,Male,Super Heavy,2,Jose Mario,Carlson
World Jiu-Jitsu IBJJF Championship,1999,Adult,Black,Male,Ultra Heavy,2,Leonardo Castello Branco,Alliance
World Jiu-Jitsu IBJJF Championship,1999,Adult,Black,Male,Open Class,2,Roberto Magalhães,Gracie Barra
World Jiu-Jitsu IBJJF Championship,1999,Adult,Black,Male,Rooster,3,Sergio Torres,Nova Uniao
World Jiu-Jitsu IBJJF Championship,1999,Adult,Black,Male,Rooster,3,Pablo Ian,Bolao
World Jiu-Jitsu IBJJF Championship,1999,Adult,Black,Male,Light Feather,3,Bruno Ximenes,Bolao
World Jiu-Jitsu IBJJF Championship,1999,Adult,Black,Male,Light Feather,3,Paulo Sergio,Alliance
World Jiu-Jitsu IBJJF Championship,1999,Adult,Black,Male,Feather,3,Vinicius Magalhães,Gracie Barra
World Jiu-Jitsu IBJJF Championship,1999,Adult,Black,Male,Feather,3,Marcos Barbosa,Godoi/Macaco
World Jiu-Jitsu IBJJF Championship,1999,Adult,Black,Male,Light,3,Renato Barreto,Gracie Humaita
World Jiu-Jitsu IBJJF Championship,1999,Adult,Black,Male,Light,3,Wellington Dias,Gracie Humaita
World Jiu-Jitsu IBJJF Championship,1999,Adult,Black,Male,Middle,3,Haroldo Vitoriano,Master Atlanta
World Jiu-Jitsu IBJJF Championship,1999,Adult,Black,Male,Middle,3,Suian Queiroz,Carlson
World Jiu-Jitsu IBJJF Championship,1999,Adult,Black,Male,Medium Heavy,3,Ze Marcelo,Carlson Lagoa
World Jiu-Jitsu IBJJF Championship,1999,Adult,Black,Male,Medium Heavy,3,Amauri Bitetti,Carlson
World Jiu-Jitsu IBJJF Championship,1999,Adult,Black,Male,Heavy,3,Fabio Gurgel,Alliance
World Jiu-Jitsu IBJJF Championship,1999,Adult,Black,Male,Heavy,3,Leonardo Dalla,Jorge Pereira
World Jiu-Jitsu IBJJF Championship,1999,Adult,Black,Male,Super Heavy,3,Claudio Moreno,Alliance
World Jiu-Jitsu IBJJF Championship,1999,Adult,Black,Male,Super Heavy,3,Daniel Simoes,Gracie Barra
World Jiu-Jitsu IBJJF Championship,1999,Adult,Black,Male,Ultra Heavy,3,Andre Mendes,Carlson
World Jiu-Jitsu IBJJF Championship,1999,Adult,Black,Male,Ultra Heavy,3,Jose Mario Mc Coord,Master Atlanta
World Jiu-Jitsu IBJJF Championship,1999,Adult,Black,Male,Open Class,3,Antonio Nogueira,De La Riva
World Jiu-Jitsu IBJJF Championship,1999,Adult,Black,Male,Open Class,3,Jose Mario,Carlson
World Jiu-Jitsu IBJJF Championship,1999,Adult,Purple Brown Black,Female,Feather,1,Alessandra Vieira,Dojo/Machado
World Jiu-Jitsu IBJJF Championship,1999,Adult,Purple Brown Black,Female,Middle,1,Alessandra Oliveira,Alliance
World Jiu-Jitsu IBJJF Championship,1999,Adult,Purple Brown Black,Female,Heavy,1,Cristina Pereira,Nova Uniao
World Jiu-Jitsu IBJJF Championship,1999,Adult,Purple Brown Black,Female,Feather,2,Daniela Figueredo,Alliance
World Jiu-Jitsu IBJJF Championship,1999,Adult,Purple Brown Black,Female,Middle,2,Erica Paes,Oswaldo Alves
World Jiu-Jitsu IBJJF Championship,1999,Adult,Purple Brown Black,Female,Heavy,2,Andrea Pereira,Leão Dourado
World Jiu-Jitsu IBJJF Championship,1999,Adult,Purple Brown Black,Female,Feather,3,Leticia Ribeiro,Gracie Humaita
World Jiu-Jitsu IBJJF Championship,1999,Adult,Purple Brown Black,Female,Feather,3,Fernanda Bastos,Ugf
World Jiu-Jitsu IBJJF Championship,1999,Adult,Purple Brown Black,Female,Middle,3,Janaina Ventura,Braz. Fight/Manimal
World Jiu-Jitsu IBJJF Championship,1999,Adult,Purple Brown Black,Female,Middle,3,Alexandra Correa,Nova Uniao
World Jiu-Jitsu IBJJF Championship,2000,Adult,Black,Male,Rooster,1,Omar Salum,Gracie Humaitá
World Jiu-Jitsu IBJJF Championship,2000,Adult,Black,Male,Light Feather,1,Robson Moura,Nova Uniao
World Jiu-Jitsu IBJJF Championship,2000,Adult,Black,Male,Feather,1,BJ Penn,Nova Uniao
World Jiu-Jitsu IBJJF Championship,2000,Adult,Black,Male,Light,1,Vitor Ribeiro,Nova Uniao
World Jiu-Jitsu IBJJF Championship,2000,Adult,Black,Male,Middle,1,Fernando Terere,Alliance
World Jiu-Jitsu IBJJF Championship,2000,Adult,Black,Male,Medium Heavy,1,Roberto Magalhes,Gracie Barra
World Jiu-Jitsu IBJJF Championship,2000,Adult,Black,Male,Heavy,1,Fabio Gurgel,Alliance
World Jiu-Jitsu IBJJF Championship,2000,Adult,Black,Male,Super Heavy,1,Saulo Ribeiro,Gracie Humaita
World Jiu-Jitsu IBJJF Championship,2000,Adult,Black,Male,Ultra Heavy,1,Leonardo Leite,Alliance
World Jiu-Jitsu IBJJF Championship,2000,Adult,Black,Male,Open Class,1,Rodrigo Madeiros,Alliance
World Jiu-Jitsu IBJJF Championship,2000,Adult,Black,Male,Rooster,2,Marcelo Pereira,Nova Uniao
World Jiu-Jitsu IBJJF Championship,2000,Adult,Black,Male,Light Feather,2,Marcos da Matta,Brazilian Top Team
World Jiu-Jitsu IBJJF Championship,2000,Adult,Black,Male,Feather,2,Edson Diniz,Infight
World Jiu-Jitsu IBJJF Championship,2000,Adult,Black,Male,Light,2,Marcio Feitosa,Gracie Barra
World Jiu-Jitsu IBJJF Championship,2000,Adult,Black,Male,Middle,2,Antonio Schembri,Gracie Barra
World Jiu-Jitsu IBJJF Championship,2000,Adult,Black,Male,Medium Heavy,2,Fernando Pontes,Godoi/Macaco
World Jiu-Jitsu IBJJF Championship,2000,Adult,Black,Male,Heavy,2,Ricardo Arona,Brazilian Top Team
World Jiu-Jitsu IBJJF Championship,2000,Adult,Black,Male,Super Heavy,2,Daniel Simoes,Gracie Barra
World Jiu-Jitsu IBJJF Championship,2000,Adult,Black,Male,Ultra Heavy,2,Andre Fernandes,Nova Uniao
World Jiu-Jitsu IBJJF Championship,2000,Adult,Black,Male,Open Class,2,Fernando Pontes,Godoi/Macaco
World Jiu-Jitsu IBJJF Championship,2000,Adult,Black,Male,Rooster,3,Joao Marcio,Nova Uniao
World Jiu-Jitsu IBJJF Championship,2000,Adult,Black,Male,Rooster,3,Pablo Ian,Segio Souza
World Jiu-Jitsu IBJJF Championship,2000,Adult,Black,Male,Light Feather,3,Bruno Ximenes,Carlson Gracie
World Jiu-Jitsu IBJJF Championship,2000,Adult,Black,Male,Light Feather,3,Leonardo Xavier,Gracie Humaita
World Jiu-Jitsu IBJJF Championship,2000,Adult,Black,Male,Feather,3,Fredson Alves,Gracie Humaita
World Jiu-Jitsu IBJJF Championship,2000,Adult,Black,Male,Feather,3,Marcos Barbosa,Godoi/Macaco
World Jiu-Jitsu IBJJF Championship,2000,Adult,Black,Male,Light,3,Leonardo Santos,Nova Uniao
World Jiu-Jitsu IBJJF Championship,2000,Adult,Black,Male,Light,3,Leonardo Vieira,Alliance
World Jiu-Jitsu IBJJF Championship,2000,Adult,Black,Male,Middle,3,Pedro Duarte,Brazilian Top Team
World Jiu-Jitsu IBJJF Championship,2000,Adult,Black,Male,Middle,3,Fernando Marques,Nova Uniao
World Jiu-Jitsu IBJJF Championship,2000,Adult,Black,Male,Medium Heavy,3,Eduardo Conceicao,Alliance
World Jiu-Jitsu IBJJF Championship,2000,Adult,Black,Male,Medium Heavy,3,Flavio Almeida,Gracie Barra
World Jiu-Jitsu IBJJF Championship,2000,Adult,Black,Male,Heavy,3,Rodrigo Medeiros,Alliance
World Jiu-Jitsu IBJJF Championship,2000,Adult,Black,Male,Heavy,3,Roberto Godoi,Godoi/Macaco
World Jiu-Jitsu IBJJF Championship,2000,Adult,Black,Male,Super Heavy,3,Gabriel Napao,Big Brothers
World Jiu-Jitsu IBJJF Championship,2000,Adult,Black,Male,Super Heavy,3,Renato Ferro,Brazilian Top Team
World Jiu-Jitsu IBJJF Championship,2000,Adult,Black,Male,Ultra Heavy,3,Jose Mario Mc Coord,Alliance Sul
World Jiu-Jitsu IBJJF Championship,2000,Adult,Black,Male,Ultra Heavy,3,Andre Mendes,Brazilian Top Team
World Jiu-Jitsu IBJJF Championship,2000,Adult,Black,Male,Open Class,3,Leo Leite,Alliance
World Jiu-Jitsu IBJJF Championship,2000,Adult,Black,Male,Open Class,3,Jose Mario,Alliance Sul
World Jiu-Jitsu IBJJF Championship,2000,Adult,Purple Brown Black,Female,Light Feather,1,Daniela Figueredo,Alliance
World Jiu-Jitsu IBJJF Championship,2000,Adult,Purple Brown Black,Female,Feather,1,Leticia Ribeiro,Gracie Humaita
World Jiu-Jitsu IBJJF Championship,2000,Adult,Purple Brown Black,Female,Light,1,Alessandra Oliveira,Alliance
World Jiu-Jitsu IBJJF Championship,2000,Adult,Purple Brown Black,Female,Middle,1,Renata Pimentel,Ricardo Pinho
World Jiu-Jitsu IBJJF Championship,2000,Adult,Purple Brown Black,Female,Medium Heavy,1,Erika Paes,Osvaldo Alves
World Jiu-Jitsu IBJJF Championship,2000,Adult,Purple Brown Black,Female,Light Feather,2,Renata Yoshi,Cia Paulista
World Jiu-Jitsu IBJJF Championship,2000,Adult,Purple Brown Black,Female,Feather,2,Alessandra Vieira,Dojo
World Jiu-Jitsu IBJJF Championship,2000,Adult,Purple Brown Black,Female,Light,2,Neli Miranda,Gracie Humaita
World Jiu-Jitsu IBJJF Championship,2000,Adult,Purple Brown Black,Female,Middle,2,Tatiana Tognini,Alliance
World Jiu-Jitsu IBJJF Championship,2000,Adult,Purple Brown Black,Female,Medium Heavy,2,Maria do Carmo,Gracie Humaita
World Jiu-Jitsu IBJJF Championship,2000,Adult,Purple Brown Black,Female,Light Feather,3,Cleonara de Oliveira,UGF
World Jiu-Jitsu IBJJF Championship,2000,Adult,Purple Brown Black,Female,Light Feather,3,Roberta Parise,Alliance
World Jiu-Jitsu IBJJF Championship,2000,Adult,Purple Brown Black,Female,Feather,3,Fernanda Bastos,UGF
World Jiu-Jitsu IBJJF Championship,2000,Adult,Purple Brown Black,Female,Feather,3,Ananda Nobre,Strauch
World Jiu-Jitsu IBJJF Championship,2000,Adult,Purple Brown Black,Female,Light,3,Analia Xavier,Alliance
World Jiu-Jitsu IBJJF Championship,2000,Adult,Purple Brown Black,Female,Light,3,Gabriela Quadrado,Brazilian Top Team
World Jiu-Jitsu IBJJF Championship,2000,Adult,Purple Brown Black,Female,Middle,3,Tania de Oliveira,Marcio Simas
World Jiu-Jitsu IBJJF Championship,2000,Adult,Purple Brown Black,Female,Middle,3,Mariana Coelho,Osvaldo Alves
World Jiu-Jitsu IBJJF Championship,2000,Adult,Purple Brown Black,Female,Medium Heavy,3,Andreia Aparecida,Leao Dourado
World Jiu-Jitsu IBJJF Championship,2000,Adult,Purple Brown Black,Female,Medium Heavy,3,Michele Develard,Monir
World Jiu-Jitsu IBJJF Championship,2001,Adult,Black,Male,Rooster,1,Bernardo Pitel,Nova Uniao
World Jiu-Jitsu IBJJF Championship,2001,Adult,Black,Male,Light Feather,1,Ricardo Vieira,Alliance
World Jiu-Jitsu IBJJF Championship,2001,Adult,Black,Male,Feather,1,Fredson Paixão,Equipe Iii
World Jiu-Jitsu IBJJF Championship,2001,Adult,Black,Male,Light,1,Márcio Feitosa,Gracie Barra
World Jiu-Jitsu IBJJF Championship,2001,Adult,Black,Male,Middle,1,Vitor Ribeiro,Nova Uniao
World Jiu-Jitsu IBJJF Championship,2001,Adult,Black,Male,Medium Heavy,1,Fernando Pontes,Braz. Top Team
World Jiu-Jitsu IBJJF Championship,2001,Adult,Black,Male,Heavy,1,Fábio Gurgel,Alliance
World Jiu-Jitsu IBJJF Championship,2001,Adult,Black,Male,Super Heavy,1,Fernando Marques,Nova Uniao
World Jiu-Jitsu IBJJF Championship,2001,Adult,Black,Male,Ultra Heavy,1,Márcio Corleta,Winner Behring
World Jiu-Jitsu IBJJF Championship,2001,Adult,Black,Male,Open Class,1,Fernando Pontes,Braz. Top Team
World Jiu-Jitsu IBJJF Championship,2001,Adult,Black,Male,Rooster,2,Alison Melo,Nova Uniao
World Jiu-Jitsu IBJJF Championship,2001,Adult,Black,Male,Light Feather,2,Daniel Beleza,Nova Uniao
World Jiu-Jitsu IBJJF Championship,2001,Adult,Black,Male,Feather,2,Fredson Alves,Gracie Humaita
World Jiu-Jitsu IBJJF Championship,2001,Adult,Black,Male,Light,2,Leonardo Santos,Nova Uniao
World Jiu-Jitsu IBJJF Championship,2001,Adult,Black,Male,Middle,2,Fernando Augusto,Alliance
World Jiu-Jitsu IBJJF Championship,2001,Adult,Black,Male,Medium Heavy,2,Saulo Ribeiro,Gracie Humita
World Jiu-Jitsu IBJJF Championship,2001,Adult,Black,Male,Heavy,2,Rodrigo Medeiros,Alliance
World Jiu-Jitsu IBJJF Championship,2001,Adult,Black,Male,Super Heavy,2,Daniel Simoes,Gracie Barra
World Jiu-Jitsu IBJJF Championship,2001,Adult,Black,Male,Ultra Heavy,2,Garth Taylor,Claudio França
World Jiu-Jitsu IBJJF Championship,2001,Adult,Black,Male,Open Class,2,Saulo Ribeiro,Gracie Humaita
World Jiu-Jitsu IBJJF Championship,2001,Adult,Black,Male,Rooster,3,Marcos Oliveira,Carlson Gracie
World Jiu-Jitsu IBJJF Championship,2001,Adult,Black,Male,Rooster,3,Ralf Pires,Alliance
World Jiu-Jitsu IBJJF Championship,2001,Adult,Black,Male,Light Feather,3,Robson Moura,Nova Uniao
World Jiu-Jitsu IBJJF Championship,2001,Adult,Black,Male,Light Feather,3,Wellington Dias,Gracie Humaita
World Jiu-Jitsu IBJJF Championship,2001,Adult,Black,Male,Feather,3,Alexandre Carneiro,Gracie Barra
World Jiu-Jitsu IBJJF Championship,2001,Adult,Black,Male,Feather,3,Marcos Barbosa,Barbosa J-J
World Jiu-Jitsu IBJJF Championship,2001,Adult,Black,Male,Light,3,Gustavo Correa,Gracie Humaita
World Jiu-Jitsu IBJJF Championship,2001,Adult,Black,Male,Light,3,Rodrigo Antonio,Nova Uniao
World Jiu-Jitsu IBJJF Championship,2001,Adult,Black,Male,Middle,3,Bruno Severiano,Gracie Barra
World Jiu-Jitsu IBJJF Championship,2001,Adult,Black,Male,Middle,3,Bruno Fernandes,Gracie Barra
World Jiu-Jitsu IBJJF Championship,2001,Adult,Black,Male,Medium Heavy,3,Roberto Correa,Gracie Barra
World Jiu-Jitsu IBJJF Championship,2001,Adult,Black,Male,Medium Heavy,3,Flávio Almeiida,Gracie Barra
World Jiu-Jitsu IBJJF Championship,2001,Adult,Black,Male,Heavy,3,Fábio Leopoldo,Gracie Barra
World Jiu-Jitsu IBJJF Championship,2001,Adult,Black,Male,Heavy,3,Jefferson Moura,Gracie Barra
World Jiu-Jitsu IBJJF Championship,2001,Adult,Black,Male,Super Heavy,3,Leonardo Lima,Gracie Barra
World Jiu-Jitsu IBJJF Championship,2001,Adult,Black,Male,Super Heavy,3,Roberto Tozzi,Godoi/Macaco
World Jiu-Jitsu IBJJF Championship,2001,Adult,Black,Male,Ultra Heavy,3,Adriano Maciel,Godoi/Macaco
World Jiu-Jitsu IBJJF Championship,2001,Adult,Black,Male,Ultra Heavy,3,Márcio Da Cruz,Gracie Barra
World Jiu-Jitsu IBJJF Championship,2001,Adult,Black,Male,Open Class,3,Márcio Da Cruz,Gracie Barra
World Jiu-Jitsu IBJJF Championship,2001,Adult,Black,Male,Open Class,3,Rodrigo Medeiros,Alliance
World Jiu-Jitsu IBJJF Championship,2001,Adult,Purple Brown Black,Female,Light Feather,1,Ana Michelle,Nova Uniao
World Jiu-Jitsu IBJJF Championship,2001,Adult,Purple Brown Black,Female,Feather,1,Bianca Andrade,Diojone J-J
World Jiu-Jitsu IBJJF Championship,2001,Adult,Purple Brown Black,Female,Light,1,Claudia Oliveira,Gracie Barra
World Jiu-Jitsu IBJJF Championship,2001,Adult,Purple Brown Black,Female,Middle,1,Juliana Vieira,Nova Uniao
World Jiu-Jitsu IBJJF Championship,2001,Adult,Purple Brown Black,Female,Medium Heavy,1,Ana Carolina Ferrira,Gracie Barra
World Jiu-Jitsu IBJJF Championship,2001,Adult,Purple Brown Black,Female,Light Feather,2,Juliana Gonçalves,Fjjam
World Jiu-Jitsu IBJJF Championship,2001,Adult,Purple Brown Black,Female,Feather,2,Leticia Ribeiro,Gracie Humaita
World Jiu-Jitsu IBJJF Championship,2001,Adult,Purple Brown Black,Female,Light,2,Bianca Bastos,Nova Uniao
World Jiu-Jitsu IBJJF Championship,2001,Adult,Purple Brown Black,Female,Middle,2,Renata Pimentel,Braz. Top Team
World Jiu-Jitsu IBJJF Championship,2001,Adult,Purple Brown Black,Female,Medium Heavy,2,Carolina Silva,Gracie Barra
World Jiu-Jitsu IBJJF Championship,2001,Adult,Purple Brown Black,Female,Light Feather,3,Mariana Vieira,Nova Uniao
World Jiu-Jitsu IBJJF Championship,2001,Adult,Purple Brown Black,Female,Light Feather,3,Roberta Parisi,Alliance
World Jiu-Jitsu IBJJF Championship,2001,Adult,Purple Brown Black,Female,Feather,3,Angelica Vieira,Nova Uniao
World Jiu-Jitsu IBJJF Championship,2001,Adult,Purple Brown Black,Female,Feather,3,Natasha Franco,Carlson Gracie
World Jiu-Jitsu IBJJF Championship,2001,Adult,Purple Brown Black,Female,Light,3,Izabela Ferreira,Ugf
World Jiu-Jitsu IBJJF Championship,2001,Adult,Purple Brown Black,Female,Light,3,Ananda Nobre,Strauch J-J
World Jiu-Jitsu IBJJF Championship,2001,Adult,Purple Brown Black,Female,Middle,3,Tatiana Chaves,Alliance
World Jiu-Jitsu IBJJF Championship,2001,Adult,Purple Brown Black,Female,Middle,3,Luciana Tavares,Gracie Humaita
World Jiu-Jitsu IBJJF Championship,2001,Adult,Purple Brown Black,Female,Medium Heavy,3,Mailza Cunha,Alliance
World Jiu-Jitsu IBJJF Championship,2001,Adult,Purple Brown Black,Female,Medium Heavy,3,Erica Paes,Equipe Iii
World Jiu-Jitsu IBJJF Championship,2002,Adult,Black,Male,Rooster,1,Marcos Norat,Gracie Humaita
World Jiu-Jitsu IBJJF Championship,2002,Adult,Black,Male,Light Feather,1,Carlos Lemos,Gracie Barra
World Jiu-Jitsu IBJJF Championship,2002,Adult,Black,Male,Feather,1,Fredson Paixao,Gracie Barra
World Jiu-Jitsu IBJJF Championship,2002,Adult,Black,Male,Light,1,Marcio Feitosa,Gracie Barra
World Jiu-Jitsu IBJJF Championship,2002,Adult,Black,Male,Middle,1,Delson Heleno,Gracie Barra
World Jiu-Jitsu IBJJF Championship,2002,Adult,Black,Male,Medium Heavy,1,Saulo Ribeiro,Gracie Humaita
World Jiu-Jitsu IBJJF Championship,2002,Adult,Black,Male,Heavy,1,Fabio Leopoldo,Gracie Barra
World Jiu-Jitsu IBJJF Championship,2002,Adult,Black,Male,Super Heavy,1,Gabriel Vella,Gracie Barra
World Jiu-Jitsu IBJJF Championship,2002,Adult,Black,Male,Ultra Heavy,1,Marcio Cruz,Gracie Barra
World Jiu-Jitsu IBJJF Championship,2002,Adult,Black,Male,Open Class,1,Marcio Cruz,Gracie Barra
World Jiu-Jitsu IBJJF Championship,2002,Adult,Black,Male,Rooster,2,Marcos Oliveira,Carlson Gracie
World Jiu-Jitsu IBJJF Championship,2002,Adult,Black,Male,Light Feather,2,Andre Soares,B Top Team
World Jiu-Jitsu IBJJF Championship,2002,Adult,Black,Male,Feather,2,Anderson Bezerra,Equipe 3
World Jiu-Jitsu IBJJF Championship,2002,Adult,Black,Male,Light,2,Marcelo Pupo,Gracie Barra
World Jiu-Jitsu IBJJF Championship,2002,Adult,Black,Male,Middle,2,Bruno Fernandes,Gracie Recreio
World Jiu-Jitsu IBJJF Championship,2002,Adult,Black,Male,Medium Heavy,2,Eric Wanderlei,Gracie Barra
World Jiu-Jitsu IBJJF Championship,2002,Adult,Black,Male,Heavy,2,Jeferson Moura,Gracie Recreio
World Jiu-Jitsu IBJJF Championship,2002,Adult,Black,Male,Super Heavy,2,Alexandre Dantas,Gracie Barra
World Jiu-Jitsu IBJJF Championship,2002,Adult,Black,Male,Ultra Heavy,2,Luiz Guilherme,Guigo JJ
World Jiu-Jitsu IBJJF Championship,2002,Adult,Black,Male,Open Class,2,Saulo Ribeiro,Gracie Humaita
World Jiu-Jitsu IBJJF Championship,2002,Adult,Black,Male,Rooster,3,Takeo Tani,Gracie Barra
World Jiu-Jitsu IBJJF Championship,2002,Adult,Black,Male,Rooster,3,Joao Marcio Pontes,FJJAM
World Jiu-Jitsu IBJJF Championship,2002,Adult,Black,Male,Light Feather,3,Leonardo Xavier,Gracie Humaita
World Jiu-Jitsu IBJJF Championship,2002,Adult,Black,Male,Light Feather,3,Wellington Dias,Gracie Humaita
World Jiu-Jitsu IBJJF Championship,2002,Adult,Black,Male,Feather,3,Ricardo De La Riva,UGF
World Jiu-Jitsu IBJJF Championship,2002,Adult,Black,Male,Feather,3,Alexandre Carneiro,Gracie Barra
World Jiu-Jitsu IBJJF Championship,2002,Adult,Black,Male,Light,3,Renato Migliaccio,Gracie SP
World Jiu-Jitsu IBJJF Championship,2002,Adult,Black,Male,Light,3,Albert Crane,Gracie Barra BH
World Jiu-Jitsu IBJJF Championship,2002,Adult,Black,Male,Middle,3,Breno Angelo,Crezio de Souza
World Jiu-Jitsu IBJJF Championship,2002,Adult,Black,Male,Middle,3,Marcelo Eduardo Brito,Arena
World Jiu-Jitsu IBJJF Championship,2002,Adult,Black,Male,Medium Heavy,3,Marcel Louzado,Godoi JJ Club
World Jiu-Jitsu IBJJF Championship,2002,Adult,Black,Male,Medium Heavy,3,Givanildo Santana,Equilibrio
World Jiu-Jitsu IBJJF Championship,2002,Adult,Black,Male,Heavy,3,Roberto Godoi,Godoi JJ Club
World Jiu-Jitsu IBJJF Championship,2002,Adult,Black,Male,Heavy,3,Gustavo Muggiati,Gracie curitiba
World Jiu-Jitsu IBJJF Championship,2002,Adult,Black,Male,Super Heavy,3,Roberto Tozi,Godoi JJ Club
World Jiu-Jitsu IBJJF Championship,2002,Adult,Black,Male,Super Heavy,3,Mauro Santos,Gracie Barra BH
World Jiu-Jitsu IBJJF Championship,2002,Adult,Black,Male,Ultra Heavy,3,Felipe Pederneiras,Crolin Gracie
World Jiu-Jitsu IBJJF Championship,2002,Adult,Black,Male,Ultra Heavy,3,Philipe Lyra,Gracie Barra
World Jiu-Jitsu IBJJF Championship,2002,Adult,Black,Male,Open Class,3,Alexandre Ribeiro,Gracie Humaita
World Jiu-Jitsu IBJJF Championship,2002,Adult,Black,Male,Open Class,3,Gabriel Gonzaga,Macaco Gold Team
World Jiu-Jitsu IBJJF Championship,2002,Adult,Purple Brown Black,Female,Light Feather,1,Virginia Maria,Breda
World Jiu-Jitsu IBJJF Championship,2002,Adult,Purple Brown Black,Female,Feather,1,Leticia Ribeiro,Gracie Humaita
World Jiu-Jitsu IBJJF Championship,2002,Adult,Purple Brown Black,Female,Light,1,Alessandra Vieira,Machado JJ
World Jiu-Jitsu IBJJF Championship,2002,Adult,Purple Brown Black,Female,Middle,1,Hannete Quadros,UGF
World Jiu-Jitsu IBJJF Championship,2002,Adult,Purple Brown Black,Female,Medium Heavy,1,Mirela Cortez,Ugf
World Jiu-Jitsu IBJJF Championship,2002,Adult,Purple Brown Black,Female,Light Feather,2,Mirian Figueredo,Carlson Gracie
World Jiu-Jitsu IBJJF Championship,2002,Adult,Purple Brown Black,Female,Feather,2,Aika Sato,Paraestra
World Jiu-Jitsu IBJJF Championship,2002,Adult,Purple Brown Black,Female,Light,2,Silvana Abreu,Alliance
World Jiu-Jitsu IBJJF Championship,2002,Adult,Purple Brown Black,Female,Middle,2,Alessandra de Oliveira,Alliance
World Jiu-Jitsu IBJJF Championship,2002,Adult,Purple Brown Black,Female,Medium Heavy,2,Carolina Prado,Gracie Barra Portugal
World Jiu-Jitsu IBJJF Championship,2002,Adult,Purple Brown Black,Female,Light Feather,3,Elaine Hukuda,Integração
World Jiu-Jitsu IBJJF Championship,2002,Adult,Purple Brown Black,Female,Light Feather,3,Raphaelly Paes,Breda
World Jiu-Jitsu IBJJF Championship,2002,Adult,Purple Brown Black,Female,Feather,3,Andrezza Pinho,Gracie Barra
World Jiu-Jitsu IBJJF Championship,2002,Adult,Purple Brown Black,Female,Feather,3,Sheila Viviane,Inifhgt
World Jiu-Jitsu IBJJF Championship,2002,Adult,Purple Brown Black,Female,Light,3,Danielle Estrella,Equilibrio
World Jiu-Jitsu IBJJF Championship,2002,Adult,Purple Brown Black,Female,Light,3,Simone Pessoa,Equilibrio
World Jiu-Jitsu IBJJF Championship,2002,Adult,Purple Brown Black,Female,Middle,3,Mariana Coelho,Gracie Barra
World Jiu-Jitsu IBJJF Championship,2002,Adult,Purple Brown Black,Female,Middle,3,Karina Gazzano,Cia Paulista
World Jiu-Jitsu IBJJF Championship,2002,Adult,Purple Brown Black,Female,Medium Heavy,3,Ana Carolina Pinho,Gracie Barra
World Jiu-Jitsu IBJJF Championship,2002,Adult,Purple Brown Black,Female,Medium Heavy,3,Erika Paes,Gracie Barra
World Jiu-Jitsu IBJJF Championship,2003,Adult,Black,Male,Rooster,1,Felipe Costa,Master
World Jiu-Jitsu IBJJF Championship,2003,Adult,Black,Male,Light Feather,1,Bibiano Fernandes,Gracie Barra
World Jiu-Jitsu IBJJF Championship,2003,Adult,Black,Male,Feather,1,Mario Reis,Winner Behring
World Jiu-Jitsu IBJJF Championship,2003,Adult,Black,Male,Light,1,Daniel Moraes,Gracie Humaita
World Jiu-Jitsu IBJJF Championship,2003,Adult,Black,Male,Middle,1,Fernando Augusto,Master
World Jiu-Jitsu IBJJF Championship,2003,Adult,Black,Male,Medium Heavy,1,Cassio Werneck,B Top Team
World Jiu-Jitsu IBJJF Championship,2003,Adult,Black,Male,Heavy,1,Jefferson Moura,Gracie Barra
World Jiu-Jitsu IBJJF Championship,2003,Adult,Black,Male,Super Heavy,1,Eric Wanderley,Gracie Barra
World Jiu-Jitsu IBJJF Championship,2003,Adult,Black,Male,Ultra Heavy,1,Fabricio Werdum,Winner Behring
World Jiu-Jitsu IBJJF Championship,2003,Adult,Black,Male,Open Class,1,Marcio Cruz,Gracie Barra
World Jiu-Jitsu IBJJF Championship,2003,Adult,Black,Male,Rooster,2,Daniel Moreno,Tanque
World Jiu-Jitsu IBJJF Championship,2003,Adult,Black,Male,Light Feather,2,Carlos Lemos,Gracie Barra
World Jiu-Jitsu IBJJF Championship,2003,Adult,Black,Male,Feather,2,Alexandre Carneiro,Gracie Barra
World Jiu-Jitsu IBJJF Championship,2003,Adult,Black,Male,Light,2,Marcio Feitosa,Gracie Barra
World Jiu-Jitsu IBJJF Championship,2003,Adult,Black,Male,Middle,2,Marcelo Garcia,Alliance
World Jiu-Jitsu IBJJF Championship,2003,Adult,Black,Male,Medium Heavy,2,Marcel Louzada,Master
World Jiu-Jitsu IBJJF Championship,2003,Adult,Black,Male,Heavy,2,Roger Coelho,Macaco Gold Team
World Jiu-Jitsu IBJJF Championship,2003,Adult,Black,Male,Super Heavy,2,Roberto Tozi,Godoi Jj Club
World Jiu-Jitsu IBJJF Championship,2003,Adult,Black,Male,Ultra Heavy,2,Leonardo Leite,Alliance
World Jiu-Jitsu IBJJF Championship,2003,Adult,Black,Male,Open Class,2,Roger Gracie,Gracie Barra
World Jiu-Jitsu IBJJF Championship,2003,Adult,Black,Male,Rooster,3,Andre Soares,B Top Team
World Jiu-Jitsu IBJJF Championship,2003,Adult,Black,Male,Rooster,3,Eduardo Ramos,Fjjam
World Jiu-Jitsu IBJJF Championship,2003,Adult,Black,Male,Light Feather,3,Roberto Matsumoto,De La Riva
World Jiu-Jitsu IBJJF Championship,2003,Adult,Black,Male,Light Feather,3,Rafael Primo,De La Riva
World Jiu-Jitsu IBJJF Championship,2003,Adult,Black,Male,Feather,3,Fredson Paixao,Gracie Barra
World Jiu-Jitsu IBJJF Championship,2003,Adult,Black,Male,Feather,3,Reinaldo Ribeiro,Castelo Branco
World Jiu-Jitsu IBJJF Championship,2003,Adult,Black,Male,Light,3,Marcos Pacheco,Fjjam
World Jiu-Jitsu IBJJF Championship,2003,Adult,Black,Male,Light,3,Bruno De Paula,Alliance
World Jiu-Jitsu IBJJF Championship,2003,Adult,Black,Male,Middle,3,Eduardo Santoro,Equilibrio
World Jiu-Jitsu IBJJF Championship,2003,Adult,Black,Male,Middle,3,Marcelo Brito,Arena
World Jiu-Jitsu IBJJF Championship,2003,Adult,Black,Male,Medium Heavy,3,Rodrigo Pinheiro,Gracie Humaita
World Jiu-Jitsu IBJJF Championship,2003,Adult,Black,Male,Medium Heavy,3,Fabio Nascimento,Equilibrio
World Jiu-Jitsu IBJJF Championship,2003,Adult,Black,Male,Heavy,3,Rodrigo Medeiros,Master
World Jiu-Jitsu IBJJF Championship,2003,Adult,Black,Male,Heavy,3,Hugo Carione,Gracie Florianopolis
World Jiu-Jitsu IBJJF Championship,2003,Adult,Black,Male,Super Heavy,3,Fabio Leopoldo,Gracie Sp
World Jiu-Jitsu IBJJF Championship,2003,Adult,Black,Male,Super Heavy,3,Pedro Galiza,B Top Team
World Jiu-Jitsu IBJJF Championship,2003,Adult,Black,Male,Ultra Heavy,3,Adriano Camolesi,Godoi Jj Club
World Jiu-Jitsu IBJJF Championship,2003,Adult,Black,Male,Ultra Heavy,3,Marcio Corleta,Winner Behring
World Jiu-Jitsu IBJJF Championship,2003,Adult,Black,Male,Open Class,3,Alexandre Dantas,Gracie Sp
World Jiu-Jitsu IBJJF Championship,2003,Adult,Black,Male,Open Class,3,Fabricio Werdum,Winner Behring
World Jiu-Jitsu IBJJF Championship,2003,Adult,Purple Brown Black,Female,Light Feather,1,Daniele Piermatei,Leao Dourado
World Jiu-Jitsu IBJJF Championship,2003,Adult,Purple Brown Black,Female,Feather,1,Andrezza Pinho,Osvaldo Alves
World Jiu-Jitsu IBJJF Championship,2003,Adult,Purple Brown Black,Female,Light,1,Hanete Quadros,Carlson Gracie Ugf
World Jiu-Jitsu IBJJF Championship,2003,Adult,Purple Brown Black,Female,Middle,1,Poliana Lago,Gracie Barra
World Jiu-Jitsu IBJJF Championship,2003,Adult,Purple Brown Black,Female,Medium Heavy,1,Rosangela Conceicao,Behring
World Jiu-Jitsu IBJJF Championship,2003,Adult,Purple Brown Black,Female,Light Feather,2,Elidiane Pereira,Alliance
World Jiu-Jitsu IBJJF Championship,2003,Adult,Purple Brown Black,Female,Feather,2,Aika Sato,Paraestra
World Jiu-Jitsu IBJJF Championship,2003,Adult,Purple Brown Black,Female,Light,2,Rui Terashima,Purebred
World Jiu-Jitsu IBJJF Championship,2003,Adult,Purple Brown Black,Female,Middle,2,Carolina Prado,Gracie Barra Portugal
World Jiu-Jitsu IBJJF Championship,2003,Adult,Purple Brown Black,Female,Medium Heavy,2,Mirella Cortez,Carlson Gracie Ugf
World Jiu-Jitsu IBJJF Championship,2003,Adult,Purple Brown Black,Female,Light Feather,3,Elizangela Meireles,Gaviao
World Jiu-Jitsu IBJJF Championship,2003,Adult,Purple Brown Black,Female,Light Feather,3,Cleonara Oliveira,Carlson Gracie Ugf
World Jiu-Jitsu IBJJF Championship,2003,Adult,Purple Brown Black,Female,Feather,3,Leticia Ribeiro,Gracie Humaita
World Jiu-Jitsu IBJJF Championship,2003,Adult,Purple Brown Black,Female,Feather,3,Laurence Cousin,Behring
World Jiu-Jitsu IBJJF Championship,2003,Adult,Purple Brown Black,Female,Light,3,Cristiane Souza,Bon Sai
World Jiu-Jitsu IBJJF Championship,2003,Adult,Purple Brown Black,Female,Light,3,Debora Cochiarale,Carlson Gracie Ugf
World Jiu-Jitsu IBJJF Championship,2003,Adult,Purple Brown Black,Female,Middle,3,Marcia Freire,Infight
World Jiu-Jitsu IBJJF Championship,2003,Adult,Purple Brown Black,Female,Middle,3,Thais Ramos,Brigadeiro
World Jiu-Jitsu IBJJF Championship,2003,Adult,Purple Brown Black,Female,Medium Heavy,3,Isabela Firmo,De La Riva
World Jiu-Jitsu IBJJF Championship,2003,Adult,Purple Brown Black,Female,Medium Heavy,3,Ronise Chaves,Alliance
World Jiu-Jitsu IBJJF Championship,2004,Adult,Black,Male,Rooster,1,Gabriel Moraes,Monteiro
World Jiu-Jitsu IBJJF Championship,2004,Adult,Black,Male,Light Feather,1,Fernando Vieira,Monteiro
World Jiu-Jitsu IBJJF Championship,2004,Adult,Black,Male,Feather,1,Mario Reis,Brazilian Top Team
World Jiu-Jitsu IBJJF Championship,2004,Adult,Black,Male,Light,1,Daniel Moraes,Gracie Humaita
World Jiu-Jitsu IBJJF Championship,2004,Adult,Black,Male,Middle,1,Marcelo Garcia,Alliance
World Jiu-Jitsu IBJJF Championship,2004,Adult,Black,Male,Medium Heavy,1,Braulio Estima,Gracie Barra
World Jiu-Jitsu IBJJF Championship,2004,Adult,Black,Male,Heavy,1,Alexandre Ribeiro,Gracie Humaita
World Jiu-Jitsu IBJJF Championship,2004,Adult,Black,Male,Super Heavy,1,Roger Gracie,Gracie Barra
World Jiu-Jitsu IBJJF Championship,2004,Adult,Black,Male,Ultra Heavy,1,Fabricio Werdum,Winner-Behring
World Jiu-Jitsu IBJJF Championship,2004,Adult,Black,Male,Open Class,1,Ronaldo de Souza,Brasa
World Jiu-Jitsu IBJJF Championship,2004,Adult,Black,Male,Rooster,2,Geremias Maia,Gracie Barra
World Jiu-Jitsu IBJJF Championship,2004,Adult,Black,Male,Light Feather,2,Bibiano Fernandes,Gracie Barra
World Jiu-Jitsu IBJJF Championship,2004,Adult,Black,Male,Feather,2,Fredson Paixao,Gracie Barra
World Jiu-Jitsu IBJJF Championship,2004,Adult,Black,Male,Light,2,Rodrigo Magalhaes,Gracie Barra
World Jiu-Jitsu IBJJF Championship,2004,Adult,Black,Male,Middle,2,Cassio Werneck,BTT
World Jiu-Jitsu IBJJF Championship,2004,Adult,Black,Male,Medium Heavy,2,Ronaldo de Souza,Brasa
World Jiu-Jitsu IBJJF Championship,2004,Adult,Black,Male,Heavy,2,Jefferson Moura,Gracie Barra
World Jiu-Jitsu IBJJF Championship,2004,Adult,Black,Male,Super Heavy,2,Rodrigo Medeiros,Brasa
World Jiu-Jitsu IBJJF Championship,2004,Adult,Black,Male,Ultra Heavy,2,Fernando Tereré,TT Jiu-Jitsu
World Jiu-Jitsu IBJJF Championship,2004,Adult,Black,Male,Open Class,2,Roger Gracie,Gracie Barra
World Jiu-Jitsu IBJJF Championship,2004,Adult,Black,Male,Rooster,3,Felipe Costa,Brasa
World Jiu-Jitsu IBJJF Championship,2004,Adult,Black,Male,Rooster,3,Marcus Norat,Gracie Humaita
World Jiu-Jitsu IBJJF Championship,2004,Adult,Black,Male,Light Feather,3,Robson Medeiros,G. Barra/Pit Bull
World Jiu-Jitsu IBJJF Championship,2004,Adult,Black,Male,Light Feather,3,Carlos Holanda,Oswaldo Alves
World Jiu-Jitsu IBJJF Championship,2004,Adult,Black,Male,Feather,3,Gustavo Falciroli,BTT
World Jiu-Jitsu IBJJF Championship,2004,Adult,Black,Male,Feather,3,Cicero Costa,Barbosa JJ
World Jiu-Jitsu IBJJF Championship,2004,Adult,Black,Male,Light,3,Alexandre Conciero,Nova Geração
World Jiu-Jitsu IBJJF Championship,2004,Adult,Black,Male,Light,3,Bruno de Paula,Alliance
World Jiu-Jitsu IBJJF Championship,2004,Adult,Black,Male,Middle,3,Flavio Serafim,BTT
World Jiu-Jitsu IBJJF Championship,2004,Adult,Black,Male,Middle,3,Felipe Simao,Gracie Barra
World Jiu-Jitsu IBJJF Championship,2004,Adult,Black,Male,Medium Heavy,3,Delson Heleno,Gracie Barra
World Jiu-Jitsu IBJJF Championship,2004,Adult,Black,Male,Medium Heavy,3,Marcelo Azevedo,Gracie Barra/BH
World Jiu-Jitsu IBJJF Championship,2004,Adult,Black,Male,Heavy,3,Robert Drysdale,Brasa
World Jiu-Jitsu IBJJF Championship,2004,Adult,Black,Male,Heavy,3,Lucio Rodrigues,Gracie Barra
World Jiu-Jitsu IBJJF Championship,2004,Adult,Black,Male,Super Heavy,3,Roberto Tozi,BTT
World Jiu-Jitsu IBJJF Championship,2004,Adult,Black,Male,Super Heavy,3,Arthur Cezar,UGF
World Jiu-Jitsu IBJJF Championship,2004,Adult,Black,Male,Ultra Heavy,3,Marco Villela,Gracie Recreio
World Jiu-Jitsu IBJJF Championship,2004,Adult,Black,Male,Ultra Heavy,3,Fabiano Sherner,BTT
World Jiu-Jitsu IBJJF Championship,2004,Adult,Black,Male,Open Class,3,Alexandre Ribeiro,Gracie Humaita
World Jiu-Jitsu IBJJF Championship,2004,Adult,Black,Male,Open Class,3,Marcelo Garcia,Alliance
World Jiu-Jitsu IBJJF Championship,2004,Adult,Purple Brown Black,Female,Light Feather,1,Daniele Silva,Leão Dourado
World Jiu-Jitsu IBJJF Championship,2004,Adult,Purple Brown Black,Female,Feather,1,Bianca Andrade,Gracie Barra/Alagoas
World Jiu-Jitsu IBJJF Championship,2004,Adult,Purple Brown Black,Female,Light,1,Hannet Quadros,UGF
World Jiu-Jitsu IBJJF Championship,2004,Adult,Purple Brown Black,Female,Middle,1,Polyana Lago,Gracie Barra
World Jiu-Jitsu IBJJF Championship,2004,Adult,Purple Brown Black,Female,Medium Heavy,1,Mirela Cortes,UGF
World Jiu-Jitsu IBJJF Championship,2004,Adult,Purple Brown Black,Female,Light Feather,2,Camila Pereira,UGF
World Jiu-Jitsu IBJJF Championship,2004,Adult,Purple Brown Black,Female,Feather,2,Kyra Gracie,Gracie Barra
World Jiu-Jitsu IBJJF Championship,2004,Adult,Purple Brown Black,Female,Light,2,Mariana Coelho,Gracie Barra
World Jiu-Jitsu IBJJF Championship,2004,Adult,Purple Brown Black,Female,Middle,2,Gilda Maria,C.E.M.S
World Jiu-Jitsu IBJJF Championship,2004,Adult,Purple Brown Black,Female,Medium Heavy,2,Caroline Cardoso,BTT
World Jiu-Jitsu IBJJF Championship,2004,Adult,Purple Brown Black,Female,Light Feather,3,Michele Nicolini,Brasa
World Jiu-Jitsu IBJJF Championship,2004,Adult,Purple Brown Black,Female,Light Feather,3,Rafaelly Paes,Breda
World Jiu-Jitsu IBJJF Championship,2004,Adult,Purple Brown Black,Female,Feather,3,Lenir Tavares,Araruama
World Jiu-Jitsu IBJJF Championship,2004,Adult,Purple Brown Black,Female,Feather,3,Bruna Gruppi,Behring
World Jiu-Jitsu IBJJF Championship,2004,Adult,Purple Brown Black,Female,Light,3,Alessandra Filha,Leka Vieira
World Jiu-Jitsu IBJJF Championship,2004,Adult,Purple Brown Black,Female,Light,3,Deborah Cocchiarale,UGF
World Jiu-Jitsu IBJJF Championship,2004,Adult,Purple Brown Black,Female,Middle,3,Juliana Vieira,Fernando Boi
World Jiu-Jitsu IBJJF Championship,2004,Adult,Purple Brown Black,Female,Middle,3,Silvana Abreu,Alliance
World Jiu-Jitsu IBJJF Championship,2004,Adult,Purple Brown Black,Female,Medium Heavy,3,Ediane Gomes,Macaco Gold Team
World Jiu-Jitsu IBJJF Championship,2005,Adult,Black,Male,Rooster,1,Samuel Braga,Gracie Barra
World Jiu-Jitsu IBJJF Championship,2005,Adult,Black,Male,Light Feather,1,Bibiano Fernandes,Gracie Barra
World Jiu-Jitsu IBJJF Championship,2005,Adult,Black,Male,Feather,1,Fredson Paixͣo,Gracie Barra
World Jiu-Jitsu IBJJF Championship,2005,Adult,Black,Male,Light,1,Celso Vinicius,Gordo Jj
World Jiu-Jitsu IBJJF Championship,2005,Adult,Black,Male,Middle,1,Andre Galvao,Tt Jiu-Jitsu
World Jiu-Jitsu IBJJF Championship,2005,Adult,Black,Male,Medium Heavy,1,Ronaldo Souza,Brasa
World Jiu-Jitsu IBJJF Championship,2005,Adult,Black,Male,Heavy,1,Robert Drysdale,Brasa
World Jiu-Jitsu IBJJF Championship,2005,Adult,Black,Male,Super Heavy,1,Roger Gracie,Gracie Barra
World Jiu-Jitsu IBJJF Championship,2005,Adult,Black,Male,Ultra Heavy,1,Francisco Fernandes,Gracie Barra
World Jiu-Jitsu IBJJF Championship,2005,Adult,Black,Male,Open Class,1,Ronaldo Souza,Brasa
World Jiu-Jitsu IBJJF Championship,2005,Adult,Black,Male,Rooster,2,Gabriel Moraes,Monteiro
World Jiu-Jitsu IBJJF Championship,2005,Adult,Black,Male,Light Feather,2,Carlos Vieira,Osvaldo Alves
World Jiu-Jitsu IBJJF Championship,2005,Adult,Black,Male,Feather,2,Mario Reis,Brazilian Top Team
World Jiu-Jitsu IBJJF Championship,2005,Adult,Black,Male,Light,2,Tiago Alves,Barbosa Jj
World Jiu-Jitsu IBJJF Championship,2005,Adult,Black,Male,Middle,2,Felipe Perez,Gracie Barra Bh
World Jiu-Jitsu IBJJF Championship,2005,Adult,Black,Male,Medium Heavy,2,Braulio Estima,Gracie Barra
World Jiu-Jitsu IBJJF Championship,2005,Adult,Black,Male,Heavy,2,Fernando Marques,Fernando Boi
World Jiu-Jitsu IBJJF Championship,2005,Adult,Black,Male,Super Heavy,2,Alexandre Ribeiro,Gracie Humaita
World Jiu-Jitsu IBJJF Championship,2005,Adult,Black,Male,Ultra Heavy,2,Marcio Corleta,Winner
World Jiu-Jitsu IBJJF Championship,2005,Adult,Black,Male,Open Class,2,Roger Gracie,Gracie Barra
World Jiu-Jitsu IBJJF Championship,2005,Adult,Black,Male,Rooster,3,Felipe Costa,Brasa
World Jiu-Jitsu IBJJF Championship,2005,Adult,Black,Male,Rooster,3,Thiago Veiga,Luiz Claudio
World Jiu-Jitsu IBJJF Championship,2005,Adult,Black,Male,Light Feather,3,Luiz Vicente,De La Riva
World Jiu-Jitsu IBJJF Championship,2005,Adult,Black,Male,Light Feather,3,Carlos Lemos,Gracie Barra
World Jiu-Jitsu IBJJF Championship,2005,Adult,Black,Male,Feather,3,Bruno Frazato,Brazilian Top Team
World Jiu-Jitsu IBJJF Championship,2005,Adult,Black,Male,Feather,3,Fredson Alves,Gracie Humaita
World Jiu-Jitsu IBJJF Championship,2005,Adult,Black,Male,Light,3,Rafael Barbosa,Brazilian Top Team
World Jiu-Jitsu IBJJF Championship,2005,Adult,Black,Male,Light,3,Felipe Souza,Gracie Barra
World Jiu-Jitsu IBJJF Championship,2005,Adult,Black,Male,Middle,3,Guto Campos,Brazilian Top Team
World Jiu-Jitsu IBJJF Championship,2005,Adult,Black,Male,Middle,3,Flavio Serafim,Brazilian Top Team
World Jiu-Jitsu IBJJF Championship,2005,Adult,Black,Male,Medium Heavy,3,Demian Maia,Brasa
World Jiu-Jitsu IBJJF Championship,2005,Adult,Black,Male,Medium Heavy,3,Antonio Sergio,Carlson Gracie Team
World Jiu-Jitsu IBJJF Championship,2005,Adult,Black,Male,Heavy,3,Lucio Rodrigues,Gracie Barra
World Jiu-Jitsu IBJJF Championship,2005,Adult,Black,Male,Heavy,3,Fabio Leopoldo,Gracie Barra
World Jiu-Jitsu IBJJF Championship,2005,Adult,Black,Male,Super Heavy,3,Fernando Pontes,Brazilian Top Team
World Jiu-Jitsu IBJJF Championship,2005,Adult,Black,Male,Super Heavy,3,Rodrigo Medeiros,Brasa
World Jiu-Jitsu IBJJF Championship,2005,Adult,Black,Male,Ultra Heavy,3,Guilherme Gazzineli,Gracie Barra Bh
World Jiu-Jitsu IBJJF Championship,2005,Adult,Black,Male,Ultra Heavy,3,Arthur Cesar,Pedro Gama Filho
World Jiu-Jitsu IBJJF Championship,2005,Adult,Black,Male,Open Class,3,Braulio Estima,Gracie Barra
World Jiu-Jitsu IBJJF Championship,2005,Adult,Black,Male,Open Class,3,Saulo Ribeiro,Gracie Humaita
World Jiu-Jitsu IBJJF Championship,2005,Adult,Brown Black,Female,Light Feather,1,Daniele Piermatei,Leao Dourado
World Jiu-Jitsu IBJJF Championship,2005,Adult,Brown Black,Female,Feather,1,Bianca Andrade,Gracie Barra
World Jiu-Jitsu IBJJF Championship,2005,Adult,Brown Black,Female,Light,1,Alessandra Vieira,Gracie Humaita
World Jiu-Jitsu IBJJF Championship,2005,Adult,Brown Black,Female,Middle,1,Poliana Lago,Gracie Barra
World Jiu-Jitsu IBJJF Championship,2005,Adult,Brown Black,Female,Medium Heavy,1,Rosangela Conceição,Behring
World Jiu-Jitsu IBJJF Championship,2005,Adult,Brown Black,Female,Light Feather,2,Elidiane Cardoso,Alliance
World Jiu-Jitsu IBJJF Championship,2005,Adult,Brown Black,Female,Feather,2,Leticia Ribeiro,Gracie Humaita
World Jiu-Jitsu IBJJF Championship,2005,Adult,Brown Black,Female,Light,2,Kyra Gracie,Gracie Barra
World Jiu-Jitsu IBJJF Championship,2005,Adult,Brown Black,Female,Middle,2,Livia Regina,Osvaldo Alves
World Jiu-Jitsu IBJJF Championship,2005,Adult,Brown Black,Female,Medium Heavy,2,Maria Do Carmo,De La Riva
World Jiu-Jitsu IBJJF Championship,2005,Adult,Brown Black,Female,Light Feather,3,Rafhaelly Paes,Breda
World Jiu-Jitsu IBJJF Championship,2005,Adult,Brown Black,Female,Light Feather,3,Dc Maxwell,Saulo Ribeiro
World Jiu-Jitsu IBJJF Championship,2005,Adult,Brown Black,Female,Feather,3,Laurence Cousin,Behring
World Jiu-Jitsu IBJJF Championship,2005,Adult,Brown Black,Female,Feather,3,Bruna Gruppi,Behring
World Jiu-Jitsu IBJJF Championship,2005,Adult,Brown Black,Female,Light,3,Silvana Abreu,Alliance
World Jiu-Jitsu IBJJF Championship,2005,Adult,Brown Black,Female,Light,3,Hannette Quadros,Pedro Gama Filho
World Jiu-Jitsu IBJJF Championship,2006,Adult,Black,Male,Rooster,1,Daniel Otero,Fabricio
World Jiu-Jitsu IBJJF Championship,2006,Adult,Black,Male,Light Feather,1,Bibiano Fernandes,Gracie Barra
World Jiu-Jitsu IBJJF Championship,2006,Adult,Black,Male,Feather,1,Rubens Charles,Fernando Torres
World Jiu-Jitsu IBJJF Championship,2006,Adult,Black,Male,Light,1,Celso Vinicius,Gracie Barra
World Jiu-Jitsu IBJJF Championship,2006,Adult,Black,Male,Middle,1,Marcelo Garcia,Alliance
World Jiu-Jitsu IBJJF Championship,2006,Adult,Black,Male,Medium Heavy,1,Braulio Estima,Gracie Barra
World Jiu-Jitsu IBJJF Championship,2006,Adult,Black,Male,Heavy,1,Alexandre Ribeiro,Gracie Humaita
World Jiu-Jitsu IBJJF Championship,2006,Adult,Black,Male,Super Heavy,1,Roger Gracie,Gracie Barra
World Jiu-Jitsu IBJJF Championship,2006,Adult,Black,Male,Ultra Heavy,1,Gabriel Gonzaga,Macaco Gold Team
World Jiu-Jitsu IBJJF Championship,2006,Adult,Black,Male,Open Class,1,Alexandre Ribeiro,Gracie Humaita
World Jiu-Jitsu IBJJF Championship,2006,Adult,Black,Male,Rooster,2,Ivaniel Oliveira,Carioca Team
World Jiu-Jitsu IBJJF Championship,2006,Adult,Black,Male,Light Feather,2,Bernardo Pitel,Fernando Boi
World Jiu-Jitsu IBJJF Championship,2006,Adult,Black,Male,Feather,2,Marcio Feitosa,Gracie Barra
World Jiu-Jitsu IBJJF Championship,2006,Adult,Black,Male,Light,2,Mario Reis,Gracie Barra Porto Alegre
World Jiu-Jitsu IBJJF Championship,2006,Adult,Black,Male,Middle,2,Andre Galvao,Brasa
World Jiu-Jitsu IBJJF Championship,2006,Adult,Black,Male,Medium Heavy,2,Delson Heleno,Gracie Barra
World Jiu-Jitsu IBJJF Championship,2006,Adult,Black,Male,Heavy,2,Thiago Gaia,DDR Jiu-Jitsu
World Jiu-Jitsu IBJJF Championship,2006,Adult,Black,Male,Super Heavy,2,Robert Drysdale,Brasa
World Jiu-Jitsu IBJJF Championship,2006,Adult,Black,Male,Ultra Heavy,2,Leonardo Leite,Brasa
World Jiu-Jitsu IBJJF Championship,2006,Adult,Black,Male,Open Class,2,Roger Gracie,Gracie Barra
World Jiu-Jitsu IBJJF Championship,2006,Adult,Black,Male,Rooster,3,Felipe Costa,Brasa
World Jiu-Jitsu IBJJF Championship,2006,Adult,Black,Male,Rooster,3,Samuel Braga,Gracie Barra
World Jiu-Jitsu IBJJF Championship,2006,Adult,Black,Male,Light Feather,3,Dai Yoshioka,Paraestra
World Jiu-Jitsu IBJJF Championship,2006,Adult,Black,Male,Light Feather,3,Carlos Holanda,Osvaldo Alves
World Jiu-Jitsu IBJJF Championship,2006,Adult,Black,Male,Feather,3,Reinaldo Ribeiro,Brasa
World Jiu-Jitsu IBJJF Championship,2006,Adult,Black,Male,Feather,3,Bruno Frazzato,Brazilian Top Team
World Jiu-Jitsu IBJJF Championship,2006,Adult,Black,Male,Light,3,Adriano Martins,Carioca Team
World Jiu-Jitsu IBJJF Championship,2006,Adult,Black,Male,Light,3,Claudio Calasans,Osvaldo Alves
World Jiu-Jitsu IBJJF Championship,2006,Adult,Black,Male,Middle,3,Antonio Schembri,Chute Boxe
World Jiu-Jitsu IBJJF Championship,2006,Adult,Black,Male,Middle,3,Daniel Morais,Gracie Humaita
World Jiu-Jitsu IBJJF Championship,2006,Adult,Black,Male,Medium Heavy,3,Romulo Barral,Gracie Barra BH
World Jiu-Jitsu IBJJF Championship,2006,Adult,Black,Male,Medium Heavy,3,Alexandre Dantas,Gracie Barra America
World Jiu-Jitsu IBJJF Championship,2006,Adult,Black,Male,Heavy,3,Carlos Eduardo,Yamasaki Academy
World Jiu-Jitsu IBJJF Championship,2006,Adult,Black,Male,Heavy,3,Rodrigo Pinheiro,Gracie Humaita
World Jiu-Jitsu IBJJF Championship,2006,Adult,Black,Male,Super Heavy,3,Rodrigo Medeiros,Brasa
World Jiu-Jitsu IBJJF Championship,2006,Adult,Black,Male,Super Heavy,3,Roberto Tozi,Brazilian Top Team
World Jiu-Jitsu IBJJF Championship,2006,Adult,Black,Male,Ultra Heavy,3,Luiz Theodoro,Brazilian Top Team
World Jiu-Jitsu IBJJF Championship,2006,Adult,Black,Male,Ultra Heavy,3,Lucio Rodrigues,Gracie Barra
World Jiu-Jitsu IBJJF Championship,2006,Adult,Black,Male,Open Class,3,Roberto Abreu,Nova Gera�cao
World Jiu-Jitsu IBJJF Championship,2006,Adult,Black,Male,Open Class,3,Marcelo Garcia,Alliance
World Jiu-Jitsu IBJJF Championship,2006,Adult,Brown Black,Female,Light Feather,1,Michele Nicolini,Brasa
World Jiu-Jitsu IBJJF Championship,2006,Adult,Brown Black,Female,Feather,1,Leticia Ribeiro,Gracie Humaita
World Jiu-Jitsu IBJJF Championship,2006,Adult,Brown Black,Female,Light,1,Kyra Gracie,Gracie Barra
World Jiu-Jitsu IBJJF Championship,2006,Adult,Brown Black,Female,Middle,1,Caroline de Lazzerok,FGJJ
World Jiu-Jitsu IBJJF Championship,2006,Adult,Brown Black,Female,Medium Heavy,1,Luzia Fernandes,Gracie Barra
World Jiu-Jitsu IBJJF Championship,2006,Adult,Brown Black,Female,Light Feather,2,Juliana Gonçalves,Gracie Barra
World Jiu-Jitsu IBJJF Championship,2006,Adult,Brown Black,Female,Feather,2,Bianca Andrade,Gracie Barra
World Jiu-Jitsu IBJJF Championship,2006,Adult,Brown Black,Female,Light,2,Hannette Quadros,Carlson Gracie Team
World Jiu-Jitsu IBJJF Championship,2006,Adult,Brown Black,Female,Middle,2,Diana Menezes,Bon Sai
World Jiu-Jitsu IBJJF Championship,2006,Adult,Brown Black,Female,Medium Heavy,2,Livia Borges,Osvaldo Alves
World Jiu-Jitsu IBJJF Championship,2006,Adult,Brown Black,Female,Light Feather,3,Elizangela Meireles,Gaviao
World Jiu-Jitsu IBJJF Championship,2006,Adult,Brown Black,Female,Light Feather,3,Sharon Bonewicz,Big Brothers
World Jiu-Jitsu IBJJF Championship,2006,Adult,Brown Black,Female,Feather,3,Fabiana Borges,Evolução Jiu -Jitsu
World Jiu-Jitsu IBJJF Championship,2006,Adult,Brown Black,Female,Feather,3,Cristiane Souza,Bon Sai
World Jiu-Jitsu IBJJF Championship,2006,Adult,Brown Black,Female,Light,3,Silvana Abreu,Carlson Gracie Team
World Jiu-Jitsu IBJJF Championship,2006,Adult,Brown Black,Female,Light,3,Andrea Endy,Strauch
World Jiu-Jitsu IBJJF Championship,2006,Adult,Brown Black,Female,Middle,3,Luanna Alzuguirok,Barbosa JJ
World Jiu-Jitsu IBJJF Championship,2006,Adult,Brown Black,Female,Middle,3,Luciana Dias,Gracie Humaita
World Jiu-Jitsu IBJJF Championship,2006,Adult,Brown Black,Female,Medium Heavy,3,Maria do Carmo,De La Riva
World Jiu-Jitsu IBJJF Championship,2007,Adult,Black,Male,Rooster,1,Bruno Malfacine,UGF
World Jiu-Jitsu IBJJF Championship,2007,Adult,Black,Male,Light Feather,1,Robson Moura,Nova Uniao
World Jiu-Jitsu IBJJF Championship,2007,Adult,Black,Male,Feather,1,Rubens Charles,Alliance
World Jiu-Jitsu IBJJF Championship,2007,Adult,Black,Male,Light,1,Lucas Lepri,Alliance
World Jiu-Jitsu IBJJF Championship,2007,Adult,Black,Male,Middle,1,Lucas Leite,Brasa
World Jiu-Jitsu IBJJF Championship,2007,Adult,Black,Male,Medium Heavy,1,Romulo Barral,Gracie Barra
World Jiu-Jitsu IBJJF Championship,2007,Adult,Black,Male,Heavy,1,Alexandre Ribeiro,Gracie Humaita
World Jiu-Jitsu IBJJF Championship,2007,Adult,Black,Male,Super Heavy,1,Roger Gracie,Gracie Barra
World Jiu-Jitsu IBJJF Championship,2007,Adult,Black,Male,Ultra Heavy,1,Rafael Lovato,Gracie Humaita
World Jiu-Jitsu IBJJF Championship,2007,Adult,Black,Male,Open Class,1,Roger Gracie,Gracie Barra
World Jiu-Jitsu IBJJF Championship,2007,Adult,Black,Male,Rooster,2,Yusuke Honma,Paraestra
World Jiu-Jitsu IBJJF Championship,2007,Adult,Black,Male,Light Feather,2,Samuel Cruz,Gracie Barra
World Jiu-Jitsu IBJJF Championship,2007,Adult,Black,Male,Feather,2,Maro Reis,Gracie Barra
World Jiu-Jitsu IBJJF Championship,2007,Adult,Black,Male,Light,2,Michel Maia,Nova Uniao
World Jiu-Jitsu IBJJF Championship,2007,Adult,Black,Male,Middle,2,Andre Galvao,Brasa
World Jiu-Jitsu IBJJF Championship,2007,Adult,Black,Male,Medium Heavy,2,Saulo Ribeiro,Gracie Humaita
World Jiu-Jitsu IBJJF Championship,2007,Adult,Black,Male,Heavy,2,Roberto Alencar,Gracie Barra
World Jiu-Jitsu IBJJF Championship,2007,Adult,Black,Male,Super Heavy,2,Robert Drysdale,Brasa
World Jiu-Jitsu IBJJF Championship,2007,Adult,Black,Male,Ultra Heavy,2,Luis Felipe Theodoro,Godoi JJ Club
World Jiu-Jitsu IBJJF Championship,2007,Adult,Black,Male,Open Class,2,Romulo Barral,Gracie Barra
World Jiu-Jitsu IBJJF Championship,2007,Adult,Black,Male,Rooster,3,Oga Mikio,Newaza World
World Jiu-Jitsu IBJJF Championship,2007,Adult,Black,Male,Rooster,3,Andre Soares,American Top Team
World Jiu-Jitsu IBJJF Championship,2007,Adult,Black,Male,Light Feather,3,Carlos Holanda,Osvaldo Alves
World Jiu-Jitsu IBJJF Championship,2007,Adult,Black,Male,Light Feather,3,Bernardo Pitel,Nova Uniao
World Jiu-Jitsu IBJJF Championship,2007,Adult,Black,Male,Feather,3,Bruno Frazatto,Godoi JJ Club
World Jiu-Jitsu IBJJF Championship,2007,Adult,Black,Male,Feather,3,Jonatas Gurgel,Jordan Team
World Jiu-Jitsu IBJJF Championship,2007,Adult,Black,Male,Light,3,Celso Vinicius,Gracie Barra
World Jiu-Jitsu IBJJF Championship,2007,Adult,Black,Male,Light,3,Rafael Barbosa,Brazilian Top Team
World Jiu-Jitsu IBJJF Championship,2007,Adult,Black,Male,Middle,3,Murilo santana,Yamasaki Academy
World Jiu-Jitsu IBJJF Championship,2007,Adult,Black,Male,Middle,3,Gustavo Campos,Sul JJ
World Jiu-Jitsu IBJJF Championship,2007,Adult,Black,Male,Medium Heavy,3,Joao Filipe,Gracie Barra America
World Jiu-Jitsu IBJJF Championship,2007,Adult,Black,Male,Medium Heavy,3,Tarsis Humphreys,Alliance
World Jiu-Jitsu IBJJF Championship,2007,Adult,Black,Male,Heavy,3,Flavio Almeida,Gracie Barra
World Jiu-Jitsu IBJJF Championship,2007,Adult,Black,Male,Heavy,3,Thiago Gaia,Nova Uniao
World Jiu-Jitsu IBJJF Championship,2007,Adult,Black,Male,Super Heavy,3,Rodrigo Medeiros,Brasa
World Jiu-Jitsu IBJJF Championship,2007,Adult,Black,Male,Super Heavy,3,Antonio Neto,Gordo JJ
World Jiu-Jitsu IBJJF Championship,2007,Adult,Black,Male,Ultra Heavy,3,Rodrigo Cavala,Brasa Brazil
World Jiu-Jitsu IBJJF Championship,2007,Adult,Black,Male,Ultra Heavy,3,Vinicius Magalhaes,Gracie Humaita
World Jiu-Jitsu IBJJF Championship,2007,Adult,Black,Male,Open Class,3,Alexandre Ribeiro,Gracie Humaita
World Jiu-Jitsu IBJJF Championship,2007,Adult,Black,Male,Open Class,3,Robert Drysdale,Brasa
World Jiu-Jitsu IBJJF Championship,2007,Adult,Brown Black,Female,Light Feather,1,Michelle Nicolini,Brasa
World Jiu-Jitsu IBJJF Championship,2007,Adult,Brown Black,Female,Feather,1,Laurence cousin,Behring
World Jiu-Jitsu IBJJF Championship,2007,Adult,Brown Black,Female,Light,1,Hanette quadros,Carlson Gracie Team
World Jiu-Jitsu IBJJF Championship,2007,Adult,Brown Black,Female,Middle,1,Emily Kwok,Renzo Gracie
World Jiu-Jitsu IBJJF Championship,2007,Adult,Brown Black,Female,Medium Heavy,1,Penny Thomas,Rickson
World Jiu-Jitsu IBJJF Championship,2007,Adult,Brown Black,Female,Open Class,1,Michelle Nicolini,Brasa
World Jiu-Jitsu IBJJF Championship,2007,Adult,Brown Black,Female,Light Feather,2,Tessa McMahon,Gracie Barra
World Jiu-Jitsu IBJJF Championship,2007,Adult,Brown Black,Female,Feather,2,Sayaka shioda,AACC
World Jiu-Jitsu IBJJF Championship,2007,Adult,Brown Black,Female,Light,2,Gabriela Bermudez,Gracie Humaita
World Jiu-Jitsu IBJJF Championship,2007,Adult,Brown Black,Female,Middle,2,Luciana Dis,Gracie Humaita
World Jiu-Jitsu IBJJF Championship,2007,Adult,Brown Black,Female,Medium Heavy,2,Christina Thomas,Relson Gracie
World Jiu-Jitsu IBJJF Championship,2007,Adult,Brown Black,Female,Open Class,2,Luciana Dias,Gracie Humaita
World Jiu-Jitsu IBJJF Championship,2007,Adult,Brown Black,Female,Light Feather,3,Kanako Inaba,Champion JJ
World Jiu-Jitsu IBJJF Championship,2007,Adult,Brown Black,Female,Light Feather,3,Felicia Oh,Jean Jacques Machado
World Jiu-Jitsu IBJJF Championship,2007,Adult,Brown Black,Female,Feather,3,Bianca Barreto,Gracie Barra
World Jiu-Jitsu IBJJF Championship,2007,Adult,Brown Black,Female,Feather,3,Leticia ribeiro,Gracie Humaita
World Jiu-Jitsu IBJJF Championship,2007,Adult,Brown Black,Female,Light,3,Luana Alzuguir,Barbosa JJ
World Jiu-Jitsu IBJJF Championship,2007,Adult,Brown Black,Female,Light,3,Gisele Braga,BJJ Revolution Team
World Jiu-Jitsu IBJJF Championship,2007,Adult,Brown Black,Female,Middle,3,Kris Shaw,Leka Vieira
World Jiu-Jitsu IBJJF Championship,2007,Adult,Brown Black,Female,Medium Heavy,3,Maria do Carmo,De La Riva
World Jiu-Jitsu IBJJF Championship,2007,Adult,Brown Black,Female,Medium Heavy,3,Milda shidonis,Wasatch Jiu- Jitsu
World Jiu-Jitsu IBJJF Championship,2007,Adult,Brown Black,Female,Open Class,3,Sayaka Shioda,AACC
World Jiu-Jitsu IBJJF Championship,2007,Adult,Brown Black,Female,Open Class,3,Laurence Dias,Gracie Humaita
World Jiu-Jitsu IBJJF Championship,2008,Adult,Black,Male,Rooster,1,Caio Terra,Cesar Gracie
World Jiu-Jitsu IBJJF Championship,2008,Adult,Black,Male,Light Feather,1,Samuel Braga,Gracie Barra
World Jiu-Jitsu IBJJF Championship,2008,Adult,Black,Male,Feather,1,Rubens Charles Maciel,Alliance
World Jiu-Jitsu IBJJF Championship,2008,Adult,Black,Male,Light,1,Celso Vinicius,Ryan Gracie
World Jiu-Jitsu IBJJF Championship,2008,Adult,Black,Male,Middle,1,Sergio Morais,Alliance
World Jiu-Jitsu IBJJF Championship,2008,Adult,Black,Male,Medium Heavy,1,Andre Galvao,Brasa
World Jiu-Jitsu IBJJF Championship,2008,Adult,Black,Male,Heavy,1,Alexandre Ribeiro,Gracie Humaita
World Jiu-Jitsu IBJJF Championship,2008,Adult,Black,Male,Super Heavy,1,Antonio Braga Neto,Gordo JJ
World Jiu-Jitsu IBJJF Championship,2008,Adult,Black,Male,Ultra Heavy,1,Roger Gracie,Gracie Barra
World Jiu-Jitsu IBJJF Championship,2008,Adult,Black,Male,Open Class,1,Alexandre Ribeiro,Gracie Humaita
World Jiu-Jitsu IBJJF Championship,2008,Adult,Black,Male,Rooster,2,Yusuke Honna,Paraestra
World Jiu-Jitsu IBJJF Championship,2008,Adult,Black,Male,Light Feather,2,Dai Yoshioka,Tokyo Yellowmans
World Jiu-Jitsu IBJJF Championship,2008,Adult,Black,Male,Feather,2,Bruno Frazatto,Brasa
World Jiu-Jitsu IBJJF Championship,2008,Adult,Black,Male,Light,2,Lucas Lepri,Alliance
World Jiu-Jitsu IBJJF Championship,2008,Adult,Black,Male,Middle,2,Willian Cooper,Alliance
World Jiu-Jitsu IBJJF Championship,2008,Adult,Black,Male,Medium Heavy,2,Braulio Estima,Gracie Barra
World Jiu-Jitsu IBJJF Championship,2008,Adult,Black,Male,Heavy,2,Alexandre Souza,Gracie Florianópolis
World Jiu-Jitsu IBJJF Championship,2008,Adult,Black,Male,Super Heavy,2,Rafael Louvato Jr,Gracie Humaita
World Jiu-Jitsu IBJJF Championship,2008,Adult,Black,Male,Ultra Heavy,2,Leonardo Leite,Brasa
World Jiu-Jitsu IBJJF Championship,2008,Adult,Black,Male,Open Class,2,Roger Gracie,Gracie Barra
World Jiu-Jitsu IBJJF Championship,2008,Adult,Black,Male,Rooster,3,Felipe Costa,Brasa
World Jiu-Jitsu IBJJF Championship,2008,Adult,Black,Male,Rooster,3,Bruno Malfacine,UGF
World Jiu-Jitsu IBJJF Championship,2008,Adult,Black,Male,Light Feather,3,Daniel Beleza,Nova Uniao
World Jiu-Jitsu IBJJF Championship,2008,Adult,Black,Male,Light Feather,3,Philipe Freitas,Equipe PH
World Jiu-Jitsu IBJJF Championship,2008,Adult,Black,Male,Feather,3,Theodoro Canal,UGF
World Jiu-Jitsu IBJJF Championship,2008,Adult,Black,Male,Feather,3,Mario Reis,Gracie Barra
World Jiu-Jitsu IBJJF Championship,2008,Adult,Black,Male,Light,3,Jonatas Gurgel,Jordan Team
World Jiu-Jitsu IBJJF Championship,2008,Adult,Black,Male,Light,3,Michael Langui,Alliance
World Jiu-Jitsu IBJJF Championship,2008,Adult,Black,Male,Middle,3,Victor Estima,Gracie Barra
World Jiu-Jitsu IBJJF Championship,2008,Adult,Black,Male,Middle,3,Otavio Souza,Gracie Barra
World Jiu-Jitsu IBJJF Championship,2008,Adult,Black,Male,Medium Heavy,3,Murilo Santana,Yamasaki Academy
World Jiu-Jitsu IBJJF Championship,2008,Adult,Black,Male,Medium Heavy,3,Marcel Lousada,Brasa
World Jiu-Jitsu IBJJF Championship,2008,Adult,Black,Male,Heavy,3,Tarsis Humphres,Alliance
World Jiu-Jitsu IBJJF Championship,2008,Adult,Black,Male,Heavy,3,Roberto Alencar,Gracie Barra
World Jiu-Jitsu IBJJF Championship,2008,Adult,Black,Male,Super Heavy,3,Marcel Fortuna,Crolin Gracie
World Jiu-Jitsu IBJJF Championship,2008,Adult,Black,Male,Super Heavy,3,Roberto Abreu,BJJ Revolution Team
World Jiu-Jitsu IBJJF Championship,2008,Adult,Black,Male,Ultra Heavy,3,Gabriel Vella,Alliance
World Jiu-Jitsu IBJJF Championship,2008,Adult,Black,Male,Ultra Heavy,3,Eduardo Telles,Nine Nine
World Jiu-Jitsu IBJJF Championship,2008,Adult,Black,Male,Open Class,3,Andre Galvao,Brasa
World Jiu-Jitsu IBJJF Championship,2008,Adult,Black,Male,Open Class,3,Gabriel Vella,Alliance
World Jiu-Jitsu IBJJF Championship,2008,Adult,Brown Black,Female,Light Feather,1,Mirian Cerqueira,UGF
World Jiu-Jitsu IBJJF Championship,2008,Adult,Brown Black,Female,Feather,1,Bianca Barreto,Gracie Barra America
World Jiu-Jitsu IBJJF Championship,2008,Adult,Brown Black,Female,Light,1,Kyra Gracie,Gracie Barra
World Jiu-Jitsu IBJJF Championship,2008,Adult,Brown Black,Female,Middle,1,Hannette Staack,Carlson Gracie Team
World Jiu-Jitsu IBJJF Championship,2008,Adult,Brown Black,Female,Medium Heavy,1,Ana Laura Cordeiro,Gracie Barra
World Jiu-Jitsu IBJJF Championship,2008,Adult,Brown Black,Female,Heavy,1,Gabrielle Garcia,Triumph
World Jiu-Jitsu IBJJF Championship,2008,Adult,Brown Black,Female,Open Class,1,Kyra Gracie,Gracie Barra
World Jiu-Jitsu IBJJF Championship,2008,Adult,Brown Black,Female,Light Feather,2,Takako Abe,Paraestra
World Jiu-Jitsu IBJJF Championship,2008,Adult,Brown Black,Female,Feather,2,Laurence Cousin,Behring
World Jiu-Jitsu IBJJF Championship,2008,Adult,Brown Black,Female,Light,2,Luana Alzuguir,Barbosa JJ
World Jiu-Jitsu IBJJF Championship,2008,Adult,Brown Black,Female,Middle,2,Fernando Mazzelli,Agnaldo Goes
World Jiu-Jitsu IBJJF Championship,2008,Adult,Brown Black,Female,Medium Heavy,2,Penny Thomas,Gracie Humaita
World Jiu-Jitsu IBJJF Championship,2008,Adult,Brown Black,Female,Heavy,2,Maria do Carmo,Carmen Cascagrossa
World Jiu-Jitsu IBJJF Championship,2008,Adult,Brown Black,Female,Open Class,2,Ana Laura Cordeiro,Gracie Barra
World Jiu-Jitsu IBJJF Championship,2008,Adult,Brown Black,Female,Feather,3,Leticia Ribeiro,Gracie Humaita
World Jiu-Jitsu IBJJF Championship,2008,Adult,Brown Black,Female,Feather,3,Jennifer Petrina,Gracie Humaita
World Jiu-Jitsu IBJJF Championship,2008,Adult,Brown Black,Female,Light,3,Gabriela Bermudez,Gracie Humaita
World Jiu-Jitsu IBJJF Championship,2008,Adult,Brown Black,Female,Light,3,Angelica Tabor,Gracie Humaita
World Jiu-Jitsu IBJJF Championship,2008,Adult,Brown Black,Female,Middle,3,Sophia Mc Dermott,Machado Australia
World Jiu-Jitsu IBJJF Championship,2008,Adult,Brown Black,Female,Medium Heavy,3,Christina Thomas,Relson Gracie
World Jiu-Jitsu IBJJF Championship,2008,Adult,Brown Black,Female,Heavy,3,Luciana Dias,Gracie Humaita
World Jiu-Jitsu IBJJF Championship,2008,Adult,Brown Black,Female,Open Class,3,Michelle Nicolini,Brasa
World Jiu-Jitsu IBJJF Championship,2008,Adult,Brown Black,Female,Open Class,3,Sayaka Shioda,AACC
World Jiu-Jitsu IBJJF Championship,2009,Adult,Black,Male,Rooster,1,bruno malfacine,Alliance
World Jiu-Jitsu IBJJF Championship,2009,Adult,Black,Male,Light Feather,1,guilherme mendes,Atos
World Jiu-Jitsu IBJJF Championship,2009,Adult,Black,Male,Feather,1,rubens charles,Alliance
World Jiu-Jitsu IBJJF Championship,2009,Adult,Black,Male,Light,1,michael langhi,Alliance
World Jiu-Jitsu IBJJF Championship,2009,Adult,Black,Male,Middle,1,marcelo garcia,Alliance
World Jiu-Jitsu IBJJF Championship,2009,Adult,Black,Male,Medium Heavy,1,romulo barral,Gracie Barra
World Jiu-Jitsu IBJJF Championship,2009,Adult,Black,Male,Heavy,1,braulio estima,Gracie Barra
World Jiu-Jitsu IBJJF Championship,2009,Adult,Black,Male,Super Heavy,1,roger gracie,Gracie Barra
World Jiu-Jitsu IBJJF Championship,2009,Adult,Black,Male,Ultra Heavy,1,gabriel vella,Alliance
World Jiu-Jitsu IBJJF Championship,2009,Adult,Black,Male,Open Class,1,roger gracie,Gracie Barra
World Jiu-Jitsu IBJJF Championship,2009,Adult,Black,Male,Rooster,2,caio terra,Brasa
World Jiu-Jitsu IBJJF Championship,2009,Adult,Black,Male,Feather,2,bruno frazatto,Atos
World Jiu-Jitsu IBJJF Championship,2009,Adult,Black,Male,Light,2,gilbert burns,Atos
World Jiu-Jitsu IBJJF Championship,2009,Adult,Black,Male,Middle,2,sergio moraes,Alliance
World Jiu-Jitsu IBJJF Championship,2009,Adult,Black,Male,Medium Heavy,2,tarsis humphreys,Alliance
World Jiu-Jitsu IBJJF Championship,2009,Adult,Black,Male,Heavy,2,alexandre de souza,Gracie Florianópolis
World Jiu-Jitsu IBJJF Championship,2009,Adult,Black,Male,Super Heavy,2,ricardo gonzalez,Nova Uniao
World Jiu-Jitsu IBJJF Championship,2009,Adult,Black,Male,Ultra Heavy,2,rodrigo cavaca,Check Mat Bjj
World Jiu-Jitsu IBJJF Championship,2009,Adult,Black,Male,Open Class,2,romulo barral,Gracie Barra
World Jiu-Jitsu IBJJF Championship,2009,Adult,Black,Male,Rooster,3,bernardo pitel,Nova Uniao
World Jiu-Jitsu IBJJF Championship,2009,Adult,Black,Male,Rooster,3,felipe costa,Brasa
World Jiu-Jitsu IBJJF Championship,2009,Adult,Black,Male,Light Feather,3,carlos vieira,Check Mat Bjj
World Jiu-Jitsu IBJJF Championship,2009,Adult,Black,Male,Light Feather,3,daniel beleza,academy of combative
World Jiu-Jitsu IBJJF Championship,2009,Adult,Black,Male,Feather,3,rafael mendes,Atos
World Jiu-Jitsu IBJJF Championship,2009,Adult,Black,Male,Feather,3,mario reis,Gracie Barra
World Jiu-Jitsu IBJJF Championship,2009,Adult,Black,Male,Light,3,philipe della monica,Gracie Barra
World Jiu-Jitsu IBJJF Championship,2009,Adult,Black,Male,Light,3,rafael barbosa,Soul Fighters
World Jiu-Jitsu IBJJF Championship,2009,Adult,Black,Male,Middle,3,lucas leite,Check Mat Bjj
World Jiu-Jitsu IBJJF Championship,2009,Adult,Black,Male,Middle,3,alan do nascimento,Check Mat Bjj
World Jiu-Jitsu IBJJF Championship,2009,Adult,Black,Male,Medium Heavy,3,otavio de souza,Gracie Barra
World Jiu-Jitsu IBJJF Championship,2009,Adult,Black,Male,Medium Heavy,3,victor estima,Gracie Barra
World Jiu-Jitsu IBJJF Championship,2009,Adult,Black,Male,Heavy,3,alexandre ceconi,Rillion Gracie
World Jiu-Jitsu IBJJF Championship,2009,Adult,Black,Male,Heavy,3,rafael lovato,Gracie Humaita
World Jiu-Jitsu IBJJF Championship,2009,Adult,Black,Male,Super Heavy,3,thiago gaia,Nova Uniao
World Jiu-Jitsu IBJJF Championship,2009,Adult,Black,Male,Super Heavy,3,bernardo faria,Alliance
World Jiu-Jitsu IBJJF Championship,2009,Adult,Black,Male,Ultra Heavy,3,marcio corleta,Winner
World Jiu-Jitsu IBJJF Championship,2009,Adult,Black,Male,Ultra Heavy,3,andre de freitas,Cesar Gracie
World Jiu-Jitsu IBJJF Championship,2009,Adult,Black,Male,Open Class,3,claudio calanzas,Atos
World Jiu-Jitsu IBJJF Championship,2009,Adult,Black,Male,Open Class,3,gabriel vella,Alliance
World Jiu-Jitsu IBJJF Championship,2009,Adult,Brown Black,Female,Light Feather,1,leticia ribeiro,Gracie Humaita
World Jiu-Jitsu IBJJF Championship,2009,Adult,Brown Black,Female,Feather,1,bianca barreto,Gracie Barra
World Jiu-Jitsu IBJJF Championship,2009,Adult,Brown Black,Female,Light,1,luanna alzuguir,Alliance
World Jiu-Jitsu IBJJF Championship,2009,Adult,Brown Black,Female,Middle,1,hannette staack,Andre Negao
World Jiu-Jitsu IBJJF Championship,2009,Adult,Brown Black,Female,Medium Heavy,1,penny thomas,Gracie Humaita
World Jiu-Jitsu IBJJF Championship,2009,Adult,Brown Black,Female,Heavy,1,lana stefanac,trinity bjj
World Jiu-Jitsu IBJJF Championship,2009,Adult,Brown Black,Female,Open Class,1,lana stefanac,trinity bjj
World Jiu-Jitsu IBJJF Championship,2009,Adult,Brown Black,Female,Light Feather,2,michelle nicolini,Drysdale JJ
World Jiu-Jitsu IBJJF Championship,2009,Adult,Brown Black,Female,Feather,2,shioda sayaka,AACC
World Jiu-Jitsu IBJJF Championship,2009,Adult,Brown Black,Female,Light,2,kyra gracie,Renzo Gracie
World Jiu-Jitsu IBJJF Championship,2009,Adult,Brown Black,Female,Middle,2,monica vanessa silva,Sandro Bala e Julio Pudim
World Jiu-Jitsu IBJJF Championship,2009,Adult,Brown Black,Female,Medium Heavy,2,valerie worthington,Carlson Gracie Team
World Jiu-Jitsu IBJJF Championship,2009,Adult,Brown Black,Female,Heavy,2,luciana dias,Gracie Humaita
World Jiu-Jitsu IBJJF Championship,2009,Adult,Brown Black,Female,Open Class,2,kyra gracie,Renzo Gracie
World Jiu-Jitsu IBJJF Championship,2009,Adult,Brown Black,Female,Light Feather,3,claudia martinez kvenbo,C quence jiu jitsu
World Jiu-Jitsu IBJJF Championship,2009,Adult,Brown Black,Female,Light Feather,3,nyjah easton,Lloyd Irvin
World Jiu-Jitsu IBJJF Championship,2009,Adult,Brown Black,Female,Feather,3,jennifer petrina,Gracie Humaita
World Jiu-Jitsu IBJJF Championship,2009,Adult,Brown Black,Female,Feather,3,fabiana borges,Gracie Barra
World Jiu-Jitsu IBJJF Championship,2009,Adult,Brown Black,Female,Light,3,juliana borges,American Top Team
World Jiu-Jitsu IBJJF Championship,2009,Adult,Brown Black,Female,Light,3,ana carolina vidal,Gracie Humaita
World Jiu-Jitsu IBJJF Championship,2009,Adult,Brown Black,Female,Middle,3,shanti abelha,Check Mat Bjj
World Jiu-Jitsu IBJJF Championship,2009,Adult,Brown Black,Female,Middle,3,ana maria soares,Check Mat Bjj
World Jiu-Jitsu IBJJF Championship,2009,Adult,Brown Black,Female,Medium Heavy,3,caroline de lazzer,Sul JJ
World Jiu-Jitsu IBJJF Championship,2009,Adult,Brown Black,Female,Medium Heavy,3,fernanda mazzeli,Agnaldo Goes
World Jiu-Jitsu IBJJF Championship,2009,Adult,Brown Black,Female,Heavy,3,diana de souza de menezes,Bon Sai
World Jiu-Jitsu IBJJF Championship,2009,Adult,Brown Black,Female,Heavy,3,emily wetzel,Carlson Gracie Team
World Jiu-Jitsu IBJJF Championship,2009,Adult,Brown Black,Female,Open Class,3,gabrielle garcia,Alliance
World Jiu-Jitsu IBJJF Championship,2009,Adult,Brown Black,Female,Open Class,3,penny thomas,Gracie Humaita
World Jiu-Jitsu IBJJF Championship,2010,Adult,Black,Male,Rooster,1,Bruno Malfacine,Alliance
World Jiu-Jitsu IBJJF Championship,2010,Adult,Black,Male,Light Feather,1,Pablo Silva,Gracie Barra
World Jiu-Jitsu IBJJF Championship,2010,Adult,Black,Male,Feather,1,Rafael Mendes,Atos JJ
World Jiu-Jitsu IBJJF Championship,2010,Adult,Black,Male,Light,1,Michael Langhi,Alliance
World Jiu-Jitsu IBJJF Championship,2010,Adult,Black,Male,Middle,1,Marcelo Garcia,Alliance
World Jiu-Jitsu IBJJF Championship,2010,Adult,Black,Male,Medium Heavy,1,Tarsis Humphreys,Alliance
World Jiu-Jitsu IBJJF Championship,2010,Adult,Black,Male,Heavy,1,Bernardo Faria,Alliance
World Jiu-Jitsu IBJJF Championship,2010,Adult,Black,Male,Super Heavy,1,Roger Gracie,Gracie Barra
World Jiu-Jitsu IBJJF Championship,2010,Adult,Black,Male,Ultra Heavy,1,Rodrigo Cavaca,Check Mat Bjj
World Jiu-Jitsu IBJJF Championship,2010,Adult,Black,Male,Open Class,1,Roger Gracie,Gracie Barra
World Jiu-Jitsu IBJJF Championship,2010,Adult,Black,Male,Rooster,2,Caio Terra,Gracie Elite Team
World Jiu-Jitsu IBJJF Championship,2010,Adult,Black,Male,Light Feather,2,Samuel Braga,Gracie Barra
World Jiu-Jitsu IBJJF Championship,2010,Adult,Black,Male,Feather,2,Rubens Charles Maciel,Alliance
World Jiu-Jitsu IBJJF Championship,2010,Adult,Black,Male,Light,2,Celso Venicius Alves,Gracie Elite Team
World Jiu-Jitsu IBJJF Championship,2010,Adult,Black,Male,Middle,2,Claudio Calasans,Atos
World Jiu-Jitsu IBJJF Championship,2010,Adult,Black,Male,Medium Heavy,2,Romulo Barral,Gracie Barra
World Jiu-Jitsu IBJJF Championship,2010,Adult,Black,Male,Heavy,2,Alexandre Ribeiro,Gracie Humaita
World Jiu-Jitsu IBJJF Championship,2010,Adult,Black,Male,Super Heavy,2,Ricardo Abreu Pinto,Nova Uniao
World Jiu-Jitsu IBJJF Championship,2010,Adult,Black,Male,Ultra Heavy,2,Roberto Abreu,Carlson Gracie Team
World Jiu-Jitsu IBJJF Championship,2010,Adult,Black,Male,Open Class,2,Romulo Barral,Gracie Barra
World Jiu-Jitsu IBJJF Championship,2010,Adult,Black,Male,Rooster,3,Felipe Costa,Brasa
World Jiu-Jitsu IBJJF Championship,2010,Adult,Black,Male,Rooster,3,Rafael Freitas,Gracie Barra
World Jiu-Jitsu IBJJF Championship,2010,Adult,Black,Male,Light Feather,3,Daniel Beleza,SAS (Sa Team)
World Jiu-Jitsu IBJJF Championship,2010,Adult,Black,Male,Light Feather,3,Laercio Fernandes,Lotus Club
World Jiu-Jitsu IBJJF Championship,2010,Adult,Black,Male,Feather,3,Mario Reis,Gracie Barra
World Jiu-Jitsu IBJJF Championship,2010,Adult,Black,Male,Feather,3,Denilson Pimenta,GF Team
World Jiu-Jitsu IBJJF Championship,2010,Adult,Black,Male,Light,3,Lucas Lepri,Alliance
World Jiu-Jitsu IBJJF Championship,2010,Adult,Black,Male,Light,3,Gilbert Alexander Burns,Atos JJ
World Jiu-Jitsu IBJJF Championship,2010,Adult,Black,Male,Middle,3,Kayron Gracie,Gracie Barra
World Jiu-Jitsu IBJJF Championship,2010,Adult,Black,Male,Middle,3,Sergio Moraes,Alliance
World Jiu-Jitsu IBJJF Championship,2010,Adult,Black,Male,Medium Heavy,3,Eduardo Telles,Brasa
World Jiu-Jitsu IBJJF Championship,2010,Adult,Black,Male,Medium Heavy,3,Gustavo Campos,Atos JJ
World Jiu-Jitsu IBJJF Championship,2010,Adult,Black,Male,Heavy,3,Rafael Lovato Jr.,Gracie Humaita
World Jiu-Jitsu IBJJF Championship,2010,Adult,Black,Male,Heavy,3,Alexandre de Souza,Gracie Florianópolis
World Jiu-Jitsu IBJJF Championship,2010,Adult,Black,Male,Super Heavy,3,Roberto Alencar,Gracie Barra
World Jiu-Jitsu IBJJF Championship,2010,Adult,Black,Male,Super Heavy,3,Bruno Bastos,Nova Uniao
World Jiu-Jitsu IBJJF Championship,2010,Adult,Black,Male,Ultra Heavy,3,Antonio Peinado,Alliance
World Jiu-Jitsu IBJJF Championship,2010,Adult,Black,Male,Ultra Heavy,3,Antonio Braga Neto,Evolve Gordo Jiu-Jitsu
World Jiu-Jitsu IBJJF Championship,2010,Adult,Black,Male,Open Class,3,Rodrigo Cavaca,Check Mat Bjj
World Jiu-Jitsu IBJJF Championship,2010,Adult,Black,Male,Open Class,3,Alexandre Ribeiro,Gracie Humaita
World Jiu-Jitsu IBJJF Championship,2010,Adult,Brown Black,Female,Light Feather,1,Leticia Ribeiro,Gracie Humaita
World Jiu-Jitsu IBJJF Championship,2010,Adult,Brown Black,Female,Feather,1,Bianca Barreto,Gracie Barra
World Jiu-Jitsu IBJJF Championship,2010,Adult,Brown Black,Female,Light,1,Kyra Gracie,Gracie Elite Team
World Jiu-Jitsu IBJJF Championship,2010,Adult,Brown Black,Female,Middle,1,Hillary Williams,Westside MMA
World Jiu-Jitsu IBJJF Championship,2010,Adult,Brown Black,Female,Medium Heavy,1,Michelle Nicolini,Check Mat Bjj
World Jiu-Jitsu IBJJF Championship,2010,Adult,Brown Black,Female,Heavy,1,Gabrielle Garcia,Alliance
World Jiu-Jitsu IBJJF Championship,2010,Adult,Brown Black,Female,Open Class,1,Luanna Alzuguir,Alliance
World Jiu-Jitsu IBJJF Championship,2010,Adult,Brown Black,Female,Light Feather,2,Sofia Amarante,South Florida Fight Club
World Jiu-Jitsu IBJJF Championship,2010,Adult,Brown Black,Female,Feather,2,Fabiana Borges,Gracie Barra
World Jiu-Jitsu IBJJF Championship,2010,Adult,Brown Black,Female,Light,2,Luanna Alzuguir,Alliance
World Jiu-Jitsu IBJJF Championship,2010,Adult,Brown Black,Female,Middle,2,Caroline de Lazzer,Emirates Team
World Jiu-Jitsu IBJJF Championship,2010,Adult,Brown Black,Female,Medium Heavy,2,Penny Thomas,Gracie Humaita
World Jiu-Jitsu IBJJF Championship,2010,Adult,Brown Black,Female,Heavy,2,Katrina Weilbacher,Alliance
World Jiu-Jitsu IBJJF Championship,2010,Adult,Brown Black,Female,Open Class,2,Gabrielle Garcia,Alliance
World Jiu-Jitsu IBJJF Championship,2010,Adult,Brown Black,Female,Light Feather,3,Kanako Inaba,Champion JJ
World Jiu-Jitsu IBJJF Championship,2010,Adult,Brown Black,Female,Light Feather,3,Angelica Ferreira,Atos JJ
World Jiu-Jitsu IBJJF Championship,2010,Adult,Brown Black,Female,Feather,3,Ana Michelle Dantas,Gracie Humaita
World Jiu-Jitsu IBJJF Championship,2010,Adult,Brown Black,Female,Feather,3,Bruna Ribeiro,Atos JJ
World Jiu-Jitsu IBJJF Championship,2010,Adult,Brown Black,Female,Light,3,Beatriz Mesquita,Gracie Humaita
World Jiu-Jitsu IBJJF Championship,2010,Adult,Brown Black,Female,Light,3,Angelica Oliveira,Gracie Humaita
World Jiu-Jitsu IBJJF Championship,2010,Adult,Brown Black,Female,Middle,3,Devi Ahuja,Frontline
World Jiu-Jitsu IBJJF Championship,2010,Adult,Brown Black,Female,Middle,3,Emily Kwok-Hurtado,Alliance
World Jiu-Jitsu IBJJF Championship,2010,Adult,Brown Black,Female,Medium Heavy,3,Luiza Monteiro,Check Mat Bjj
World Jiu-Jitsu IBJJF Championship,2010,Adult,Brown Black,Female,Medium Heavy,3,Fernanda Mazzelli,Striker JJ/Goes
World Jiu-Jitsu IBJJF Championship,2010,Adult,Brown Black,Female,Heavy,3,Tammy Griego,Gracie Barra
World Jiu-Jitsu IBJJF Championship,2010,Adult,Brown Black,Female,Heavy,3,Luciana Dias,Gracie Humaita
World Jiu-Jitsu IBJJF Championship,2010,Adult,Brown Black,Female,Open Class,3,Beatriz Mesquita,Gracie Humaita
World Jiu-Jitsu IBJJF Championship,2010,Adult,Brown Black,Female,Open Class,3,Kyra Gracie,Gracie Elite Team
World Jiu-Jitsu IBJJF Championship,2011,Adult,Black,Male,Rooster,1,Bruno Malfacine,Alliance
World Jiu-Jitsu IBJJF Championship,2011,Adult,Black,Male,Light Feather,1,Guilherme Mendes,Atos
World Jiu-Jitsu IBJJF Championship,2011,Adult,Black,Male,Feather,1,Rafael Mendes,Atos
World Jiu-Jitsu IBJJF Championship,2011,Adult,Black,Male,Light,1,Gilbert Burns,Atos
World Jiu-Jitsu IBJJF Championship,2011,Adult,Black,Male,Middle,1,Marcelo Garcia,Alliance
World Jiu-Jitsu IBJJF Championship,2011,Adult,Black,Male,Medium Heavy,1,Sergio De Moraes,Alliance
World Jiu-Jitsu IBJJF Championship,2011,Adult,Black,Male,Heavy,1,Rodolfo Vieira,GF Team
World Jiu-Jitsu IBJJF Championship,2011,Adult,Black,Male,Super Heavy,1,Leonardo Noguera,Alliance
World Jiu-Jitsu IBJJF Championship,2011,Adult,Black,Male,Ultra Heavy,1,Antonio Braga Neto,Gracie Elite
World Jiu-Jitsu IBJJF Championship,2011,Adult,Black,Male,Open Class,1,Rodolfo Vieira,GF Team
World Jiu-Jitsu IBJJF Championship,2011,Adult,Black,Male,Rooster,2,Caio Terra,Gracie Elite
World Jiu-Jitsu IBJJF Championship,2011,Adult,Black,Male,Light Feather,2,Ary Farias,Atos
World Jiu-Jitsu IBJJF Championship,2011,Adult,Black,Male,Feather,2,Augusto Mendes,Soul Fighters
World Jiu-Jitsu IBJJF Championship,2011,Adult,Black,Male,Light,2,Kron Gracie,Gracie Humaita
World Jiu-Jitsu IBJJF Championship,2011,Adult,Black,Male,Middle,2,Lucas Leite,Check Mat Bjj
World Jiu-Jitsu IBJJF Championship,2011,Adult,Black,Male,Medium Heavy,2,Romulo Barral,Gracie Barra
World Jiu-Jitsu IBJJF Championship,2011,Adult,Black,Male,Heavy,2,Bernardo Faria,Alliance
World Jiu-Jitsu IBJJF Championship,2011,Adult,Black,Male,Super Heavy,2,Marcus De Almeida,Check Mat Bjj
World Jiu-Jitsu IBJJF Championship,2011,Adult,Black,Male,Ultra Heavy,2,Rodrigo Cavaca,Check Mat Bjj
World Jiu-Jitsu IBJJF Championship,2011,Adult,Black,Male,Open Class,2,Bernardo Faria,Alliance
World Jiu-Jitsu IBJJF Championship,2011,Adult,Black,Male,Rooster,3,Yusuke Honma,Paraestra
World Jiu-Jitsu IBJJF Championship,2011,Adult,Black,Male,Rooster,3,Josef Manuel,Nova Uniao
World Jiu-Jitsu IBJJF Championship,2011,Adult,Black,Male,Light Feather,3,Samir Chantre,Gracie Elite
World Jiu-Jitsu IBJJF Championship,2011,Adult,Black,Male,Light Feather,3,Samuel Braga,Gracie Barra
World Jiu-Jitsu IBJJF Championship,2011,Adult,Black,Male,Feather,3,Rubens Maciel,Alliance
World Jiu-Jitsu IBJJF Championship,2011,Adult,Black,Male,Feather,3,Mario Reis,Gracie Barra
World Jiu-Jitsu IBJJF Championship,2011,Adult,Black,Male,Light,3,Michael Langhi,Alliance
World Jiu-Jitsu IBJJF Championship,2011,Adult,Black,Male,Light,3,Jonathan Torres,Lloyd Irvin M.A Academy
World Jiu-Jitsu IBJJF Championship,2011,Adult,Black,Male,Middle,3,Gustavo Campos,Atos
World Jiu-Jitsu IBJJF Championship,2011,Adult,Black,Male,Middle,3,Clark Gracie,BJJ Revolution Team
World Jiu-Jitsu IBJJF Championship,2011,Adult,Black,Male,Medium Heavy,3,Eduardo Santoro,Cia Paulista
World Jiu-Jitsu IBJJF Championship,2011,Adult,Black,Male,Medium Heavy,3,Rogel Monsalve,Alliance USA
World Jiu-Jitsu IBJJF Championship,2011,Adult,Black,Male,Heavy,3,Antonio Carlos Jr.,Check Mat Bjj
World Jiu-Jitsu IBJJF Championship,2011,Adult,Black,Male,Heavy,3,Rafael Lovato Jr.,Ribeiro JJ
World Jiu-Jitsu IBJJF Championship,2011,Adult,Black,Male,Super Heavy,3,Antonio Peinado,Alliance
World Jiu-Jitsu IBJJF Championship,2011,Adult,Black,Male,Super Heavy,3,Joao Assis,Check Mat Bjj
World Jiu-Jitsu IBJJF Championship,2011,Adult,Black,Male,Ultra Heavy,3,Marcio Da Cruz,marcio cruz bjj
World Jiu-Jitsu IBJJF Championship,2011,Adult,Black,Male,Ultra Heavy,3,Roberto de Abreu,The Avengers
World Jiu-Jitsu IBJJF Championship,2011,Adult,Black,Male,Open Class,3,Marcus Almeida,Check Mat Bjj
World Jiu-Jitsu IBJJF Championship,2011,Adult,Black,Male,Open Class,3,Alexandre Ceconi,Gracie Elite
World Jiu-Jitsu IBJJF Championship,2011,Adult,Brown Black,Female,Light Feather,1,Leticia Ribeiro,Gracie Humaita
World Jiu-Jitsu IBJJF Championship,2011,Adult,Brown Black,Female,Feather,1,Michelle Nicolini,Check Mat Bjj
World Jiu-Jitsu IBJJF Championship,2011,Adult,Brown Black,Female,Light,1,Luana Alzuguir,Alliance
World Jiu-Jitsu IBJJF Championship,2011,Adult,Brown Black,Female,Middle,1,Hannette Staack,brazil 021
World Jiu-Jitsu IBJJF Championship,2011,Adult,Brown Black,Female,Medium Heavy,1,Talita Nogueira,Gracie Elite
World Jiu-Jitsu IBJJF Championship,2011,Adult,Brown Black,Female,Heavy,1,Gabrielle Lemos Garcia,Alliance
World Jiu-Jitsu IBJJF Championship,2011,Adult,Brown Black,Female,Open Class,1,Gabrielle Lemos Garcia,Alliance
World Jiu-Jitsu IBJJF Championship,2011,Adult,Brown Black,Female,Light Feather,2,Nyjah Easton,Lloyd Irvin M.A Academy
World Jiu-Jitsu IBJJF Championship,2011,Adult,Brown Black,Female,Feather,2,Kyra Gracie,Gracie Elite
World Jiu-Jitsu IBJJF Championship,2011,Adult,Brown Black,Female,Light,2,Luiza Monteiro,Alliance
World Jiu-Jitsu IBJJF Championship,2011,Adult,Brown Black,Female,Middle,2,Ida Hansson,Check Mat Bjj
World Jiu-Jitsu IBJJF Championship,2011,Adult,Brown Black,Female,Medium Heavy,2,Penny Thomas,Gracie Humaita
World Jiu-Jitsu IBJJF Championship,2011,Adult,Brown Black,Female,Heavy,2,Emily Wetzel,BJJ Revolution Team
World Jiu-Jitsu IBJJF Championship,2011,Adult,Brown Black,Female,Open Class,2,Beatriz De Oliveira Mesquita,Gracie Humaita
World Jiu-Jitsu IBJJF Championship,2011,Adult,Brown Black,Female,Light Feather,3,Gezary Bandeira,American Top Team
World Jiu-Jitsu IBJJF Championship,2011,Adult,Brown Black,Female,Light Feather,3,Jennifer Sutingco,Relson Gracie
World Jiu-Jitsu IBJJF Championship,2011,Adult,Brown Black,Female,Feather,3,Fabiana Borges,Gracie Barra
World Jiu-Jitsu IBJJF Championship,2011,Adult,Brown Black,Female,Feather,3,Ana Carolina Lebre,Gracie Humaita
World Jiu-Jitsu IBJJF Championship,2011,Adult,Brown Black,Female,Light,3,Beatriz Mesquita,Gracie Humaita
World Jiu-Jitsu IBJJF Championship,2011,Adult,Brown Black,Female,Light,3,Shanti Abelha,Check Mat Bjj
World Jiu-Jitsu IBJJF Championship,2011,Adult,Brown Black,Female,Middle,3,Carolina Kowarick,Guigo JJ
World Jiu-Jitsu IBJJF Championship,2011,Adult,Brown Black,Female,Middle,3,Hillary Williams,The Avengers
World Jiu-Jitsu IBJJF Championship,2011,Adult,Brown Black,Female,Medium Heavy,3,Fernanda Maio,Striker JJ/Goes
World Jiu-Jitsu IBJJF Championship,2011,Adult,Brown Black,Female,Medium Heavy,3,Tammy Griego,Gracie Barra
World Jiu-Jitsu IBJJF Championship,2011,Adult,Brown Black,Female,Heavy,3,Katrina Weilbachet,Paragon
World Jiu-Jitsu IBJJF Championship,2011,Adult,Brown Black,Female,Heavy,3,Lana Anne Stefanac,Gracie Elite
World Jiu-Jitsu IBJJF Championship,2011,Adult,Brown Black,Female,Open Class,3,Lana Anne Stefanac,Gracie Elite
World Jiu-Jitsu IBJJF Championship,2011,Adult,Brown Black,Female,Open Class,3,Penny Thomas,Gracie Humaita
World IBJJF Jiu-Jitsu Championship ,2012,Adult,Black,Male,Rooster,1,Bruno da Silva Malfacine,Alliance
World IBJJF Jiu-Jitsu Championship ,2012,Adult,Black,Male,Light-Feather,1,Guilherme Mendes,Atos Jiu-Jitsu
World IBJJF Jiu-Jitsu Championship ,2012,Adult,Black,Male,Feather,1,Rafael Mendes,Atos Jiu-Jitsu
World IBJJF Jiu-Jitsu Championship ,2012,Adult,Black,Male,Light,1,Leandro Lo Pereira do Nascimento,PSLPB Cicero Costha
World IBJJF Jiu-Jitsu Championship ,2012,Adult,Black,Male,Middle,1,Otavio Ferreira de Sousa,Gracie Barra
World IBJJF Jiu-Jitsu Championship ,2012,Adult,Black,Male,Medium-Heavy,1,Rômulo Claudio Barral,Gracie Barra
World IBJJF Jiu-Jitsu Championship ,2012,Adult,Black,Male,Heavy,1,Rodolfo Vieira Srour,GF Team
World IBJJF Jiu-Jitsu Championship ,2012,Adult,Black,Male,Super-Heavy,1,Leonardo Pires Nogueira,Alliance
World IBJJF Jiu-Jitsu Championship ,2012,Adult,Black,Male,Ultra-Heavy,1,Marcus Vinícius Oliveira de Almeida,CheckMat
World IBJJF Jiu-Jitsu Championship ,2012,Adult,Black,Male,Open Class,1,Marcus Vinícius Oliveira de Almeida,CheckMat
World IBJJF Jiu-Jitsu Championship ,2012,Adult,Black,Male,Rooster,2,Caio Terra,Gracie Elite Team
World IBJJF Jiu-Jitsu Championship ,2012,Adult,Black,Male,Light-Feather,2,Laercio Fernandes,Lótus Club
World IBJJF Jiu-Jitsu Championship ,2012,Adult,Black,Male,Feather,2,Rubens Charles Maciel,Alliance
World IBJJF Jiu-Jitsu Championship ,2012,Adult,Black,Male,Light,2,Lucas Alves Lepri,Alliance
World IBJJF Jiu-Jitsu Championship ,2012,Adult,Black,Male,Middle,2,Claudio Calasans Camargo Júnior,Atos Jiu-Jitsu
World IBJJF Jiu-Jitsu Championship ,2012,Adult,Black,Male,Medium-Heavy,2,Diogo Sampaio Araujo,Soul Fighters BJJ Barra da Tijuca
World IBJJF Jiu-Jitsu Championship ,2012,Adult,Black,Male,Heavy,2,Alexandre Couceiro Ribeiro,Ribeiro Jiu-Jitsu
World IBJJF Jiu-Jitsu Championship ,2012,Adult,Black,Male,Super-Heavy,2,Bernardo Augusto Rocha de Faria,Alliance
World IBJJF Jiu-Jitsu Championship ,2012,Adult,Black,Male,Ultra-Heavy,2,Leonardo Gergis F. Leite,Alliance
World IBJJF Jiu-Jitsu Championship ,2012,Adult,Black,Male,Open Class,2,Leonardo Pires Nogueira,Alliance
World IBJJF Jiu-Jitsu Championship ,2012,Adult,Black,Male,Rooster,3,Felipe Pinto da Costa e Silva,Brasa Warrior International
World IBJJF Jiu-Jitsu Championship ,2012,Adult,Black,Male,Rooster,3,Rafael Freitas,Gracie Barra
World IBJJF Jiu-Jitsu Championship ,2012,Adult,Black,Male,Light-Feather,3,Ary de Melo Farias,Atos Jiu-Jitsu
World IBJJF Jiu-Jitsu Championship ,2012,Adult,Black,Male,Light-Feather,3,Pablo da Silva Santos,Gracie Barra
World IBJJF Jiu-Jitsu Championship ,2012,Adult,Black,Male,Feather,3,Leonardo Fernandes Saggioro,Brazilian Top Team
World IBJJF Jiu-Jitsu Championship ,2012,Adult,Black,Male,Feather,3,Mario Sergio Names Reis,Alliance
World IBJJF Jiu-Jitsu Championship ,2012,Adult,Black,Male,Light,3,Roberto Satoshi de Souza,Bon-Sai Jiu-Jitsu
World IBJJF Jiu-Jitsu Championship ,2012,Adult,Black,Male,Light,3,Thiago Aragão de Abreu,CheckMat
World IBJJF Jiu-Jitsu Championship ,2012,Adult,Black,Male,Middle,3,Lucas Joas Gomes Leite,CheckMat
World IBJJF Jiu-Jitsu Championship ,2012,Adult,Black,Male,Middle,3,Victor de Oliveira Estima,Gracie Barra
World IBJJF Jiu-Jitsu Championship ,2012,Adult,Black,Male,Medium-Heavy,3,Rafael Lovato Jr.,Ribeiro Jiu-Jitsu
World IBJJF Jiu-Jitsu Championship ,2012,Adult,Black,Male,Medium-Heavy,3,Rodrigo Pinheiro Breves,Gracie Humaita
World IBJJF Jiu-Jitsu Championship ,2012,Adult,Black,Male,Heavy,3,Alexandro Ceconi de Souza,Ceconi Team
World IBJJF Jiu-Jitsu Championship ,2012,Adult,Black,Male,Heavy,3,Roberto Camargo de Alencar,Gracie Barra
World IBJJF Jiu-Jitsu Championship ,2012,Adult,Black,Male,Super-Heavy,3,André Alberto W. Campos,Gracie Barra
World IBJJF Jiu-Jitsu Championship ,2012,Adult,Black,Male,Super-Heavy,3,Felipe Menezes Bueno,Alliance International
World IBJJF Jiu-Jitsu Championship ,2012,Adult,Black,Male,Ultra-Heavy,3,Alexander Riis Hilligsoe Trans,CheckMat
World IBJJF Jiu-Jitsu Championship ,2012,Adult,Black,Male,Ultra-Heavy,3,Márcio Ribeiro da Cruz,Gracie Elite Team
World IBJJF Jiu-Jitsu Championship ,2012,Adult,Black,Male,Open Class,3,Antônio Carlos de F. Barbosa Jr,CheckMat
World IBJJF Jiu-Jitsu Championship ,2012,Adult,Black,Male,Open Class,3,Bernardo Augusto Rocha de Faria,Alliance
World IBJJF Jiu-Jitsu Championship ,2012,Adult,Black,Female,Light-Feather,1,Leticia Ribeiro Neves dos Santos,Gracie Humaita
World IBJJF Jiu-Jitsu Championship ,2012,Adult,Black,Female,Feather,1,Michelle Zonato Nicolini,CheckMat
World IBJJF Jiu-Jitsu Championship ,2012,Adult,Black,Female,Light,1,Beatriz de Oliveira Mesquita,Gracie Humaita
World IBJJF Jiu-Jitsu Championship ,2012,Adult,Black,Female,Middle,1,Luanna Alzuguir Marton Moraes,Alliance
World IBJJF Jiu-Jitsu Championship ,2012,Adult,Black,Female,Medium-Heavy,1,Fernanda Mazzelli Almeida Maio,Striker JJ
World IBJJF Jiu-Jitsu Championship ,2012,Adult,Black,Female,Heavy,1,Gabrielle Lemos Garcia,Alliance
World IBJJF Jiu-Jitsu Championship ,2012,Adult,Black,Female,Open Class,1,Gabrielle Lemos Garcia,Alliance
World IBJJF Jiu-Jitsu Championship ,2012,Adult,Black,Female,Light-Feather,2,Miriam Cardoso Cerqueira,T3MA
World IBJJF Jiu-Jitsu Championship ,2012,Adult,Black,Female,Feather,2,Marina Soares de Araujo Ribeiro,CheckMat
World IBJJF Jiu-Jitsu Championship ,2012,Adult,Black,Female,Light,2,Luiza Monteiro Moura da Costa,PSLPB Cicero Costha
World IBJJF Jiu-Jitsu Championship ,2012,Adult,Black,Female,Middle,2,Vanessa Oliveira do Nascimento,GF Team
World IBJJF Jiu-Jitsu Championship ,2012,Adult,Black,Female,Medium-Heavy,2,Penny Thomas,Gracie Humaita
World IBJJF Jiu-Jitsu Championship ,2012,Adult,Black,Female,Heavy,2,Tammy M Griego,Gracie Barra
World IBJJF Jiu-Jitsu Championship ,2012,Adult,Black,Female,Open Class,2,Luiza Monteiro Moura da Costa,PSLPB Cicero Costha
World IBJJF Jiu-Jitsu Championship ,2012,Adult,Black,Female,Light-Feather,3,Sofia Rosa Amarante,The Avengers
World IBJJF Jiu-Jitsu Championship ,2012,Adult,Black,Female,Light-Feather,3,Takako Abe,Paraestra Tokyo
World IBJJF Jiu-Jitsu Championship ,2012,Adult,Black,Female,Feather,3,Bruna Noêmi Ribeiro,Atos Jiu-Jitsu
World IBJJF Jiu-Jitsu Championship ,2012,Adult,Black,Female,Feather,3,Kyra Gracie,Gracie Elite Team
World IBJJF Jiu-Jitsu Championship ,2012,Adult,Black,Female,Light,3,Bibiana Dios Tan Pacini S. Silva,GF Team
World IBJJF Jiu-Jitsu Championship ,2012,Adult,Black,Female,Light,3,Elisangela Silva Fernandes,CheckMat
World IBJJF Jiu-Jitsu Championship ,2012,Adult,Black,Female,Middle,3,Erika Carrarine Correia,Brazilian Fight
World IBJJF Jiu-Jitsu Championship ,2012,Adult,Black,Female,Middle,3,Valerie Lynn Worthington,Alliance
World IBJJF Jiu-Jitsu Championship ,2012,Adult,Black,Female,Medium-Heavy,3,Polyana Lago Barbosa,Alliance
World IBJJF Jiu-Jitsu Championship ,2012,Adult,Black,Female,Medium-Heavy,3,Talita Andrea Nogueira,Gracie Elite Team
World IBJJF Jiu-Jitsu Championship ,2012,Adult,Black,Female,Open Class,3,Beatriz de Oliveira Mesquita,Gracie Humaita
World IBJJF Jiu-Jitsu Championship ,2012,Adult,Black,Female,Open Class,3,Luanna Alzuguir Marton Moraes,Alliance
World IBJJF Jiu-Jitsu Championship ,2013,Adult,Black,Male,Rooster,1,Caio Terra,Brasa
World IBJJF Jiu-Jitsu Championship ,2013,Adult,Black,Male,Light-Feather,1,Gabriel Afonso dos Santos Moraes,CheckMat
World IBJJF Jiu-Jitsu Championship ,2013,Adult,Black,Male,Feather,1,Augusto Lopes Mendes,Soul Fighters BJJ
World IBJJF Jiu-Jitsu Championship ,2013,Adult,Black,Male,Light,1,Leandro Lo Pereira do Nascimento,PSLPB Cicero Costha
World IBJJF Jiu-Jitsu Championship ,2013,Adult,Black,Male,Middle,1,Otavio Ferreira de Sousa,Gracie Barra
World IBJJF Jiu-Jitsu Championship ,2013,Adult,Black,Male,Medium-Heavy,1,Rômulo Claudio Barral,Gracie Barra
World IBJJF Jiu-Jitsu Championship ,2013,Adult,Black,Male,Heavy,1,Rodolfo Vieira Srour,GF Team
World IBJJF Jiu-Jitsu Championship ,2013,Adult,Black,Male,Super-Heavy,1,Bernardo Augusto Rocha de Faria,Alliance
World IBJJF Jiu-Jitsu Championship ,2013,Adult,Black,Male,Ultra-Heavy,1,Marcus Vinícius Oliveira de Almeida,CheckMat
World IBJJF Jiu-Jitsu Championship ,2013,Adult,Black,Male,Open Class,1,Marcus Vinícius Oliveira de Almeida,CheckMat
World IBJJF Jiu-Jitsu Championship ,2013,Adult,Black,Male,Rooster,2,Bruno da Silva Malfacine,Alliance
World IBJJF Jiu-Jitsu Championship ,2013,Adult,Black,Male,Light-Feather,2,Ary de Melo Farias,Atos Jiu-Jitsu
World IBJJF Jiu-Jitsu Championship ,2013,Adult,Black,Male,Feather,2,Rafael Mendes,Atos Jiu-Jitsu
World IBJJF Jiu-Jitsu Championship ,2013,Adult,Black,Male,Light,2,Michael Alexandre Langhi,Alliance
World IBJJF Jiu-Jitsu Championship ,2013,Adult,Black,Male,Middle,2,Claudio Calasans Camargo Júnior,Atos Jiu-Jitsu
World IBJJF Jiu-Jitsu Championship ,2013,Adult,Black,Male,Medium-Heavy,2,Braulio de Oliveira Estima,Gracie Barra
World IBJJF Jiu-Jitsu Championship ,2013,Adult,Black,Male,Heavy,2,Lucas Joas Gomes Leite,CheckMat USA
World IBJJF Jiu-Jitsu Championship ,2013,Adult,Black,Male,Super-Heavy,2,João Gabriel de Oliveira e S. Rocha,Soul Fighters BJJ
World IBJJF Jiu-Jitsu Championship ,2013,Adult,Black,Male,Ultra-Heavy,2,Rodrigo Henrique Cavaca,CheckMat
World IBJJF Jiu-Jitsu Championship ,2013,Adult,Black,Male,Open Class,2,Rodolfo Vieira Srour,GF Team
World IBJJF Jiu-Jitsu Championship ,2013,Adult,Black,Male,Rooster,3,Felipe Pinto da Costa e Silva,Brasa
World IBJJF Jiu-Jitsu Championship ,2013,Adult,Black,Male,Rooster,3,Ivaniel Cavalcante de Oliveira,CheckMat
World IBJJF Jiu-Jitsu Championship ,2013,Adult,Black,Male,Light-Feather,3,Daniel Beleza G. de Andrade,SAS Team USA
World IBJJF Jiu-Jitsu Championship ,2013,Adult,Black,Male,Light-Feather,3,Yukinori Sasa,Paraestra Tokyo
World IBJJF Jiu-Jitsu Championship ,2013,Adult,Black,Male,Feather,3,Mario Sergio Names Reis,Alliance
World IBJJF Jiu-Jitsu Championship ,2013,Adult,Black,Male,Feather,3,Rubens Charles Maciel,Alliance
World IBJJF Jiu-Jitsu Championship ,2013,Adult,Black,Male,Light,3,Lucas Alves Lepri,Alliance
World IBJJF Jiu-Jitsu Championship ,2013,Adult,Black,Male,Light,3,Rodrigo Benedito Caporal,Atos JJ International
World IBJJF Jiu-Jitsu Championship ,2013,Adult,Black,Male,Middle,3,Victor de Oliveira Estima,Gracie Barra
World IBJJF Jiu-Jitsu Championship ,2013,Adult,Black,Male,Middle,3,Vitor Henrique Silva Oliveira,GF Team
World IBJJF Jiu-Jitsu Championship ,2013,Adult,Black,Male,Medium-Heavy,3,Andre Luiz Leite Galvão,Atos Jiu-Jitsu
World IBJJF Jiu-Jitsu Championship ,2013,Adult,Black,Male,Medium-Heavy,3,Gustavo Ramos Campos,Atos Jiu-Jitsu
World IBJJF Jiu-Jitsu Championship ,2013,Adult,Black,Male,Heavy,3,Alexandre Couceiro Ribeiro,Ribeiro Jiu-Jitsu
World IBJJF Jiu-Jitsu Championship ,2013,Adult,Black,Male,Heavy,3,Nivaldo de Oliveira Lima,CheckMat
World IBJJF Jiu-Jitsu Championship ,2013,Adult,Black,Male,Super-Heavy,3,Luiz Fernando de Azevedo Panza,BARBOSA JIU-JITSU USA
World IBJJF Jiu-Jitsu Championship ,2013,Adult,Black,Male,Super-Heavy,3,Rafael Lovato Jr.,Ribeiro Jiu-Jitsu
World IBJJF Jiu-Jitsu Championship ,2013,Adult,Black,Male,Ultra-Heavy,3,Abraham J. Marte Messina,Yamasaki Academy International
World IBJJF Jiu-Jitsu Championship ,2013,Adult,Black,Male,Ultra-Heavy,3,Alexander Riis Hilligsoe Trans,CheckMat International
World IBJJF Jiu-Jitsu Championship ,2013,Adult,Black,Male,Open Class,3,Bernardo Augusto Rocha de Faria,Alliance
World IBJJF Jiu-Jitsu Championship ,2013,Adult,Black,Male,Open Class,3,Leonardo Gergis F. Leite,Alliance
World IBJJF Jiu-Jitsu Championship ,2013,Adult,Black,Female,Light-Feather,1,Gezary Matuda Kubis Bandeira,American Top Team
World IBJJF Jiu-Jitsu Championship ,2013,Adult,Black,Female,Feather,1,Marina Soares de Araujo Ribeiro,CheckMat
World IBJJF Jiu-Jitsu Championship ,2013,Adult,Black,Female,Light,1,Beatriz de Oliveira Mesquita,Gracie Humaita
World IBJJF Jiu-Jitsu Championship ,2013,Adult,Black,Female,Middle,1,Luanna Alzuguir Marton Moraes,Alliance
World IBJJF Jiu-Jitsu Championship ,2013,Adult,Black,Female,Medium-Heavy,1,Michelle Zonato Nicolini,CheckMat
World IBJJF Jiu-Jitsu Championship ,2013,Adult,Black,Female,Heavy,1,Andresa Correa,Alliance
World IBJJF Jiu-Jitsu Championship ,2013,Adult,Black,Female,Open Class,1,Beatriz de Oliveira Mesquita,Gracie Humaita
World IBJJF Jiu-Jitsu Championship ,2013,Adult,Black,Female,Light-Feather,2,Nyjah Michea Easton,Team Lloyd Irvin
World IBJJF Jiu-Jitsu Championship ,2013,Adult,Black,Female,Feather,2,Luiza Monteiro Moura da Costa,PSLPB Cicero Costha
World IBJJF Jiu-Jitsu Championship ,2013,Adult,Black,Female,Light,2,Fabiana Alves Borges,Gracie Barra
World IBJJF Jiu-Jitsu Championship ,2013,Adult,Black,Female,Middle,2,Vanessa Oliveira do Nascimento,GF Team
World IBJJF Jiu-Jitsu Championship ,2013,Adult,Black,Female,Medium-Heavy,2,Fernanda Mazzelli Almeida Maio,Striker JJ
World IBJJF Jiu-Jitsu Championship ,2013,Adult,Black,Female,Heavy,2,Maria do Carmo Paixão Teixeira,De La Riva JJ
World IBJJF Jiu-Jitsu Championship ,2013,Adult,Black,Female,Open Class,2,Luiza Monteiro Moura da Costa,PSLPB Cicero Costha
World IBJJF Jiu-Jitsu Championship ,2013,Adult,Black,Female,Light-Feather,3,Kanako Inaba,AOA Champion BJJ
World IBJJF Jiu-Jitsu Championship ,2013,Adult,Black,Female,Light-Feather,3,Miriam Cardoso Cerqueira,T3MA
World IBJJF Jiu-Jitsu Championship ,2013,Adult,Black,Female,Feather,3,Ana Carolina Merlo Vidal Lebre,Gracie Humaita
World IBJJF Jiu-Jitsu Championship ,2013,Adult,Black,Female,Feather,3,Mackenzie Lynne Dern,Gracie Humaita
World IBJJF Jiu-Jitsu Championship ,2013,Adult,Black,Female,Light,3,Nádia Maria Rodrigues de Melo,GF Team
World IBJJF Jiu-Jitsu Championship ,2013,Adult,Black,Female,Light,3,Tracey Robin Goodell,Atos Jiu-Jitsu
World IBJJF Jiu-Jitsu Championship ,2013,Adult,Black,Female,Middle,3,Ida Josefin Hansson,CheckMat
World IBJJF Jiu-Jitsu Championship ,2013,Adult,Black,Female,Middle,3,Shanti A. D. Abelha,CheckMat
World IBJJF Jiu-Jitsu Championship ,2013,Adult,Black,Female,Medium-Heavy,3,Hannette Quadros Staack,Brazil 021 School of Jiu-Jitsu
World IBJJF Jiu-Jitsu Championship ,2013,Adult,Black,Female,Medium-Heavy,3,Talita Andrea Nogueira,Gracie Elite Team
World IBJJF Jiu-Jitsu Championship ,2013,Adult,Black,Female,Heavy,3,Luzia Carmem Santana P. Fernandes,Gracie Barra
World IBJJF Jiu-Jitsu Championship ,2013,Adult,Black,Female,Open Class,3,Luanna Alzuguir Marton Moraes,Alliance
World IBJJF Jiu-Jitsu Championship ,2013,Adult,Black,Female,Open Class,3,Tammy M Griego,Gracie Barra
World IBJJF Jiu-Jitsu Championship ,2014,Adult,Black,Male,Rooster,1,Bruno da Silva Malfacine,Alliance
World IBJJF Jiu-Jitsu Championship ,2014,Adult,Black,Male,Light-Feather,1,Guilherme Mendes,Atos Jiu-Jitsu
World IBJJF Jiu-Jitsu Championship ,2014,Adult,Black,Male,Feather,1,Rafael Mendes,Atos Jiu-Jitsu
World IBJJF Jiu-Jitsu Championship ,2014,Adult,Black,Male,Light,1,Lucas Alves Lepri,Alliance
World IBJJF Jiu-Jitsu Championship ,2014,Adult,Black,Male,Middle,1,Leandro Lo Pereira do Nascimento,PSLPB Cicero Costha
World IBJJF Jiu-Jitsu Championship ,2014,Adult,Black,Male,Medium-Heavy,1,Rômulo Claudio Barral,Gracie Barra
World IBJJF Jiu-Jitsu Championship ,2014,Adult,Black,Male,Heavy,1,Andre Luiz Leite Galvão,Atos Jiu-Jitsu
World IBJJF Jiu-Jitsu Championship ,2014,Adult,Black,Male,Super-Heavy,1,Rodolfo Vieira Srour,GF Team
World IBJJF Jiu-Jitsu Championship ,2014,Adult,Black,Male,Ultra-Heavy,1,Marcus Vinícius Oliveira de Almeida,CheckMat
World IBJJF Jiu-Jitsu Championship ,2014,Adult,Black,Male,Open Class,1,Marcus Vinícius Oliveira de Almeida,CheckMat
World IBJJF Jiu-Jitsu Championship ,2014,Adult,Black,Male,Rooster,2,João Ricardo Bordignon Miyao,PSLPB Cicero Costha
World IBJJF Jiu-Jitsu Championship ,2014,Adult,Black,Male,Light-Feather,2,Paulo H. Bordignon Miyao,PSLPB Cicero Costha
World IBJJF Jiu-Jitsu Championship ,2014,Adult,Black,Male,Feather,2,Rubens Charles Maciel,Alliance
World IBJJF Jiu-Jitsu Championship ,2014,Adult,Black,Male,Light,2,Jonathan Torres,Atos Jiu-Jitsu
World IBJJF Jiu-Jitsu Championship ,2014,Adult,Black,Male,Middle,2,Otavio Ferreira de Sousa,Gracie Barra
World IBJJF Jiu-Jitsu Championship ,2014,Adult,Black,Male,Medium-Heavy,2,Murilo Silva Ferreira de Santana,BARBOSA JIU-JITSU USA
World IBJJF Jiu-Jitsu Championship ,2014,Adult,Black,Male,Heavy,2,Dimitrius Soares Souza,Alliance
World IBJJF Jiu-Jitsu Championship ,2014,Adult,Black,Male,Super-Heavy,2,Bernardo Augusto Rocha de Faria,Alliance
World IBJJF Jiu-Jitsu Championship ,2014,Adult,Black,Male,Ultra-Heavy,2,Alexander Riis Hilligsoe Trans,CheckMat
World IBJJF Jiu-Jitsu Championship ,2014,Adult,Black,Male,Open Class,2,Rodolfo Vieira Srour,GF Team
World IBJJF Jiu-Jitsu Championship ,2014,Adult,Black,Male,Rooster,3,Ivaniel Cavalcante de Oliveira,CheckMat
World IBJJF Jiu-Jitsu Championship ,2014,Adult,Black,Male,Rooster,3,Jorge Elias Bucaram Santistevan,Alliance International
World IBJJF Jiu-Jitsu Championship ,2014,Adult,Black,Male,Light-Feather,3,Carlos Vieira Holanda,CheckMat
World IBJJF Jiu-Jitsu Championship ,2014,Adult,Black,Male,Light-Feather,3,Gabriel Afonso dos Santos Moraes,CheckMat
World IBJJF Jiu-Jitsu Championship ,2014,Adult,Black,Male,Feather,3,Isaque Alberto de Oliveira Paiva,Saikoo Jiu-Jitsu
World IBJJF Jiu-Jitsu Championship ,2014,Adult,Black,Male,Feather,3,Mario Sergio Names Reis,Alliance
World IBJJF Jiu-Jitsu Championship ,2014,Adult,Black,Male,Light,3,Michael Alexandre Langhi,Alliance
World IBJJF Jiu-Jitsu Championship ,2014,Adult,Black,Male,Light,3,Roberto Satoshi de Souza,Atos Jiu-Jitsu
World IBJJF Jiu-Jitsu Championship ,2014,Adult,Black,Male,Middle,3,Alan Douglas Pereira do Nascimento,CheckMat
World IBJJF Jiu-Jitsu Championship ,2014,Adult,Black,Male,Middle,3,Victor de Oliveira Estima,Gracie Barra
World IBJJF Jiu-Jitsu Championship ,2014,Adult,Black,Male,Medium-Heavy,3,Gustavo Ramos Campos,Atos Jiu-Jitsu
World IBJJF Jiu-Jitsu Championship ,2014,Adult,Black,Male,Medium-Heavy,3,Thiago Sá Fortes Silva,CheckMat
World IBJJF Jiu-Jitsu Championship ,2014,Adult,Black,Male,Heavy,3,Nivaldo de Oliveira Lima,CheckMat International
World IBJJF Jiu-Jitsu Championship ,2014,Adult,Black,Male,Heavy,3,Rafael Lovato Jr.,Ribeiro Jiu-Jitsu
World IBJJF Jiu-Jitsu Championship ,2014,Adult,Black,Male,Super-Heavy,3,Leonardo Pires Nogueira,Alliance
World IBJJF Jiu-Jitsu Championship ,2014,Adult,Black,Male,Super-Heavy,3,Yuri Costa Simões M. da Silva,Brasa CTA
World IBJJF Jiu-Jitsu Championship ,2014,Adult,Black,Male,Ultra-Heavy,3,Ricardo Ferreira Evangelista,GF Team
World IBJJF Jiu-Jitsu Championship ,2014,Adult,Black,Male,Ultra-Heavy,3,Thiago Gaia Taciano de Oliveira Marques,GF Team
World IBJJF Jiu-Jitsu Championship ,2014,Adult,Black,Male,Open Class,3,Bernardo Augusto Rocha de Faria,Alliance
World IBJJF Jiu-Jitsu Championship ,2014,Adult,Black,Male,Open Class,3,Keenan Kai-James Cornelius,Atos Jiu-Jitsu
World IBJJF Jiu-Jitsu Championship ,2014,Adult,Black,Female,Rooster,1,Shiho Yaginuma,Nexusense
World IBJJF Jiu-Jitsu Championship ,2014,Adult,Black,Female,Light-Feather,1,Gezary Matuda Kubis Bandeira,American Top Team
World IBJJF Jiu-Jitsu Championship ,2014,Adult,Black,Female,Feather,1,Michelle Zonato Nicolini,CheckMat
World IBJJF Jiu-Jitsu Championship ,2014,Adult,Black,Female,Light,1,Beatriz de Oliveira Mesquita,Gracie Humaita
World IBJJF Jiu-Jitsu Championship ,2014,Adult,Black,Female,Middle,1,Janni Margareta Larsson,CheckMat
World IBJJF Jiu-Jitsu Championship ,2014,Adult,Black,Female,Medium-Heavy,1,Ana Laura Gonçalves Cordeiro,Gracie Barra
World IBJJF Jiu-Jitsu Championship ,2014,Adult,Black,Female,Heavy,1,Andresa Correa,Alliance
World IBJJF Jiu-Jitsu Championship ,2014,Adult,Black,Female,Super-Heavy,1,Venla Orvokki Luukkonen,Hilti BJJ Jyvaskyla
World IBJJF Jiu-Jitsu Championship ,2014,Adult,Black,Female,Open Class,1,Beatriz de Oliveira Mesquita,Gracie Humaita
World IBJJF Jiu-Jitsu Championship ,2014,Adult,Black,Female,Rooster,2,Marcela Lawton,New England United BJJ
World IBJJF Jiu-Jitsu Championship ,2014,Adult,Black,Female,Light-Feather,2,Ariadne de Oliveira,Equipe Mestre Wilson JJ
World IBJJF Jiu-Jitsu Championship ,2014,Adult,Black,Female,Feather,2,Tammi Alana Musumeci,Atos Jiu-Jitsu
World IBJJF Jiu-Jitsu Championship ,2014,Adult,Black,Female,Light,2,Luiza Monteiro Moura da Costa,PSLPB Cicero Costha
World IBJJF Jiu-Jitsu Championship ,2014,Adult,Black,Female,Middle,2,Vanessa Oliveira do Nascimento,GF Team
World IBJJF Jiu-Jitsu Championship ,2014,Adult,Black,Female,Medium-Heavy,2,Hannette Quadros Staack,Brazil 021 International
World IBJJF Jiu-Jitsu Championship ,2014,Adult,Black,Female,Heavy,2,Fernanda Mazzelli Almeida Maio,Striker JJ
World IBJJF Jiu-Jitsu Championship ,2014,Adult,Black,Female,Super-Heavy,2,Andréa Mc Comb Pereira,Gracie Humaita
World IBJJF Jiu-Jitsu Championship ,2014,Adult,Black,Female,Open Class,2,Michelle Zonato Nicolini,CheckMat
World IBJJF Jiu-Jitsu Championship ,2014,Adult,Black,Female,Rooster,3,Melissa A Danforth,Alliance
World IBJJF Jiu-Jitsu Championship ,2014,Adult,Black,Female,Light-Feather,3,Leticia Ribeiro Neves dos Santos,Gracie Humaita
World IBJJF Jiu-Jitsu Championship ,2014,Adult,Black,Female,Light-Feather,3,Nyjah Michea Easton,Team Lloyd Irvin
World IBJJF Jiu-Jitsu Championship ,2014,Adult,Black,Female,Feather,3,Mackenzie Lynne Dern,Gracie Humaita
World IBJJF Jiu-Jitsu Championship ,2014,Adult,Black,Female,Feather,3,Nádia Maria Rodrigues de Melo,GF Team
World IBJJF Jiu-Jitsu Championship ,2014,Adult,Black,Female,Light,3,Fabiana Alves Borges,Gracie Barra
World IBJJF Jiu-Jitsu Championship ,2014,Adult,Black,Female,Light,3,Lauriane Clarice dos Santos Mendes,Academia CM System
World IBJJF Jiu-Jitsu Championship ,2014,Adult,Black,Female,Middle,3,Shanti A. D. Abelha,CheckMat
World IBJJF Jiu-Jitsu Championship ,2014,Adult,Black,Female,Middle,3,Sophia J Drysdale,Zenith BJJ
World IBJJF Jiu-Jitsu Championship ,2014,Adult,Black,Female,Medium-Heavy,3,Carolyn Stephenson,Gracie Elite Team
World IBJJF Jiu-Jitsu Championship ,2014,Adult,Black,Female,Medium-Heavy,3,Polyana Lago Barbosa,Alliance
World IBJJF Jiu-Jitsu Championship ,2014,Adult,Black,Female,Heavy,3,Luzia Carmem Santana P. Fernandes,Gracie Barra
World IBJJF Jiu-Jitsu Championship ,2014,Adult,Black,Female,Heavy,3,Tammy M Griego,Gracie Barra
World IBJJF Jiu-Jitsu Championship ,2014,Adult,Black,Female,Super-Heavy,3,Leticia Seguetto Tanabe Lalli,CheckMat
World IBJJF Jiu-Jitsu Championship ,2014,Adult,Black,Female,Open Class,3,Fernanda Mazzelli Almeida Maio,Striker JJ
World IBJJF Jiu-Jitsu Championship ,2014,Adult,Black,Female,Open Class,3,Luiza Monteiro Moura da Costa,PSLPB Cicero Costha
World IBJJF Jiu-Jitsu Championship ,2015,Adult,Black,Male,Rooster,1,Bruno da Silva Malfacine,Alliance
World IBJJF Jiu-Jitsu Championship ,2015,Adult,Black,Male,Light-Feather,1,Paulo H. Bordignon Miyao,PSLPB Cicero Costha
World IBJJF Jiu-Jitsu Championship ,2015,Adult,Black,Male,Feather,1,Rafael Mendes,Atos Jiu-Jitsu
World IBJJF Jiu-Jitsu Championship ,2015,Adult,Black,Male,Light,1,Michael Alexandre Langhi,Alliance
World IBJJF Jiu-Jitsu Championship ,2015,Adult,Black,Male,Middle,1,Claudio Calasans Camargo Júnior,Atos Jiu-Jitsu
World IBJJF Jiu-Jitsu Championship ,2015,Adult,Black,Male,Medium-Heavy,1,Leandro Lo Pereira do Nascimento,PSLPB Cicero Costha
World IBJJF Jiu-Jitsu Championship ,2015,Adult,Black,Male,Heavy,1,Alexandre Couceiro Ribeiro,Ribeiro Jiu-Jitsu
World IBJJF Jiu-Jitsu Championship ,2015,Adult,Black,Male,Super-Heavy,1,Bernardo Augusto Rocha de Faria,Alliance
World IBJJF Jiu-Jitsu Championship ,2015,Adult,Black,Male,Ultra-Heavy,1,Gabriel Lyrio Lucas,CheckMat
World IBJJF Jiu-Jitsu Championship ,2015,Adult,Black,Male,Open Class,1,Bernardo Augusto Rocha de Faria,Alliance
World IBJJF Jiu-Jitsu Championship ,2015,Adult,Black,Male,Rooster,2,João Ricardo Bordignon Miyao,PSLPB Cicero Costha
World IBJJF Jiu-Jitsu Championship ,2015,Adult,Black,Male,Light-Feather,2,Daniel Beleza G. de Andrade,SAS Team USA
World IBJJF Jiu-Jitsu Championship ,2015,Adult,Black,Male,Feather,2,Rubens Charles Maciel,Alliance
World IBJJF Jiu-Jitsu Championship ,2015,Adult,Black,Male,Light,2,Lucas Alves Lepri,Alliance
World IBJJF Jiu-Jitsu Championship ,2015,Adult,Black,Male,Middle,2,Vitor Henrique Silva Oliveira,GF Team
World IBJJF Jiu-Jitsu Championship ,2015,Adult,Black,Male,Medium-Heavy,2,Tarsis Carvalho Humphreys,Alliance
World IBJJF Jiu-Jitsu Championship ,2015,Adult,Black,Male,Heavy,2,Lucas Joas Gomes Leite,CheckMat
World IBJJF Jiu-Jitsu Championship ,2015,Adult,Black,Male,Super-Heavy,2,João Gabriel de Oliveira e S. Rocha,Soul Fighters BJJ
World IBJJF Jiu-Jitsu Championship ,2015,Adult,Black,Male,Ultra-Heavy,2,Ricardo Ferreira Evangelista,GF Team
World IBJJF Jiu-Jitsu Championship ,2015,Adult,Black,Male,Open Class,2,Alexander Riis Hilligsoe Trans,UAE Jiu-jitsu Team
World IBJJF Jiu-Jitsu Championship ,2015,Adult,Black,Male,Rooster,3,Ivaniel Cavalcante de Oliveira,CheckMat
World IBJJF Jiu-Jitsu Championship ,2015,Adult,Black,Male,Rooster,3,Rafael Freitas,Gracie Barra
World IBJJF Jiu-Jitsu Championship ,2015,Adult,Black,Male,Light-Feather,3,José Tiago da Silva Barros,PSLPB Cicero Costha
World IBJJF Jiu-Jitsu Championship ,2015,Adult,Black,Male,Light-Feather,3,Kim Terra,Brasa / CTA / RT
World IBJJF Jiu-Jitsu Championship ,2015,Adult,Black,Male,Feather,3,Gianni Paul Grippo,Alliance International
World IBJJF Jiu-Jitsu Championship ,2015,Adult,Black,Male,Feather,3,Mario Sergio Names Reis,Alliance
World IBJJF Jiu-Jitsu Championship ,2015,Adult,Black,Male,Light,3,Gabriel Rollo da Silva Pontes,CheckMat
World IBJJF Jiu-Jitsu Championship ,2015,Adult,Black,Male,Light,3,Jonathan Torres,Atos Jiu-Jitsu
World IBJJF Jiu-Jitsu Championship ,2015,Adult,Black,Male,Middle,3,Otavio Ferreira de Sousa,Gracie Barra
World IBJJF Jiu-Jitsu Championship ,2015,Adult,Black,Male,Middle,3,Victor de Oliveira Estima,Gracie Barra
World IBJJF Jiu-Jitsu Championship ,2015,Adult,Black,Male,Medium-Heavy,3,Gustavo Ramos Campos,Atos Jiu-Jitsu
World IBJJF Jiu-Jitsu Championship ,2015,Adult,Black,Male,Medium-Heavy,3,Renato Guimaraes Cardoso,Alliance
World IBJJF Jiu-Jitsu Championship ,2015,Adult,Black,Male,Heavy,3,Jackson Sousa dos Santos,CheckMat
World IBJJF Jiu-Jitsu Championship ,2015,Adult,Black,Male,Heavy,3,Timothy-Michael Spriggs,Team Lloyd Irvin
World IBJJF Jiu-Jitsu Championship ,2015,Adult,Black,Male,Super-Heavy,3,Igor Silva,GF Team
World IBJJF Jiu-Jitsu Championship ,2015,Adult,Black,Male,Super-Heavy,3,Yuri Costa Simões M. da Silva,Brasa CTA
World IBJJF Jiu-Jitsu Championship ,2015,Adult,Black,Male,Ultra-Heavy,3,Abraham J. Marte Messina,GF Team California
World IBJJF Jiu-Jitsu Championship ,2015,Adult,Black,Male,Ultra-Heavy,3,Alexander Riis Hilligsoe Trans,UAE Jiu-jitsu Team
World IBJJF Jiu-Jitsu Championship ,2015,Adult,Black,Male,Open Class,3,Leandro Lo Pereira do Nascimento,PSLPB Cicero Costha
World IBJJF Jiu-Jitsu Championship ,2015,Adult,Black,Male,Open Class,3,Ricardo Ferreira Evangelista,GF Team
World IBJJF Jiu-Jitsu Championship ,2015,Adult,Black,Female,Light-Feather,1,Rikako Yuasa,Paraestra Shinagawa
World IBJJF Jiu-Jitsu Championship ,2015,Adult,Black,Female,Feather,1,Mackenzie Lynne Dern,Gracie Humaita
World IBJJF Jiu-Jitsu Championship ,2015,Adult,Black,Female,Light,1,Beatriz de Oliveira Mesquita,Gracie Humaita
World IBJJF Jiu-Jitsu Championship ,2015,Adult,Black,Female,Middle,1,Luiza Monteiro Moura da Costa,PSLPB Cicero Costha
World IBJJF Jiu-Jitsu Championship ,2015,Adult,Black,Female,Medium-Heavy,1,Ana Laura Gonçalves Cordeiro,Gracie Barra
World IBJJF Jiu-Jitsu Championship ,2015,Adult,Black,Female,Heavy,1,Dominyka Obelenyte,Alliance
World IBJJF Jiu-Jitsu Championship ,2015,Adult,Black,Female,Super-Heavy,1,Fernanda Mazzelli Almeida Maio,Striker JJ
World IBJJF Jiu-Jitsu Championship ,2015,Adult,Black,Female,Open Class,1,Dominyka Obelenyte,Alliance
World IBJJF Jiu-Jitsu Championship ,2015,Adult,Black,Female,Light-Feather,2,Gezary Matuda Kubis Bandeira,American Top Team
World IBJJF Jiu-Jitsu Championship ,2015,Adult,Black,Female,Feather,2,Michelle Zonato Nicolini,CheckMat
World IBJJF Jiu-Jitsu Championship ,2015,Adult,Black,Female,Light,2,Fabiana Alves Borges,Gracie Barra
World IBJJF Jiu-Jitsu Championship ,2015,Adult,Black,Female,Middle,2,Luanna Alzuguir Marton Moraes,Alliance
World IBJJF Jiu-Jitsu Championship ,2015,Adult,Black,Female,Medium-Heavy,2,Andresa Correa,Alliance
World IBJJF Jiu-Jitsu Championship ,2015,Adult,Black,Female,Heavy,2,Vanessa Oliveira do Nascimento,GF Team
World IBJJF Jiu-Jitsu Championship ,2015,Adult,Black,Female,Super-Heavy,2,Alison Victoria Tremblay,Brazilian Top Team
World IBJJF Jiu-Jitsu Championship ,2015,Adult,Black,Female,Open Class,2,Monique Medeiros Elias,Alliance
World IBJJF Jiu-Jitsu Championship ,2015,Adult,Black,Female,Light-Feather,3,Ariadne de Oliveira,Equipe Mestre Wilson JJ
World IBJJF Jiu-Jitsu Championship ,2015,Adult,Black,Female,Light-Feather,3,Laurence Cousin Fouillat,Ribeiro Jiu-Jitsu
World IBJJF Jiu-Jitsu Championship ,2015,Adult,Black,Female,Feather,3,Chelsea Leah Bainbridge-Donner,Atos Jiu-Jitsu
World IBJJF Jiu-Jitsu Championship ,2015,Adult,Black,Female,Feather,3,Tammi Alana Musumeci,American Top Team
World IBJJF Jiu-Jitsu Championship ,2015,Adult,Black,Female,Light,3,Angelica Cabral Firme Galvao,Atos Jiu-Jitsu
World IBJJF Jiu-Jitsu Championship ,2015,Adult,Black,Female,Light,3,Nyjah Michea Easton,Team Lloyd Irvin
World IBJJF Jiu-Jitsu Championship ,2015,Adult,Black,Female,Middle,3,Monique Medeiros Elias,Alliance
World IBJJF Jiu-Jitsu Championship ,2015,Adult,Black,Female,Middle,3,Sijara Jihan Eubanks,Team Lloyd Irvin
World IBJJF Jiu-Jitsu Championship ,2015,Adult,Black,Female,Medium-Heavy,3,Karen Elizabeth Peterson,Clockwork Jiu-Jitsu
World IBJJF Jiu-Jitsu Championship ,2015,Adult,Black,Female,Medium-Heavy,3,Rachel Leigh Demara,Big Brothers
World IBJJF Jiu-Jitsu Championship ,2015,Adult,Black,Female,Heavy,3,Leticia Seguetto Tanabe Lalli,CheckMat
World IBJJF Jiu-Jitsu Championship ,2015,Adult,Black,Female,Heavy,3,Tammy M Griego,Gracie Barra
World IBJJF Jiu-Jitsu Championship ,2015,Adult,Black,Female,Super-Heavy,3,Talita Andrea Nogueira,Gracie Elite Team
World IBJJF Jiu-Jitsu Championship ,2015,Adult,Black,Female,Super-Heavy,3,Venla Orvokki Luukkonen,Hilti BJJ Jyvaskyla
World IBJJF Jiu-Jitsu Championship ,2015,Adult,Black,Female,Open Class,3,Beatriz de Oliveira Mesquita,Gracie Humaita
World IBJJF Jiu-Jitsu Championship ,2015,Adult,Black,Female,Open Class,3,Mackenzie Lynne Dern,Gracie Humaita
World Jiu-Jitsu IBJJF Championship ,2016,Adult,Black,Male,Rooster,1,Bruno da Silva Malfacine,Alliance
World Jiu-Jitsu IBJJF Championship ,2016,Adult,Black,Male,Light-Feather,1,Ary de Melo Farias,Atos Jiu-Jitsu
World Jiu-Jitsu IBJJF Championship ,2016,Adult,Black,Male,Feather,1,Rafael Mendes,Atos Jiu-Jitsu
World Jiu-Jitsu IBJJF Championship ,2016,Adult,Black,Male,Light,1,Lucas Alves Lepri,Alliance
World Jiu-Jitsu IBJJF Championship ,2016,Adult,Black,Male,Middle,1,Otavio Ferreira de Sousa,Gracie Barra
World Jiu-Jitsu IBJJF Championship ,2016,Adult,Black,Male,Medium-Heavy,1,Leandro Lo Pereira do Nascimento,Ns Brotherhood
World Jiu-Jitsu IBJJF Championship ,2016,Adult,Black,Male,Heavy,1,Andre Luiz Leite Galvão,Atos Jiu-Jitsu
World Jiu-Jitsu IBJJF Championship ,2016,Adult,Black,Male,Super-Heavy,1,Alexandro Ceconi de Souza,Ceconi Team
World Jiu-Jitsu IBJJF Championship ,2016,Adult,Black,Male,Ultra-Heavy,1,Marcus Vinícius Oliveira de Almeida,CheckMat
World Jiu-Jitsu IBJJF Championship ,2016,Adult,Black,Male,Open Class,1,Marcus Vinícius Oliveira de Almeida,CheckMat
World Jiu-Jitsu IBJJF Championship ,2016,Adult,Black,Male,Rooster,2,Caio Terra,Brasa CTA
World Jiu-Jitsu IBJJF Championship ,2016,Adult,Black,Male,Light-Feather,2,Isaac Doederlein,Alliance
World Jiu-Jitsu IBJJF Championship ,2016,Adult,Black,Male,Feather,2,Marcio Andre da Costa Barbosa Junior,Nova União
World Jiu-Jitsu IBJJF Championship ,2016,Adult,Black,Male,Light,2,Edwin Najmi,Gracie Barra
World Jiu-Jitsu IBJJF Championship ,2016,Adult,Black,Male,Middle,2,Gabriel Arges de Sousa,Gracie Barra JJ
World Jiu-Jitsu IBJJF Championship ,2016,Adult,Black,Male,Medium-Heavy,2,Rômulo Claudio Barral,Gracie Barra
World Jiu-Jitsu IBJJF Championship ,2016,Adult,Black,Male,Heavy,2,Jackson Sousa dos Santos,CheckMat
World Jiu-Jitsu IBJJF Championship ,2016,Adult,Black,Male,Super-Heavy,2,Luiz Fernando de Azevedo Panza,CheckMat
World Jiu-Jitsu IBJJF Championship ,2016,Adult,Black,Male,Ultra-Heavy,2,James Richard Puopolo,Ribeiro Jiu-Jitsu
World Jiu-Jitsu IBJJF Championship ,2016,Adult,Black,Male,Open Class,2,Erberth Santos de Mesquita,Gracie Elite Team
World Jiu-Jitsu IBJJF Championship ,2016,Adult,Black,Male,Rooster,3,João Ricardo Bordignon Miyao,PSLPB Cicero Costha
World Jiu-Jitsu IBJJF Championship ,2016,Adult,Black,Male,Rooster,3,José Tiago da Silva Barros,PSLPB Cicero Costha
World Jiu-Jitsu IBJJF Championship ,2016,Adult,Black,Male,Light-Feather,3,Hiago George Santos Silva,PSLPB Cicero Costha
World Jiu-Jitsu IBJJF Championship ,2016,Adult,Black,Male,Light-Feather,3,Takuto Kako,Grappling Shoot Boxers
World Jiu-Jitsu IBJJF Championship ,2016,Adult,Black,Male,Feather,3,Osvaldo Augusto Honorio Moizinho,Ares BJJ
World Jiu-Jitsu IBJJF Championship ,2016,Adult,Black,Male,Feather,3,Rubens Charles Maciel,Alliance
World Jiu-Jitsu IBJJF Championship ,2016,Adult,Black,Male,Light,3,Gabriel Rollo da Silva Pontes,CheckMat International
World Jiu-Jitsu IBJJF Championship ,2016,Adult,Black,Male,Light,3,Jonathan Torres,Atos Jiu-Jitsu
World Jiu-Jitsu IBJJF Championship ,2016,Adult,Black,Male,Middle,3,Marcos Vinícius da Silva Tinoco,Alliance Marcelo Garcia
World Jiu-Jitsu IBJJF Championship ,2016,Adult,Black,Male,Middle,3,Yago Vinicius de Souza,Ns Brotherhood
World Jiu-Jitsu IBJJF Championship ,2016,Adult,Black,Male,Medium-Heavy,3,Keenan Kai-James Cornelius,Atos Jiu-Jitsu
World Jiu-Jitsu IBJJF Championship ,2016,Adult,Black,Male,Medium-Heavy,3,Patrick Pontes Moura Santos Gaudio,GF Team
World Jiu-Jitsu IBJJF Championship ,2016,Adult,Black,Male,Heavy,3,Cássio Francis da Silva,Gracie Barra
World Jiu-Jitsu IBJJF Championship ,2016,Adult,Black,Male,Heavy,3,Guilherme Augusto Soares Santos,Alliance
World Jiu-Jitsu IBJJF Championship ,2016,Adult,Black,Male,Super-Heavy,3,Igor Silva,GF Team International
World Jiu-Jitsu IBJJF Championship ,2016,Adult,Black,Male,Super-Heavy,3,Vitor Fabio Martins Toledo,Atos Jiu-Jitsu
World Jiu-Jitsu IBJJF Championship ,2016,Adult,Black,Male,Ultra-Heavy,3,João Gabriel de Oliveira e S. Rocha,Soul Fighters BJJ
World Jiu-Jitsu IBJJF Championship ,2016,Adult,Black,Male,Ultra-Heavy,3,Ricardo Ferreira Evangelista,GF Team
World Jiu-Jitsu IBJJF Championship ,2016,Adult,Black,Male,Open Class,3,Bernardo Augusto Rocha de Faria,Alliance
World Jiu-Jitsu IBJJF Championship ,2016,Adult,Black,Male,Open Class,3,Leandro Lo Pereira do Nascimento,Ns Brotherhood
World Jiu-Jitsu IBJJF Championship ,2016,Adult,Black,Female,Rooster,1,Rikako Yuasa,Paraestra Shinagawa
World Jiu-Jitsu IBJJF Championship ,2016,Adult,Black,Female,Light-Feather,1,Gezary Matuda Kubis Bandeira,American Top Team
World Jiu-Jitsu IBJJF Championship ,2016,Adult,Black,Female,Feather,1,Mackenzie Lynne Dern,Gracie Humaita
World Jiu-Jitsu IBJJF Championship ,2016,Adult,Black,Female,Light,1,Beatriz de Oliveira Mesquita,Gracie Humaita
World Jiu-Jitsu IBJJF Championship ,2016,Adult,Black,Female,Middle,1,Monique Medeiros Elias,Alliance
World Jiu-Jitsu IBJJF Championship ,2016,Adult,Black,Female,Medium-Heavy,1,Andresa Correa,Alliance
World Jiu-Jitsu IBJJF Championship ,2016,Adult,Black,Female,Heavy,1,Fernanda Mazzelli Almeida Maio,Striker JJ
World Jiu-Jitsu IBJJF Championship ,2016,Adult,Black,Female,Super-Heavy,1,Dominyka Obelenyte,Alliance
World Jiu-Jitsu IBJJF Championship ,2016,Adult,Black,Female,Open Class,1,Dominyka Obelenyte,Alliance
World Jiu-Jitsu IBJJF Championship ,2016,Adult,Black,Female,Rooster,2,Outi Järvilehto,Brasa CTA
World Jiu-Jitsu IBJJF Championship ,2016,Adult,Black,Female,Light-Feather,2,Kristina Sofia Puruganan Barlaan,Brasa CTA
World Jiu-Jitsu IBJJF Championship ,2016,Adult,Black,Female,Feather,2,Michelle Zonato Nicolini,CheckMat
World Jiu-Jitsu IBJJF Championship ,2016,Adult,Black,Female,Light,2,Sarah Johnel Black,GD Jiu-Jitsu Association
World Jiu-Jitsu IBJJF Championship ,2016,Adult,Black,Female,Middle,2,Luiza Monteiro Moura da Costa,Ns Brotherhood
World Jiu-Jitsu IBJJF Championship ,2016,Adult,Black,Female,Medium-Heavy,2,Sijara Jihan Eubanks,Team Lloyd Irvin
World Jiu-Jitsu IBJJF Championship ,2016,Adult,Black,Female,Heavy,2,Alison Victoria Tremblay,Brazilian Top Team
World Jiu-Jitsu IBJJF Championship ,2016,Adult,Black,Female,Super-Heavy,2,Venla Orvokki Luukkonen,Hilti BJJ Jyvaskyla
World Jiu-Jitsu IBJJF Championship ,2016,Adult,Black,Female,Open Class,2,Beatriz de Oliveira Mesquita,Gracie Humaita
World Jiu-Jitsu IBJJF Championship ,2016,Adult,Black,Female,Rooster,3,Serena Gabrielli,Flow
World Jiu-Jitsu IBJJF Championship ,2016,Adult,Black,Female,Rooster,3,Sofia Rosa Amarante,Fight Sports
World Jiu-Jitsu IBJJF Championship ,2016,Adult,Black,Female,Light-Feather,3,Ariadne de Oliveira,Equipe Mestre Wilson JJ
World Jiu-Jitsu IBJJF Championship ,2016,Adult,Black,Female,Light-Feather,3,Patrícia Maria N. Fontes dos Santos,CheckMat
World Jiu-Jitsu IBJJF Championship ,2016,Adult,Black,Female,Feather,3,Karen Deisy Antunes Girotto Borges,CheckMat
World Jiu-Jitsu IBJJF Championship ,2016,Adult,Black,Female,Feather,3,Tammi Alana Musumeci,Atos Jiu-Jitsu
World Jiu-Jitsu IBJJF Championship ,2016,Adult,Black,Female,Light,3,Jena Rae Bishop,Gracie Humaita
World Jiu-Jitsu IBJJF Championship ,2016,Adult,Black,Female,Light,3,Laurah Elizabeth Hallock,GF Team
World Jiu-Jitsu IBJJF Championship ,2016,Adult,Black,Female,Middle,3,Megan Ann Nevill,Alliance
World Jiu-Jitsu IBJJF Championship ,2016,Adult,Black,Female,Middle,3,Shanti A. D. Abelha,CheckMat
World Jiu-Jitsu IBJJF Championship ,2016,Adult,Black,Female,Medium-Heavy,3,Leah Roseanne Taylor,SBG International (SBGI)
World Jiu-Jitsu IBJJF Championship ,2016,Adult,Black,Female,Medium-Heavy,3,Monique Ricardo Carvalho,CheckMat
World Jiu-Jitsu IBJJF Championship ,2016,Adult,Black,Female,Heavy,3,Samela Shoham Lopes Leite,Ribeiro Jiu-Jitsu
World Jiu-Jitsu IBJJF Championship ,2016,Adult,Black,Female,Heavy,3,Vanessa Oliveira do Nascimento,GF Team
World Jiu-Jitsu IBJJF Championship ,2016,Adult,Black,Female,Super-Heavy,3,Hillary VanOrnum,Impact Jiu Jitsu
World Jiu-Jitsu IBJJF Championship ,2016,Adult,Black,Female,Open Class,3,Andresa Correa,Alliance
World Jiu-Jitsu IBJJF Championship ,2016,Adult,Black,Female,Open Class,3,Mackenzie Lynne Dern,Gracie Humaita
World IBJJF Jiu-Jitsu Championship ,2017,Adult,Black,Male,Rooster,1,Bruno da Silva Malfacine,Alliance
World IBJJF Jiu-Jitsu Championship ,2017,Adult,Black,Male,Light-Feather,1,Michael Musumeci Jr.,Brasa CTA
World IBJJF Jiu-Jitsu Championship ,2017,Adult,Black,Male,Feather,1,Rubens Charles Maciel,Alliance
World IBJJF Jiu-Jitsu Championship ,2017,Adult,Black,Male,Light,1,Lucas Alves Lepri,Alliance
World IBJJF Jiu-Jitsu Championship ,2017,Adult,Black,Male,Middle,1,Gabriel Arges de Sousa,Gracie Barra
World IBJJF Jiu-Jitsu Championship ,2017,Adult,Black,Male,Medium-Heavy,1,Andre Luiz Leite Galvão,Atos Jiu-Jitsu
World IBJJF Jiu-Jitsu Championship ,2017,Adult,Black,Male,Heavy,1,Nicholas de Barcellos Meregali,Alliance International
World IBJJF Jiu-Jitsu Championship ,2017,Adult,Black,Male,Super-Heavy,1,Erberth Santos de Mesquita,Atos Jiu-Jitsu
World IBJJF Jiu-Jitsu Championship ,2017,Adult,Black,Male,Ultra-Heavy,1,Marcus Vinícius Oliveira de Almeida,CheckMat
World IBJJF Jiu-Jitsu Championship ,2017,Adult,Black,Male,Open Class,1,Marcus Vinícius Oliveira de Almeida,CheckMat
World IBJJF Jiu-Jitsu Championship ,2017,Adult,Black,Male,Rooster,2,Caio Terra,Brasa CTA
World IBJJF Jiu-Jitsu Championship ,2017,Adult,Black,Male,Light-Feather,2,João Ricardo Bordignon Miyao,Cicero Costha Internacional
World IBJJF Jiu-Jitsu Championship ,2017,Adult,Black,Male,Feather,2,Leonardo Fernandes Saggioro,Brazilian Top Team Int.
World IBJJF Jiu-Jitsu Championship ,2017,Adult,Black,Male,Light,2,Roberto Satoshi de Souza,Bon-Sai Jiu-Jitsu
World IBJJF Jiu-Jitsu Championship ,2017,Adult,Black,Male,Middle,2,Marcos Vinícius da Silva Tinoco,Alliance International
World IBJJF Jiu-Jitsu Championship ,2017,Adult,Black,Male,Medium-Heavy,2,Patrick Pontes Moura Santos Gaudio,GF Team
World IBJJF Jiu-Jitsu Championship ,2017,Adult,Black,Male,Heavy,2,Leandro Lo Pereira do Nascimento,Ns Brotherhood
World IBJJF Jiu-Jitsu Championship ,2017,Adult,Black,Male,Super-Heavy,2,Bernardo Augusto Rocha de Faria,Alliance
World IBJJF Jiu-Jitsu Championship ,2017,Adult,Black,Male,Ultra-Heavy,2,Gustavo Dias Elias,Ribeiro Jiu-Jitsu
World IBJJF Jiu-Jitsu Championship ,2017,Adult,Black,Male,Open Class,2,Leandro Lo Pereira do Nascimento,Ns Brotherhood
World IBJJF Jiu-Jitsu Championship ,2017,Adult,Black,Male,Rooster,3,Lucas dos Santos Pinheiro,AMBJJ - Alex Martins Brazilian Jiu-Jitsu
World IBJJF Jiu-Jitsu Championship ,2017,Adult,Black,Male,Rooster,3,Tomoyuki Hashimoto,Brasa CTA
World IBJJF Jiu-Jitsu Championship ,2017,Adult,Black,Male,Light-Feather,3,Ary de Melo Farias,Atos Jiu-Jitsu
World IBJJF Jiu-Jitsu Championship ,2017,Adult,Black,Male,Light-Feather,3,Gabriel Afonso dos Santos Moraes,Alliance
World IBJJF Jiu-Jitsu Championship ,2017,Adult,Black,Male,Feather,3,Gianni Paul Grippo,Alliance
World IBJJF Jiu-Jitsu Championship ,2017,Adult,Black,Male,Feather,3,Shane Jamil Hill-Taylor,Team Lloyd Irvin
World IBJJF Jiu-Jitsu Championship ,2017,Adult,Black,Male,Light,3,Jhonny Loureiro Sigallis Souza,Alliance International
World IBJJF Jiu-Jitsu Championship ,2017,Adult,Black,Male,Light,3,Yan Lucas Cordeiro Paiva,Ribeiro Jiu-Jitsu
World IBJJF Jiu-Jitsu Championship ,2017,Adult,Black,Male,Middle,3,Jaime Soares Canuto,GF Team International
World IBJJF Jiu-Jitsu Championship ,2017,Adult,Black,Male,Middle,3,Otavio Ferreira de Sousa,Gracie Barra
World IBJJF Jiu-Jitsu Championship ,2017,Adult,Black,Male,Medium-Heavy,3,Felipe Carsalade Araujo Pena,Gracie Barra
World IBJJF Jiu-Jitsu Championship ,2017,Adult,Black,Male,Medium-Heavy,3,Rômulo Claudio Barral,Gracie Barra
World IBJJF Jiu-Jitsu Championship ,2017,Adult,Black,Male,Heavy,3,Dimitrius Soares Souza,Alliance
World IBJJF Jiu-Jitsu Championship ,2017,Adult,Black,Male,Heavy,3,Guilherme Augusto Soares Santos,Alliance
World IBJJF Jiu-Jitsu Championship ,2017,Adult,Black,Male,Super-Heavy,3,Luiz Fernando de Azevedo Panza,CheckMat
World IBJJF Jiu-Jitsu Championship ,2017,Adult,Black,Male,Super-Heavy,3,Mahamed Aly Santos da Silva,Team Lloyd Irvin
World IBJJF Jiu-Jitsu Championship ,2017,Adult,Black,Male,Ultra-Heavy,3,João Gabriel de Oliveira e S. Rocha,Soul Fighters BJJ
World IBJJF Jiu-Jitsu Championship ,2017,Adult,Black,Male,Ultra-Heavy,3,Otavio de Souza Nalati,Team Lloyd Irvin
World IBJJF Jiu-Jitsu Championship ,2017,Adult,Black,Male,Open Class,3,Erberth Santos de Mesquita,Atos Jiu-Jitsu
World IBJJF Jiu-Jitsu Championship ,2017,Adult,Black,Male,Open Class,3,Luiz Fernando de Azevedo Panza,CheckMat
World IBJJF Jiu-Jitsu Championship ,2017,Adult,Black,Female,Rooster,1,Rikako Yuasa,Paraestra Shinagawa
World IBJJF Jiu-Jitsu Championship ,2017,Adult,Black,Female,Light-Feather,1,Ana Talita de Oliveira Alencar,Alliance
World IBJJF Jiu-Jitsu Championship ,2017,Adult,Black,Female,Feather,1,Emilie Maxine M. H. Thylin,Gracie Humaita South Bay
World IBJJF Jiu-Jitsu Championship ,2017,Adult,Black,Female,Light,1,Luiza Monteiro Moura da Costa,Ns Brotherhood
World IBJJF Jiu-Jitsu Championship ,2017,Adult,Black,Female,Middle,1,Ana Carolina Vieira Srour,GF Team
World IBJJF Jiu-Jitsu Championship ,2017,Adult,Black,Female,Medium-Heavy,1,Nathiely Karoline Melo de Jesus,Cicero Costha Internacional
World IBJJF Jiu-Jitsu Championship ,2017,Adult,Black,Female,Heavy,1,Claudia Fernanda Onofre Valim Doval,De La Riva JJ
World IBJJF Jiu-Jitsu Championship ,2017,Adult,Black,Female,Super-Heavy,1,Tayane Porfírio de Araújo,Alliance
World IBJJF Jiu-Jitsu Championship ,2017,Adult,Black,Female,Open Class,1,Tayane Porfírio de Araújo,Alliance
World IBJJF Jiu-Jitsu Championship ,2017,Adult,Black,Female,Rooster,2,Rayanne Amanda Carmo dos Santos,Attack JJ Team - Belém PA
World IBJJF Jiu-Jitsu Championship ,2017,Adult,Black,Female,Light-Feather,2,Gezary Matuda Kubis Bandeira,American Top Team
World IBJJF Jiu-Jitsu Championship ,2017,Adult,Black,Female,Feather,2,Ana Carolina Schmitt,Gracie Humaita
World IBJJF Jiu-Jitsu Championship ,2017,Adult,Black,Female,Light,2,Beatriz de Oliveira Mesquita,Gracie Humaita
World IBJJF Jiu-Jitsu Championship ,2017,Adult,Black,Female,Middle,2,Monique Medeiros Elias,Alliance
World IBJJF Jiu-Jitsu Championship ,2017,Adult,Black,Female,Medium-Heavy,2,Andresa Correa,Alliance
World IBJJF Jiu-Jitsu Championship ,2017,Adult,Black,Female,Heavy,2,Talita Andrea Nogueira,Ns Brotherhood
World IBJJF Jiu-Jitsu Championship ,2017,Adult,Black,Female,Super-Heavy,2,Venla Orvokki Luukkonen,Hilti BJJ Jyvaskyla
World IBJJF Jiu-Jitsu Championship ,2017,Adult,Black,Female,Open Class,2,Nathiely Karoline Melo de Jesus,Cicero Costha Internacional
World IBJJF Jiu-Jitsu Championship ,2017,Adult,Black,Female,Rooster,3,Outi Järvilehto,Brasa CTA
World IBJJF Jiu-Jitsu Championship ,2017,Adult,Black,Female,Rooster,3,Serena Gabrielli,Flow
World IBJJF Jiu-Jitsu Championship ,2017,Adult,Black,Female,Light-Feather,3,Kristina Sofia Puruganan Barlaan,Brasa CTA
World IBJJF Jiu-Jitsu Championship ,2017,Adult,Black,Female,Light-Feather,3,Thamires Diógenes de Aquino,GF Team
World IBJJF Jiu-Jitsu Championship ,2017,Adult,Black,Female,Feather,3,Aarae Alexander,Team Lloyd Irvin
World IBJJF Jiu-Jitsu Championship ,2017,Adult,Black,Female,Feather,3,Jaqueline de Moraes Amorim Ramos,CheckMat
World IBJJF Jiu-Jitsu Championship ,2017,Adult,Black,Female,Light,3,Jessica Cristina C. A. dos Santos,T3MA
World IBJJF Jiu-Jitsu Championship ,2017,Adult,Black,Female,Light,3,Tammi Alana Musumeci,Brasa CTA
World IBJJF Jiu-Jitsu Championship ,2017,Adult,Black,Female,Middle,3,Amanda Loewen,SBG International (SBGI)
World IBJJF Jiu-Jitsu Championship ,2017,Adult,Black,Female,Middle,3,Nivia de Souza Moura,Ribeiro Jiu-Jitsu
World IBJJF Jiu-Jitsu Championship ,2017,Adult,Black,Female,Medium-Heavy,3,Jessica da Silva Oliveira,Gracie Barra
World IBJJF Jiu-Jitsu Championship ,2017,Adult,Black,Female,Medium-Heavy,3,Leah Roseanne Taylor,SBG International (SBGI)
World IBJJF Jiu-Jitsu Championship ,2017,Adult,Black,Female,Heavy,3,Fernanda Mazzelli Almeida Maio,Striker JJ
World IBJJF Jiu-Jitsu Championship ,2017,Adult,Black,Female,Open Class,3,Beatriz de Oliveira Mesquita,Gracie Humaita
World IBJJF Jiu-Jitsu Championship ,2017,Adult,Black,Female,Open Class,3,Jessica da Silva Oliveira,Gracie Barra
World IBJJF Jiu-Jitsu Championship ,2018,Adult,Black,Male,Rooster,1,Bruno da Silva Malfacine,Alliance
World IBJJF Jiu-Jitsu Championship ,2018,Adult,Black,Male,Light-Feather,1,Michael Musumeci Jr.,Brasa CTA
World IBJJF Jiu-Jitsu Championship ,2018,Adult,Black,Male,Feather,1,Shane Jamil Hill-Taylor,Team Lloyd Irvin
World IBJJF Jiu-Jitsu Championship ,2018,Adult,Black,Male,Light,1,Lucas Alves Lepri,Alliance
World IBJJF Jiu-Jitsu Championship ,2018,Adult,Black,Male,Middle,1,Isaque Bahiense Braz,Alliance
World IBJJF Jiu-Jitsu Championship ,2018,Adult,Black,Male,Medium-Heavy,1,Lucas Daniel Silva Barbosa,Atos Jiu-Jitsu
World IBJJF Jiu-Jitsu Championship ,2018,Adult,Black,Male,Heavy,1,Felipe Carsalade Araujo Pena,Gracie Barra
World IBJJF Jiu-Jitsu Championship ,2018,Adult,Black,Male,Super-Heavy,1,Mahamed Aly Santos da Silva,Team Lloyd Irvin
World IBJJF Jiu-Jitsu Championship ,2018,Adult,Black,Male,Ultra-Heavy,1,Marcus Vinícius Oliveira de Almeida,CheckMat
World IBJJF Jiu-Jitsu Championship ,2018,Adult,Black,Male,Open Class,1,Leandro Lo Pereira do Nascimento,Ns Brotherhood
World IBJJF Jiu-Jitsu Championship ,2018,Adult,Black,Male,Rooster,2,Rodnei Barbosa Gabriel Jr.,Qatar BJJ
World IBJJF Jiu-Jitsu Championship ,2018,Adult,Black,Male,Light-Feather,2,Ari de Melo Farias,Atos Jiu-Jitsu
World IBJJF Jiu-Jitsu Championship ,2018,Adult,Black,Male,Feather,2,Leonardo Fernandes Saggioro,Brazilian Top Team
World IBJJF Jiu-Jitsu Championship ,2018,Adult,Black,Male,Light,2,Renato Forasieppi Alves Canuto,CheckMat
World IBJJF Jiu-Jitsu Championship ,2018,Adult,Black,Male,Middle,2,Tommy Lilleskog Langaker,Karkara BJJ
World IBJJF Jiu-Jitsu Championship ,2018,Adult,Black,Male,Medium-Heavy,2,Gustavo Espindola Batista,Atos Jiu-Jitsu
World IBJJF Jiu-Jitsu Championship ,2018,Adult,Black,Male,Heavy,2,Patrick Pontes de Moura Santos Gaudio,GF Team
World IBJJF Jiu-Jitsu Championship ,2018,Adult,Black,Male,Super-Heavy,2,Leandro Lo Pereira do Nascimento,Ns Brotherhood
World IBJJF Jiu-Jitsu Championship ,2018,Adult,Black,Male,Ultra-Heavy,2,João Gabriel de Oliveira e S. Rocha,Soul Fighters BJJ
World IBJJF Jiu-Jitsu Championship ,2018,Adult,Black,Male,Open Class,2,Marcus Vinícius Oliveira de Almeida,CheckMat
World IBJJF Jiu-Jitsu Championship ,2018,Adult,Black,Male,Rooster,3,Hiago Gama Sousa,Alliance
World IBJJF Jiu-Jitsu Championship ,2018,Adult,Black,Male,Rooster,3,Tomoyuki Hashimoto,Brasa CTA
World IBJJF Jiu-Jitsu Championship ,2018,Adult,Black,Male,Light-Feather,3,João Ricardo Bordignon Miyao,Cicero Costha Internacional
World IBJJF Jiu-Jitsu Championship ,2018,Adult,Black,Male,Light-Feather,3,José Tiago da Silva Barros,Cicero Costha Internacional
World IBJJF Jiu-Jitsu Championship ,2018,Adult,Black,Male,Feather,3,Marcio Andre da Costa Barbosa Junior,Nova União
World IBJJF Jiu-Jitsu Championship ,2018,Adult,Black,Male,Feather,3,Osvaldo Augusto Honorio Moizinho,Ares BJJ
World IBJJF Jiu-Jitsu Championship ,2018,Adult,Black,Male,Light,3,Espen  Mathiesen,Karkara BJJ
World IBJJF Jiu-Jitsu Championship ,2018,Adult,Black,Male,Light,3,Vitor Henrique Silva Oliveira,GF Team
World IBJJF Jiu-Jitsu Championship ,2018,Adult,Black,Male,Middle,3,Jaime Soares Canuto,GF Team
World IBJJF Jiu-Jitsu Championship ,2018,Adult,Black,Male,Middle,3,Marcos Vinícius da Silva Tinoco,Alliance
World IBJJF Jiu-Jitsu Championship ,2018,Adult,Black,Male,Medium-Heavy,3,Renato Guimaraes Cardoso,Alliance
World IBJJF Jiu-Jitsu Championship ,2018,Adult,Black,Male,Medium-Heavy,3,Rudson Mateus Sarmento Teles,Brasa CTA
World IBJJF Jiu-Jitsu Championship ,2018,Adult,Black,Male,Heavy,3,Fellipe Andrew Leandro Silva,Zenith BJJ
World IBJJF Jiu-Jitsu Championship ,2018,Adult,Black,Male,Heavy,3,Keenan Kai-James Cornelius,Atos Jiu-Jitsu
World IBJJF Jiu-Jitsu Championship ,2018,Adult,Black,Male,Super-Heavy,3,Manuel António Ambrósio S. T. Pontes,Gracie Barra
World IBJJF Jiu-Jitsu Championship ,2018,Adult,Black,Male,Super-Heavy,3,Nicholas de Barcellos Meregali,Alliance
World IBJJF Jiu-Jitsu Championship ,2018,Adult,Black,Male,Ultra-Heavy,3,Admilson Gobi Junior,Team Lloyd Irvin Brazil
World IBJJF Jiu-Jitsu Championship ,2018,Adult,Black,Male,Ultra-Heavy,3,Victor Hugo Honório P. da Silva,Qatar BJJ
World IBJJF Jiu-Jitsu Championship ,2018,Adult,Black,Male,Open Class,3,Nicholas de Barcellos Meregali,Alliance
World IBJJF Jiu-Jitsu Championship ,2018,Adult,Black,Male,Open Class,3,Victor Hugo Honório P. da Silva,Qatar BJJ
World IBJJF Jiu-Jitsu Championship ,2018,Adult,Black,Female,Rooster,1,Rikako Yuasa,Paraestra Shinagawa
World IBJJF Jiu-Jitsu Championship ,2018,Adult,Black,Female,Light-Feather,1,Amanda Monteiro Canuto,GF Team
World IBJJF Jiu-Jitsu Championship ,2018,Adult,Black,Female,Feather,1,Karen Deisy Antunes Girotto Borges,CheckMat
World IBJJF Jiu-Jitsu Championship ,2018,Adult,Black,Female,Light,1,Beatriz de Oliveira Mesquita,Gracie Humaita
World IBJJF Jiu-Jitsu Championship ,2018,Adult,Black,Female,Middle,1,Ana Carolina Vieira Srour,GF Team
World IBJJF Jiu-Jitsu Championship ,2018,Adult,Black,Female,Medium-Heavy,1,Claudia Fernanda Onofre Valim Doval,De La Riva JJ
World IBJJF Jiu-Jitsu Championship ,2018,Adult,Black,Female,Heavy,1,Nathiely Karoline Melo de Jesus,Unity Jiu-jitsu
World IBJJF Jiu-Jitsu Championship ,2018,Adult,Black,Female,Super-Heavy,1,Venla Orvokki Luukkonen,Hilti BJJ Jyvaskyla
World IBJJF Jiu-Jitsu Championship ,2018,Adult,Black,Female,Open Class,1,Nathiely Karoline Melo de Jesus,Unity Jiu-jitsu
World IBJJF Jiu-Jitsu Championship ,2018,Adult,Black,Female,Rooster,2,Serena Gabrielli,Flow
World IBJJF Jiu-Jitsu Championship ,2018,Adult,Black,Female,Light-Feather,2,Ana Talita de Oliveira Alencar,Alliance
World IBJJF Jiu-Jitsu Championship ,2018,Adult,Black,Female,Feather,2,Ana Carolina Schmitt,The Match Champ
World IBJJF Jiu-Jitsu Championship ,2018,Adult,Black,Female,Light,2,Luiza Monteiro Moura da Costa,Atos Jiu-Jitsu
World IBJJF Jiu-Jitsu Championship ,2018,Adult,Black,Female,Middle,2,Raquel Dayne Kaleialoha Canuto,CheckMat
World IBJJF Jiu-Jitsu Championship ,2018,Adult,Black,Female,Medium-Heavy,2,Monique Medeiros Elias,Alliance
World IBJJF Jiu-Jitsu Championship ,2018,Adult,Black,Female,Heavy,2,Maria Malgorzata Malyjasiak,Zenith BJJ
World IBJJF Jiu-Jitsu Championship ,2018,Adult,Black,Female,Super-Heavy,2,Carina Curvelo Santi,G13 BJJ
World IBJJF Jiu-Jitsu Championship ,2018,Adult,Black,Female,Open Class,2,Bianca Barbosa Basilio,Atos Jiu-Jitsu
World IBJJF Jiu-Jitsu Championship ,2018,Adult,Black,Female,Rooster,3,Outi K. Tammilehto,Brasa CTA
World IBJJF Jiu-Jitsu Championship ,2018,Adult,Black,Female,Rooster,3,Thamires Diógenes de Aquino,GF Team
World IBJJF Jiu-Jitsu Championship ,2018,Adult,Black,Female,Light-Feather,3,Gezary Matuda Kubis Bandeira,American Top Team Coconut Creek
World IBJJF Jiu-Jitsu Championship ,2018,Adult,Black,Female,Light-Feather,3,Vanessa English,Gracie Barra
World IBJJF Jiu-Jitsu Championship ,2018,Adult,Black,Female,Feather,3,Jessica Cristina C. A. dos Santos,T3MA
World IBJJF Jiu-Jitsu Championship ,2018,Adult,Black,Female,Feather,3,Nathalie Wan Soares Veras Ribeiro,CheckMat International
World IBJJF Jiu-Jitsu Championship ,2018,Adult,Black,Female,Light,3,Catherine Fuhro Perret,CheckMat
World IBJJF Jiu-Jitsu Championship ,2018,Adult,Black,Female,Light,3,Charlotte von Baumgarten,Alliance
World IBJJF Jiu-Jitsu Championship ,2018,Adult,Black,Female,Middle,3,Renata Marinho Moreira,Alliance
World IBJJF Jiu-Jitsu Championship ,2018,Adult,Black,Female,Middle,3,Samantha Lea Cook,CheckMat
World IBJJF Jiu-Jitsu Championship ,2018,Adult,Black,Female,Medium-Heavy,3,Andressa Mezari Cintra,CheckMat
World IBJJF Jiu-Jitsu Championship ,2018,Adult,Black,Female,Medium-Heavy,3,Sábatha Laís Francisco dos Santos,Ryan Gracie Team
World IBJJF Jiu-Jitsu Championship ,2018,Adult,Black,Female,Heavy,3,Fernanda Mazzelli Almeida Maio,Gracie Humaita
World IBJJF Jiu-Jitsu Championship ,2018,Adult,Black,Female,Heavy,3,Jessica D Flowers,Gracie Barra
World IBJJF Jiu-Jitsu Championship ,2018,Adult,Black,Female,Super-Heavy,3,Andresa Correa,Alliance
World IBJJF Jiu-Jitsu Championship ,2018,Adult,Black,Female,Super-Heavy,3,Hillary N Vanornum,Impact Jiu Jitsu
World IBJJF Jiu-Jitsu Championship ,2018,Adult,Black,Female,Open Class,3,Ana Carolina Vieira Srour,GF Team
World IBJJF Jiu-Jitsu Championship ,2018,Adult,Black,Female,Open Class,3,Fernanda Mazzelli Almeida Maio,Gracie Humaita
World IBJJF Jiu-Jitsu Championship ,2019,Adult,Black,Male,Rooster,1,Michael Musumeci Jr.,Caio Terra Association
World IBJJF Jiu-Jitsu Championship ,2019,Adult,Black,Male,Light-Feather,1,João Ricardo Bordignon Miyao,Cicero Costha Internacional
World IBJJF Jiu-Jitsu Championship ,2019,Adult,Black,Male,Feather,1,Matheus Gabriel Pinheiro Barros,CheckMat
World IBJJF Jiu-Jitsu Championship ,2019,Adult,Black,Male,Light,1,Lucas Alves Lepri,Alliance
World IBJJF Jiu-Jitsu Championship ,2019,Adult,Black,Male,Middle,1,Gabriel Arges de Sousa,Gracie Barra
World IBJJF Jiu-Jitsu Championship ,2019,Adult,Black,Male,Medium-Heavy,1,Felipe Carsalade Araujo Pena,Gracie Barra
World IBJJF Jiu-Jitsu Championship ,2019,Adult,Black,Male,Heavy,1,Leandro Lo Pereira do Nascimento,Ns Brotherhood
World IBJJF Jiu-Jitsu Championship ,2019,Adult,Black,Male,Super-Heavy,1,Nicholas de Barcellos Meregali,Alliance
World IBJJF Jiu-Jitsu Championship ,2019,Adult,Black,Male,Ultra-Heavy,1,Marcus Vinícius Oliveira de Almeida,CheckMat
World IBJJF Jiu-Jitsu Championship ,2019,Adult,Black,Male,Open Class,1,Marcus Vinícius Oliveira de Almeida,CheckMat
World IBJJF Jiu-Jitsu Championship ,2019,Adult,Black,Male,Rooster,2,Rodnei Barbosa Gabriel Jr.,Qatar BJJ
World IBJJF Jiu-Jitsu Championship ,2019,Adult,Black,Male,Light-Feather,2,Paulo H. Bordignon Miyao,Cicero Costha Internacional
World IBJJF Jiu-Jitsu Championship ,2019,Adult,Black,Male,Feather,2,Marcio Andre da Costa Barbosa Junior,Nova União
World IBJJF Jiu-Jitsu Championship ,2019,Adult,Black,Male,Light,2,Lucas Sette C. Valente Tobias,Gracie Barra
World IBJJF Jiu-Jitsu Championship ,2019,Adult,Black,Male,Middle,2,Isaque Bahiense Braz,Alliance
World IBJJF Jiu-Jitsu Championship ,2019,Adult,Black,Male,Medium-Heavy,2,Gustavo Espindola Batista,Atos Jiu-Jitsu
World IBJJF Jiu-Jitsu Championship ,2019,Adult,Black,Male,Heavy,2,Dimitrius Soares Souza,Alliance
World IBJJF Jiu-Jitsu Championship ,2019,Adult,Black,Male,Super-Heavy,2,Mahamed Aly Santos da Silva,Team Lloyd Irvin
World IBJJF Jiu-Jitsu Championship ,2019,Adult,Black,Male,Ultra-Heavy,2,Ricardo Ferreira Evangelista,GF Team
World IBJJF Jiu-Jitsu Championship ,2019,Adult,Black,Male,Open Class,2,Leandro Lo Pereira do Nascimento,Ns Brotherhood
World IBJJF Jiu-Jitsu Championship ,2019,Adult,Black,Male,Rooster,3,Bruno da Silva Malfacine,Alliance
World IBJJF Jiu-Jitsu Championship ,2019,Adult,Black,Male,Rooster,3,Cleber de Sousa Fernandes,Atos Jiu-Jitsu
World IBJJF Jiu-Jitsu Championship ,2019,Adult,Black,Male,Light-Feather,3,Hiago George Santos Silva,PSLPB Cicero Costha
World IBJJF Jiu-Jitsu Championship ,2019,Adult,Black,Male,Light-Feather,3,José Tiago da Silva Barros,PSLPB Cicero Costha
World IBJJF Jiu-Jitsu Championship ,2019,Adult,Black,Male,Feather,3,Isaac Doederlein,Alliance
World IBJJF Jiu-Jitsu Championship ,2019,Adult,Black,Male,Feather,3,Osvaldo Augusto Honorio Moizinho,Ares BJJ
World IBJJF Jiu-Jitsu Championship ,2019,Adult,Black,Male,Light,3,Renato Forasieppi Alves Canuto,CheckMat
World IBJJF Jiu-Jitsu Championship ,2019,Adult,Black,Male,Light,3,Rodrigo Lamounier de Freitas,Rodrigo Freitas Brazilian Jiu-Jitsu
World IBJJF Jiu-Jitsu Championship ,2019,Adult,Black,Male,Middle,3,Jaime Soares Canuto,GF Team
World IBJJF Jiu-Jitsu Championship ,2019,Adult,Black,Male,Middle,3,Marcos Vinícius da Silva Tinoco,Alliance
World IBJJF Jiu-Jitsu Championship ,2019,Adult,Black,Male,Medium-Heavy,3,Matheus Oliveira Diniz,Alliance
World IBJJF Jiu-Jitsu Championship ,2019,Adult,Black,Male,Medium-Heavy,3,Renato Guimaraes Cardoso,Alliance
World IBJJF Jiu-Jitsu Championship ,2019,Adult,Black,Male,Heavy,3,Fernando Andrade dos Reis,Alliance International
World IBJJF Jiu-Jitsu Championship ,2019,Adult,Black,Male,Super-Heavy,3,Guilherme Augusto Soares Santos,Alliance
World IBJJF Jiu-Jitsu Championship ,2019,Adult,Black,Male,Super-Heavy,3,Luiz Fernando de Azevedo Panza,CheckMat
World IBJJF Jiu-Jitsu Championship ,2019,Adult,Black,Male,Ultra-Heavy,3,Felipe Augusto Farias Bezerra,CheckMat
World IBJJF Jiu-Jitsu Championship ,2019,Adult,Black,Male,Ultra-Heavy,3,Max dos Santos Gimenis,GF Team
World IBJJF Jiu-Jitsu Championship ,2019,Adult,Black,Male,Open Class,3,Fellipe Andrew Leandro Silva,Zenith BJJ
World IBJJF Jiu-Jitsu Championship ,2019,Adult,Black,Male,Open Class,3,Keenan Kai-James Cornelius,BJJ Globetrotters USA
World IBJJF Jiu-Jitsu Championship ,2019,Adult,Black,Female,Rooster,1,Mayssa Caldas Pereira Bastos,GF Team
World IBJJF Jiu-Jitsu Championship ,2019,Adult,Black,Female,Light-Feather,1,Tammi Alana Musumeci,Brasa CTA
World IBJJF Jiu-Jitsu Championship ,2019,Adult,Black,Female,Feather,1,Ana Carolina Schmitt,Nova União
World IBJJF Jiu-Jitsu Championship ,2019,Adult,Black,Female,Light,1,Beatriz de Oliveira Mesquita,Gracie Humaita
World IBJJF Jiu-Jitsu Championship ,2019,Adult,Black,Female,Middle,1,Ana Carolina Vieira Srour,GF Team
World IBJJF Jiu-Jitsu Championship ,2019,Adult,Black,Female,Medium-Heavy,1,Andressa Mezari Cintra,Gracie Barra
World IBJJF Jiu-Jitsu Championship ,2019,Adult,Black,Female,Heavy,1,Nathiely Karoline Melo de Jesus,Rodrigo Pinheiro BJJ
World IBJJF Jiu-Jitsu Championship ,2019,Adult,Black,Female,Super-Heavy,1,Claudia Fernanda Onofre Valim Doval,De La Riva JJ
World IBJJF Jiu-Jitsu Championship ,2019,Adult,Black,Female,Open Class,1,Nathiely Karoline Melo de Jesus,Rodrigo Pinheiro BJJ
World IBJJF Jiu-Jitsu Championship ,2019,Adult,Black,Female,Rooster,2,Rikako Yuasa,Paraestra Shinagawa
World IBJJF Jiu-Jitsu Championship ,2019,Adult,Black,Female,Light-Feather,2,Amanda Monteiro Canuto,GF Team
World IBJJF Jiu-Jitsu Championship ,2019,Adult,Black,Female,Feather,2,Bianca Barbosa Basilio,Atos Jiu-Jitsu
World IBJJF Jiu-Jitsu Championship ,2019,Adult,Black,Female,Light,2,Charlotte von Baumgarten,Alliance
World IBJJF Jiu-Jitsu Championship ,2019,Adult,Black,Female,Middle,2,Laurah Elizabeth Hallock,GF Team
World IBJJF Jiu-Jitsu Championship ,2019,Adult,Black,Female,Medium-Heavy,2,Luiza Monteiro Moura da Costa,Atos Jiu-Jitsu
World IBJJF Jiu-Jitsu Championship ,2019,Adult,Black,Female,Heavy,2,Fernanda Mazzelli Almeida Maio,Striker JJ
World IBJJF Jiu-Jitsu Championship ,2019,Adult,Black,Female,Super-Heavy,2,Venla Orvokki Luukkonen,Hilti Akademi Nord
World IBJJF Jiu-Jitsu Championship ,2019,Adult,Black,Female,Open Class,2,Beatriz de Oliveira Mesquita,Gracie Humaita
World IBJJF Jiu-Jitsu Championship ,2019,Adult,Black,Female,Rooster,3,Serena Gabrielli,Flow
World IBJJF Jiu-Jitsu Championship ,2019,Adult,Black,Female,Rooster,3,Thamires Diógenes de Aquino,GF Team
World IBJJF Jiu-Jitsu Championship ,2019,Adult,Black,Female,Light-Feather,3,Gezary Matuda Kubis Bandeira,American Top Team
World IBJJF Jiu-Jitsu Championship ,2019,Adult,Black,Female,Light-Feather,3,Kristina Sofia Puruganan Barlaan,Brasa CTA
World IBJJF Jiu-Jitsu Championship ,2019,Adult,Black,Female,Feather,3,Ariadne de Oliveira,Equipe Mestre Wilson JJ
World IBJJF Jiu-Jitsu Championship ,2019,Adult,Black,Female,Feather,3,Ffion Eira Davies,ECJJA
World IBJJF Jiu-Jitsu Championship ,2019,Adult,Black,Female,Light,3,Gabrielle McComb Lima,Gracie Humaita
World IBJJF Jiu-Jitsu Championship ,2019,Adult,Black,Female,Light,3,Jena Rae Bishop,Alliance
World IBJJF Jiu-Jitsu Championship ,2019,Adult,Black,Female,Middle,3,Jessica Constance Swanson,Soul Fighters BJJ
World IBJJF Jiu-Jitsu Championship ,2019,Adult,Black,Female,Middle,3,Samantha Lea Cook,CheckMat
World IBJJF Jiu-Jitsu Championship ,2019,Adult,Black,Female,Medium-Heavy,3,Melissa Stricker Cueto,Zenith BJJ
World IBJJF Jiu-Jitsu Championship ,2019,Adult,Black,Female,Medium-Heavy,3,Rafaela Maria Pires Bertolot da Silva,GF Team
World IBJJF Jiu-Jitsu Championship ,2019,Adult,Black,Female,Heavy,3,Izadora Cristina Silva,Qatar BJJ Brasil
World IBJJF Jiu-Jitsu Championship ,2019,Adult,Black,Female,Heavy,3,Talita Andrea Nogueira,Ns Brotherhood
World IBJJF Jiu-Jitsu Championship ,2019,Adult,Black,Female,Super-Heavy,3,Alison Victoria Tremblay,Brazilian Top Team
World IBJJF Jiu-Jitsu Championship ,2019,Adult,Black,Female,Super-Heavy,3,Jessica da Silva Oliveira,Gracie Barra
World IBJJF Jiu-Jitsu Championship ,2019,Adult,Black,Female,Open Class,3,Ana Carolina Vieira Srour,GF Team
World IBJJF Jiu-Jitsu Championship ,2019,Adult,Black,Female,Open Class,3,Izadora Cristina Silva,Qatar BJJ Brasil
World IBJJF Jiu-Jitsu Championship ,2021,Adult,Black,Male,Rooster,1,Michael Musumeci Jr.,Pedigo Submission Fighting
World IBJJF Jiu-Jitsu Championship ,2021,Adult,Black,Male,Light-Feather,1,Diego Oliveira Batista,PSLPB Cicero Costha USA
World IBJJF Jiu-Jitsu Championship ,2021,Adult,Black,Male,Feather,1,Fabricio Andrey Batista  Junior,Fight Sports
World IBJJF Jiu-Jitsu Championship ,2021,Adult,Black,Male,Light,1,Renato Forasieppi Alves Canuto,CheckMat
World IBJJF Jiu-Jitsu Championship ,2021,Adult,Black,Male,Middle,1,Tainan Dalpra Costa,Art of Jiu Jitsu
World IBJJF Jiu-Jitsu Championship ,2021,Adult,Black,Male,Medium-Heavy,1,Gustavo Espindola Batista,Atos Jiu-Jitsu
World IBJJF Jiu-Jitsu Championship ,2021,Adult,Black,Male,Heavy,1,Kaynan Casemiro Duarte,Atos Jiu-Jitsu
World IBJJF Jiu-Jitsu Championship ,2021,Adult,Black,Male,Super-Heavy,1,Erich Munis dos Santos,Dream Art
World IBJJF Jiu-Jitsu Championship ,2021,Adult,Black,Male,Ultra-Heavy,1,Victor Hugo Costa Marques,Six Blades Jiu-Jitsu
World IBJJF Jiu-Jitsu Championship ,2021,Adult,Black,Male,Open Class,1,Fellipe Andrew Leandro Silva,Alliance
World IBJJF Jiu-Jitsu Championship ,2021,Adult,Black,Male,Rooster,2,Bruno da Silva Malfacine,Alliance
World IBJJF Jiu-Jitsu Championship ,2021,Adult,Black,Male,Light-Feather,2,Malachi James C. Edmond,Team Lloyd Irvin
World IBJJF Jiu-Jitsu Championship ,2021,Adult,Black,Male,Feather,2,Shane Jamil Hill-Taylor,Team Lloyd Irvin
World IBJJF Jiu-Jitsu Championship ,2021,Adult,Black,Male,Light,2,Matheus Gabriel Pinheiro Barros,CheckMat
World IBJJF Jiu-Jitsu Championship ,2021,Adult,Black,Male,Middle,2,Isaque Bahiense Braz,Dream Art
World IBJJF Jiu-Jitsu Championship ,2021,Adult,Black,Male,Medium-Heavy,2,Lucas Daniel Silva Barbosa,Atos Jiu-Jitsu
World IBJJF Jiu-Jitsu Championship ,2021,Adult,Black,Male,Heavy,2,Luan Azevedo Lima,PSLPB Cicero Costha USA
World IBJJF Jiu-Jitsu Championship ,2021,Adult,Black,Male,Super-Heavy,2,Fellipe Andrew Leandro Silva,Alliance
World IBJJF Jiu-Jitsu Championship ,2021,Adult,Black,Male,Ultra-Heavy,2,Max dos Santos Gimenis,GF Team
World IBJJF Jiu-Jitsu Championship ,2021,Adult,Black,Male,Rooster,3,Francisco Jonas Borges Andrade,PSLPB Cicero Costha USA
World IBJJF Jiu-Jitsu Championship ,2021,Adult,Black,Male,Rooster,3,Rodnei Barbosa Gabriel Jr.,Qatar BJJ Brasil
World IBJJF Jiu-Jitsu Championship ,2021,Adult,Black,Male,Light-Feather,3,Meyram Maquiné Alves,Dream Art
World IBJJF Jiu-Jitsu Championship ,2021,Adult,Black,Male,Light-Feather,3,Rene Eduardo Lopez,Jiu-Jitsu Methods
World IBJJF Jiu-Jitsu Championship ,2021,Adult,Black,Male,Feather,3,Alexssandro Pinto Sodré,Nova União
World IBJJF Jiu-Jitsu Championship ,2021,Adult,Black,Male,Feather,3,Raimundo Diego Pinto Sodre,Nova União
World IBJJF Jiu-Jitsu Championship ,2021,Adult,Black,Male,Light,3,Lucas Sette C. Valente Tobias,Gracie Barra
World IBJJF Jiu-Jitsu Championship ,2021,Adult,Black,Male,Light,3,Murilo Guimarães do Amaral,Alliance
World IBJJF Jiu-Jitsu Championship ,2021,Adult,Black,Male,Middle,3,Jonnatas Gracie Araujo da Silva,Atos Jiu-Jitsu
World IBJJF Jiu-Jitsu Championship ,2021,Adult,Black,Male,Middle,3,Tommy Lilleskog Langaker,Nova União
World IBJJF Jiu-Jitsu Championship ,2021,Adult,Black,Male,Medium-Heavy,3,André Luiz Novaes Porfirio,Fight Sports
World IBJJF Jiu-Jitsu Championship ,2021,Adult,Black,Male,Medium-Heavy,3,Leandro Lo Pereira do Nascimento,Unity Jiu-jitsu
World IBJJF Jiu-Jitsu Championship ,2021,Adult,Black,Male,Heavy,3,Dimitrius Soares Souza,Alliance
World IBJJF Jiu-Jitsu Championship ,2021,Adult,Black,Male,Heavy,3,Gabriel Henrique dos S. Oliveira,Alliance
World IBJJF Jiu-Jitsu Championship ,2021,Adult,Black,Male,Super-Heavy,3,Devhonte M. Johnson,Unity Jiu-jitsu
World IBJJF Jiu-Jitsu Championship ,2021,Adult,Black,Male,Super-Heavy,3,Harryson Santana Pereira,Ataque Duplo
World IBJJF Jiu-Jitsu Championship ,2021,Adult,Black,Male,Ultra-Heavy,3,Igor Gregório Schneider,Dream Art
World IBJJF Jiu-Jitsu Championship ,2021,Adult,Black,Male,Open Class,3,Kaynan Casemiro Duarte,Atos Jiu-Jitsu
World IBJJF Jiu-Jitsu Championship ,2021,Adult,Black,Male,Open Class,3,Max dos Santos Gimenis,GF Team
World IBJJF Jiu-Jitsu Championship ,2021,Adult,Black,Female,Rooster,1,Mayssa Caldas Pereira Bastos,GF Team
World IBJJF Jiu-Jitsu Championship ,2021,Adult,Black,Female,Light-Feather,1,Ana Cristina Araujo Rodrigues,Dream Art
World IBJJF Jiu-Jitsu Championship ,2021,Adult,Black,Female,Feather,1,Gabrielle McComb Lima,Atos Jiu-Jitsu
World IBJJF Jiu-Jitsu Championship ,2021,Adult,Black,Female,Light,1,Beatriz de Oliveira Mesquita,Gracie Humaita
World IBJJF Jiu-Jitsu Championship ,2021,Adult,Black,Female,Middle,1,Andressa Mezari Cintra,Gracie Barra
World IBJJF Jiu-Jitsu Championship ,2021,Adult,Black,Female,Medium-Heavy,1,Ana Carolina Vieira Srour,Aviv Jiu-Jitsu
World IBJJF Jiu-Jitsu Championship ,2021,Adult,Black,Female,Heavy,1,Melissa Stricker Cueto,Alliance
World IBJJF Jiu-Jitsu Championship ,2021,Adult,Black,Female,Super-Heavy,1,Gabrieli Pessanha de Souza Marinho,Infight JJ
World IBJJF Jiu-Jitsu Championship ,2021,Adult,Black,Female,Open Class,1,Gabrieli Pessanha de Souza Marinho,Infight JJ
World IBJJF Jiu-Jitsu Championship ,2021,Adult,Black,Female,Rooster,2,Jessica Caroline Coelho Dantas,Caio Terra Association Brasil
World IBJJF Jiu-Jitsu Championship ,2021,Adult,Black,Female,Light-Feather,2,Tammi Alana Musumeci,Pedigo Submission Fighting
World IBJJF Jiu-Jitsu Championship ,2021,Adult,Black,Female,Feather,2,Bianca Barbosa Basilio,Atos Jiu-Jitsu
World IBJJF Jiu-Jitsu Championship ,2021,Adult,Black,Female,Light,2,Luiza Monteiro Moura da Costa,Atos Jiu-Jitsu
World IBJJF Jiu-Jitsu Championship ,2021,Adult,Black,Female,Middle,2,Thamara Ferreira Silva,Guigo JJ
World IBJJF Jiu-Jitsu Championship ,2021,Adult,Black,Female,Medium-Heavy,2,Elisabeth Ann Clay,Ares BJJ
World IBJJF Jiu-Jitsu Championship ,2021,Adult,Black,Female,Heavy,2,Izadora Cristina Silva,Dream Art
World IBJJF Jiu-Jitsu Championship ,2021,Adult,Black,Female,Super-Heavy,2,Yara Soares do Nascimento,Dream Art
World IBJJF Jiu-Jitsu Championship ,2021,Adult,Black,Female,Open Class,2,Yara Soares do Nascimento,Dream Art
World IBJJF Jiu-Jitsu Championship ,2021,Adult,Black,Female,Rooster,3,Brenda Larissa Alves da Silva,Fight Sports
World IBJJF Jiu-Jitsu Championship ,2021,Adult,Black,Female,Rooster,3,Serena Gabrielli,Flow
World IBJJF Jiu-Jitsu Championship ,2021,Adult,Black,Female,Light-Feather,3,Jessamine Jada Khan,Art of Jiu Jitsu
World IBJJF Jiu-Jitsu Championship ,2021,Adult,Black,Female,Light-Feather,3,Rose-Marie el Sharouni,CheckMat
World IBJJF Jiu-Jitsu Championship ,2021,Adult,Black,Female,Feather,3,Gabriela Meireles Fechter,CheckMat
World IBJJF Jiu-Jitsu Championship ,2021,Adult,Black,Female,Feather,3,Larissa Campos Carvalho,Gracie Humaita
World IBJJF Jiu-Jitsu Championship ,2021,Adult,Black,Female,Light,3,Margot Ciccarelli,Unity Jiu-jitsu
World IBJJF Jiu-Jitsu Championship ,2021,Adult,Black,Female,Light,3,Nathalie Wan Soares Veras Ribeiro,CheckMat
World IBJJF Jiu-Jitsu Championship ,2021,Adult,Black,Female,Middle,3,Claire North,TAC Team BJJ
World IBJJF Jiu-Jitsu Championship ,2021,Adult,Black,Female,Middle,3,Raquel Dayne Kaleialoha Paaluhi,CheckMat
World IBJJF Jiu-Jitsu Championship ,2021,Adult,Black,Female,Medium-Heavy,3,Chloé  McNally,Unity Jiu-jitsu
World IBJJF Jiu-Jitsu Championship ,2021,Adult,Black,Female,Medium-Heavy,3,Fernanda Yukari Makiyama Cristo,Evox BJJ
World IBJJF Jiu-Jitsu Championship ,2021,Adult,Black,Female,Heavy,3,Maggie Grindatti,Fight Sports
World IBJJF Jiu-Jitsu Championship ,2021,Adult,Black,Female,Heavy,3,Maria Malyjasiak,Abmar Barbosa Association
World IBJJF Jiu-Jitsu Championship ,2021,Adult,Black,Female,Super-Heavy,3,Gabrielle Lemos Garcia,Alliance
World IBJJF Jiu-Jitsu Championship ,2021,Adult,Black,Female,Super-Heavy,3,Mayara Monteiro Custódio,CheckMat
World IBJJF Jiu-Jitsu Championship ,2021,Adult,Black,Female,Open Class,3,Beatriz de Oliveira Mesquita,Gracie Humaita
World IBJJF Jiu-Jitsu Championship ,2021,Adult,Black,Female,Open Class,3,Gabrielle Lemos Garcia,Alliance
World IBJJF Jiu-Jitsu Championship ,2022,Adult,Black,Male,Rooster,1,Thalison Vitorino Soares,AOJ
World IBJJF Jiu-Jitsu Championship ,2022,Adult,Black,Male,Light-Feather,1,Meyram Maquiné Alves,DreamArt
World IBJJF Jiu-Jitsu Championship ,2022,Adult,Black,Male,Feather,1,Isaac Nolan Doederlein,Alliance
World IBJJF Jiu-Jitsu Championship ,2022,Adult,Black,Male,Light,1,Tye Ruotolo,Atos Jiu-Jitsu
World IBJJF Jiu-Jitsu Championship ,2022,Adult,Black,Male,Middle,1,Tainan Dalpra Costa,AOJ
World IBJJF Jiu-Jitsu Championship ,2022,Adult,Black,Male,Medium-Heavy,1,Leandro Lo Pereira do Nascimento,Ns Brotherhood
World IBJJF Jiu-Jitsu Championship ,2022,Adult,Black,Male,Heavy,1,Kaynan Casemiro Duarte,Atos Jiu-Jitsu
World IBJJF Jiu-Jitsu Championship ,2022,Adult,Black,Male,Super-Heavy,1,Erich Munis dos Santos,DreamArt
World IBJJF Jiu-Jitsu Championship ,2022,Adult,Black,Male,Ultra-Heavy,1,Victor Hugo Costa Marques,Six Blades Jiu-Jitsu
World IBJJF Jiu-Jitsu Championship ,2022,Adult,Black,Male,Open Class,1,Nicholas de Barcellos Meregali,DreamArt
World IBJJF Jiu-Jitsu Championship ,2022,Adult,Black,Male,Rooster,2,Carlos Alberto Oliveira da Silva,GF Team
World IBJJF Jiu-Jitsu Championship ,2022,Adult,Black,Male,Light-Feather,2,Diego Oliveira Batista,DreamArt
World IBJJF Jiu-Jitsu Championship ,2022,Adult,Black,Male,Feather,2,Raimundo Diego Pinto Sodre,Nova União
World IBJJF Jiu-Jitsu Championship ,2022,Adult,Black,Male,Light,2,Jonnatas Gracie Araujo da Silva,Atos Jiu-Jitsu
World IBJJF Jiu-Jitsu Championship ,2022,Adult,Black,Male,Middle,2,Andy Tomas Murasaki Pereira,Atos Jiu-Jitsu
World IBJJF Jiu-Jitsu Championship ,2022,Adult,Black,Male,Medium-Heavy,2,Isaque Bahiense Braz,DreamArt
World IBJJF Jiu-Jitsu Championship ,2022,Adult,Black,Male,Heavy,2,Dimitrius Soares Souza,Alliance
World IBJJF Jiu-Jitsu Championship ,2022,Adult,Black,Male,Super-Heavy,2,Nicholas de Barcellos Meregali,DreamArt
World IBJJF Jiu-Jitsu Championship ,2022,Adult,Black,Male,Ultra-Heavy,2,Gutemberg de Jesus Santos Pereira,GF Team
World IBJJF Jiu-Jitsu Championship ,2022,Adult,Black,Male,Open Class,2,Erich Munis dos Santos,DreamArt
World IBJJF Jiu-Jitsu Championship ,2022,Adult,Black,Male,Rooster,3,Cleber de Sousa Fernandes,Atos Jiu-Jitsu
World IBJJF Jiu-Jitsu Championship ,2022,Adult,Black,Male,Rooster,3,Rodnei Barbosa Gabriel Jr.,Qatar BJJ / Vision Brasil
World IBJJF Jiu-Jitsu Championship ,2022,Adult,Black,Male,Light-Feather,3,Diogo Pinheiro dos Reis,Fight Sports
World IBJJF Jiu-Jitsu Championship ,2022,Adult,Black,Male,Light-Feather,3,Hiago George Santos Silva,Cicero Costha Internacional
World IBJJF Jiu-Jitsu Championship ,2022,Adult,Black,Male,Feather,3,Daniel Joseph Maira,Movement Art
World IBJJF Jiu-Jitsu Championship ,2022,Adult,Black,Male,Feather,3,Samuel A. Nagai Hatchwell,CheckMat
World IBJJF Jiu-Jitsu Championship ,2022,Adult,Black,Male,Light,3,Lucas Sette C. Valente Tobias,Gracie Barra
World IBJJF Jiu-Jitsu Championship ,2022,Adult,Black,Male,Light,3,Matheus Gabriel Pinheiro Barros,CheckMat
World IBJJF Jiu-Jitsu Championship ,2022,Adult,Black,Male,Middle,3,Ronaldo Pereira de Souza Júnior,Atos Jiu-Jitsu
World IBJJF Jiu-Jitsu Championship ,2022,Adult,Black,Male,Middle,3,Tommy Lilleskog Langaker,Nova União
World IBJJF Jiu-Jitsu Championship ,2022,Adult,Black,Male,Medium-Heavy,3,Bruno Filipe Santos Lima,Alexandre Machado Association - AMA Jiu-Jitsu Team
World IBJJF Jiu-Jitsu Championship ,2022,Adult,Black,Male,Medium-Heavy,3,Gustavo Espindola Batista,Atos Jiu-Jitsu
World IBJJF Jiu-Jitsu Championship ,2022,Adult,Black,Male,Heavy,3,Pedro Henrique Pinheiro Machado de Souza,Atos Jiu-Jitsu
World IBJJF Jiu-Jitsu Championship ,2022,Adult,Black,Male,Heavy,3,Rider Zuchi Samelo do Amaral,Ns Brotherhood
World IBJJF Jiu-Jitsu Championship ,2022,Adult,Black,Male,Super-Heavy,3,Fellipe Andrew Leandro Silva,Alliance
World IBJJF Jiu-Jitsu Championship ,2022,Adult,Black,Male,Super-Heavy,3,Marcus Vinicius Ribeiro de Siqueira,Alliance
World IBJJF Jiu-Jitsu Championship ,2022,Adult,Black,Male,Ultra-Heavy,3,Guilherme Soares Santos,Alliance
World IBJJF Jiu-Jitsu Championship ,2022,Adult,Black,Male,Ultra-Heavy,3,Wallace Costa da Silveira,GF Team
World IBJJF Jiu-Jitsu Championship ,2022,Adult,Black,Male,Open Class,3,Fellipe Andrew Leandro Silva,Alliance
World IBJJF Jiu-Jitsu Championship ,2022,Adult,Black,Male,Open Class,3,Gustavo Espindola Batista,Atos Jiu-Jitsu
World IBJJF Jiu-Jitsu Championship ,2022,Adult,Black,Female,Rooster,1,Mayssa Caldas Pereira Bastos,Unity Jiu-jitsu
World IBJJF Jiu-Jitsu Championship ,2022,Adult,Black,Female,Light-Feather,1,Ana Cristina Araujo Rodrigues,DreamArt
World IBJJF Jiu-Jitsu Championship ,2022,Adult,Black,Female,Feather,1,Bianca Barbosa Basilio,Atos Jiu-Jitsu
World IBJJF Jiu-Jitsu Championship ,2022,Adult,Black,Female,Light,1,Ffion Eira Davies,Atos Jiu-Jitsu
World IBJJF Jiu-Jitsu Championship ,2022,Adult,Black,Female,Middle,1,Andressa Mezari Cintra,Gracie Barra
World IBJJF Jiu-Jitsu Championship ,2022,Adult,Black,Female,Medium-Heavy,1,Ana Carolina Vieira Srour,Aviv Jiu-Jitsu
World IBJJF Jiu-Jitsu Championship ,2022,Adult,Black,Female,Heavy,1,Larissa Dias de Almeida,MJN Jiu-Jitsu
World IBJJF Jiu-Jitsu Championship ,2022,Adult,Black,Female,Super-Heavy,1,Gabrieli Pessanha de Souza Marinho,Infight JJ
World IBJJF Jiu-Jitsu Championship ,2022,Adult,Black,Female,Open Class,1,Gabrieli Pessanha de Souza Marinho,Infight JJ
World IBJJF Jiu-Jitsu Championship ,2022,Adult,Black,Female,Rooster,2,Brenda Larissa Alves da Silva,Fight Sports
World IBJJF Jiu-Jitsu Championship ,2022,Adult,Black,Female,Light-Feather,2,Tammi Alana Musumeci,Pedigo Submission Fighting
World IBJJF Jiu-Jitsu Championship ,2022,Adult,Black,Female,Feather,2,Amanda Monteiro Canuto,GF Team
World IBJJF Jiu-Jitsu Championship ,2022,Adult,Black,Female,Light,2,Janaina Maia de Menezes,Gracie Humaita
World IBJJF Jiu-Jitsu Championship ,2022,Adult,Black,Female,Middle,2,Thalyta Stefhane Lima Silva,Qatar BJJ / Vision
World IBJJF Jiu-Jitsu Championship ,2022,Adult,Black,Female,Medium-Heavy,2,Luciana Mota Castelo Branco,Alliance
World IBJJF Jiu-Jitsu Championship ,2022,Adult,Black,Female,Heavy,2,Rafaela Ribeiro Guedes,Atos Jiu-Jitsu
World IBJJF Jiu-Jitsu Championship ,2022,Adult,Black,Female,Super-Heavy,2,Yara Soares do Nascimento,DreamArt
World IBJJF Jiu-Jitsu Championship ,2022,Adult,Black,Female,Open Class,2,Amy Scot Campo,Zenith BJJ
World IBJJF Jiu-Jitsu Championship ,2022,Adult,Black,Female,Rooster,3,Jhenifer Diogenes de Aquino,Atos Jiu-Jitsu
World IBJJF Jiu-Jitsu Championship ,2022,Adult,Black,Female,Rooster,3,Serena Gabrielli,Flow
World IBJJF Jiu-Jitsu Championship ,2022,Adult,Black,Female,Light-Feather,3,Rose-Marie El Sharouni,CheckMat
World IBJJF Jiu-Jitsu Championship ,2022,Adult,Black,Female,Light-Feather,3,Thamires Diógenes de Aquino,GF Team
World IBJJF Jiu-Jitsu Championship ,2022,Adult,Black,Female,Feather,3,Gabriela Andrelevicius Pereira,Qatar BJJ / Vision Brasil
World IBJJF Jiu-Jitsu Championship ,2022,Adult,Black,Female,Feather,3,Gabriela Meireles Fechter,CheckMat
World IBJJF Jiu-Jitsu Championship ,2022,Adult,Black,Female,Light,3,Margot Ciccarelli,Unity Jiu-jitsu
World IBJJF Jiu-Jitsu Championship ,2022,Adult,Black,Female,Light,3,Nathalie Wan Soares Veras Ribeiro,CheckMat
World IBJJF Jiu-Jitsu Championship ,2022,Adult,Black,Female,Middle,3,Chloé Michelle McNally,Unity Jiu-jitsu
World IBJJF Jiu-Jitsu Championship ,2022,Adult,Black,Female,Middle,3,Thamara Ferreira Silva,Guigo JJ
World IBJJF Jiu-Jitsu Championship ,2022,Adult,Black,Female,Medium-Heavy,3,Fernanda Yukari Makiyama Cristo,Evox BJJ
World IBJJF Jiu-Jitsu Championship ,2022,Adult,Black,Female,Medium-Heavy,3,Ingridd Alves de Sousa,Guigo JJ
World IBJJF Jiu-Jitsu Championship ,2022,Adult,Black,Female,Heavy,3,Fernanda Mazzelli Almeida Maio,Striker JJ
World IBJJF Jiu-Jitsu Championship ,2022,Adult,Black,Female,Heavy,3,Melissa Stricker Cueto,Alliance
World IBJJF Jiu-Jitsu Championship ,2022,Adult,Black,Female,Super-Heavy,3,Claire-France Thevenon,Panda Supa Crew
World IBJJF Jiu-Jitsu Championship ,2022,Adult,Black,Female,Super-Heavy,3,Mayara Monteiro Custódio,CheckMat
World IBJJF Jiu-Jitsu Championship ,2022,Adult,Black,Female,Open Class,3,Ana Carolina Vieira Srour,Aviv Jiu-Jitsu
World IBJJF Jiu-Jitsu Championship ,2022,Adult,Black,Female,Open Class,3,Rafaela Ribeiro Guedes,Atos Jiu-Jitsu
World IBJJF Jiu-Jitsu Championship ,2023,Adult,Black,Male,Rooster,1,Lucas dos Santos Pinheiro,Atos Jiu-Jitsu
World IBJJF Jiu-Jitsu Championship ,2023,Adult,Black,Male,Light-Feather,1,Diego Oliveira Batista,AOJ
World IBJJF Jiu-Jitsu Championship ,2023,Adult,Black,Male,Feather,1,Samuel A. Nagai Hatchwell,CheckMat
World IBJJF Jiu-Jitsu Championship ,2023,Adult,Black,Male,Light,1,Johnatha Barbosa Alves,AOJ
World IBJJF Jiu-Jitsu Championship ,2023,Adult,Black,Male,Middle,1,Jansen Gomes Ramos,CheckMat
World IBJJF Jiu-Jitsu Championship ,2023,Adult,Black,Male,Medium-Heavy,1,Gustavo Espindola Batista,Atos Jiu-Jitsu
World IBJJF Jiu-Jitsu Championship ,2023,Adult,Black,Male,Heavy,1,Fellipe Andrew Leandro Silva,Alliance
World IBJJF Jiu-Jitsu Championship ,2023,Adult,Black,Male,Super-Heavy,1,Erich Munis dos Santos,Fratres Brazilian Jiu-Jitsu
World IBJJF Jiu-Jitsu Championship ,2023,Adult,Black,Male,Ultra-Heavy,1,Victor Hugo Costa Marques,Six Blades Jiu-Jitsu
World IBJJF Jiu-Jitsu Championship ,2023,Adult,Black,Male,Open Class,1,Victor Hugo Costa Marques,Six Blades Jiu-Jitsu
World IBJJF Jiu-Jitsu Championship ,2023,Adult,Black,Male,Rooster,2,Thalison Vitorino Soares,AOJ
World IBJJF Jiu-Jitsu Championship ,2023,Adult,Black,Male,Light-Feather,2,Meyram Maquiné Alves,Fratres Brazilian Jiu-Jitsu
World IBJJF Jiu-Jitsu Championship ,2023,Adult,Black,Male,Feather,2,Raimundo Diego Pinto Sodre,Nova União
World IBJJF Jiu-Jitsu Championship ,2023,Adult,Black,Male,Light,2,Pedro Henrique Maia Costa,ESCOLA DE JIU JITSU WF
World IBJJF Jiu-Jitsu Championship ,2023,Adult,Black,Male,Middle,2,Tainan Dalpra Costa,AOJ
World IBJJF Jiu-Jitsu Championship ,2023,Adult,Black,Male,Medium-Heavy,2,Andy Tomas Murasaki Pereira,Atos Jiu-Jitsu
World IBJJF Jiu-Jitsu Championship ,2023,Adult,Black,Male,Heavy,2,Pedro Henrique Pinheiro Machado de Souza,Atos Jiu-Jitsu
World IBJJF Jiu-Jitsu Championship ,2023,Adult,Black,Male,Super-Heavy,2,Kaynan Casemiro Duarte,Atos Jiu-Jitsu
World IBJJF Jiu-Jitsu Championship ,2023,Adult,Black,Male,Ultra-Heavy,2,Marcus Vinicius Ribeiro de Siqueira,Alliance
World IBJJF Jiu-Jitsu Championship ,2023,Adult,Black,Male,Open Class,2,Erich Munis dos Santos,Fratres Brazilian Jiu-Jitsu
World IBJJF Jiu-Jitsu Championship ,2023,Adult,Black,Male,Rooster,3,Carlos Alberto Oliveira da Silva,GF Team
World IBJJF Jiu-Jitsu Championship ,2023,Adult,Black,Male,Rooster,3,Roiter Lima Silva Junior,Gracie Barra
World IBJJF Jiu-Jitsu Championship ,2023,Adult,Black,Male,Light-Feather,3,Cleber de Sousa Fernandes,Atos Jiu-Jitsu
World IBJJF Jiu-Jitsu Championship ,2023,Adult,Black,Male,Light-Feather,3,Diogo Pinheiro dos Reis,Melqui Galvão Jiu-Jitsu
World IBJJF Jiu-Jitsu Championship ,2023,Adult,Black,Male,Feather,3,Fabricio Andrey Batista  Junior,Melqui Galvão Jiu-Jitsu
World IBJJF Jiu-Jitsu Championship ,2023,Adult,Black,Male,Feather,3,Isaac Nolan Doederlein,Alliance
World IBJJF Jiu-Jitsu Championship ,2023,Adult,Black,Male,Light,3,Jackson Nagai Hatchwell Junior,CheckMat
World IBJJF Jiu-Jitsu Championship ,2023,Adult,Black,Male,Light,3,Murilo Guimarães do Amaral,Alliance
World IBJJF Jiu-Jitsu Championship ,2023,Adult,Black,Male,Middle,3,Rolando Villanueva Samson,Atos Jiu-Jitsu
World IBJJF Jiu-Jitsu Championship ,2023,Adult,Black,Male,Middle,3,Tye Ruotolo,Atos Jiu-Jitsu
World IBJJF Jiu-Jitsu Championship ,2023,Adult,Black,Male,Medium-Heavy,3,Isaque Bahiense Braz,DreamArt
World IBJJF Jiu-Jitsu Championship ,2023,Adult,Black,Male,Medium-Heavy,3,Sebastian Rodriguez Williams,Unity Jiu-jitsu
World IBJJF Jiu-Jitsu Championship ,2023,Adult,Black,Male,Heavy,3,Dimitrius Soares Souza,Alliance
World IBJJF Jiu-Jitsu Championship ,2023,Adult,Black,Male,Heavy,3,Rider Zuchi Samelo do Amaral,Fratres Brazilian Jiu-Jitsu
World IBJJF Jiu-Jitsu Championship ,2023,Adult,Black,Male,Super-Heavy,3,Cássio Felipe Sousa Costa,Six Blades Jiu-Jitsu
World IBJJF Jiu-Jitsu Championship ,2023,Adult,Black,Male,Super-Heavy,3,Gutemberg de Jesus Santos Pereira,GF Team
World IBJJF Jiu-Jitsu Championship ,2023,Adult,Black,Male,Ultra-Heavy,3,Alexander Riis H. Trans,GF Team International
World IBJJF Jiu-Jitsu Championship ,2023,Adult,Black,Male,Ultra-Heavy,3,Guilherme Soares Santos,Alliance
World IBJJF Jiu-Jitsu Championship ,2023,Adult,Black,Male,Open Class,3,Kaynan Casemiro Duarte,Atos Jiu-Jitsu
World IBJJF Jiu-Jitsu Championship ,2023,Adult,Black,Male,Open Class,3,Paulo Henrique Merlin,Gracie Barra
World IBJJF Jiu-Jitsu Championship ,2023,Adult,Black,Female,Rooster,1,Mayssa Caldas Pereira Bastos,AOJ
World IBJJF Jiu-Jitsu Championship ,2023,Adult,Black,Female,Light-Feather,1,Jessamine Jada Kaina,AOJ
World IBJJF Jiu-Jitsu Championship ,2023,Adult,Black,Female,Feather,1,Bianca Barbosa Basilio,Atos Jiu-Jitsu
World IBJJF Jiu-Jitsu Championship ,2023,Adult,Black,Female,Light,1,Ffion Eira Davies,Atos Jiu-Jitsu
World IBJJF Jiu-Jitsu Championship ,2023,Adult,Black,Female,Middle,1,Andressa Mezari Cintra,Gracie Barra
World IBJJF Jiu-Jitsu Championship ,2023,Adult,Black,Female,Medium-Heavy,1,Amy Scot Campo,Zenith BJJ
World IBJJF Jiu-Jitsu Championship ,2023,Adult,Black,Female,Heavy,1,Melissa Stricker Cueto,Alliance
World IBJJF Jiu-Jitsu Championship ,2023,Adult,Black,Female,Super-Heavy,1,Gabrieli Pessanha de Souza Marinho,Infight JJ
World IBJJF Jiu-Jitsu Championship ,2023,Adult,Black,Female,Open Class,1,Gabrieli Pessanha de Souza Marinho,Infight JJ
World IBJJF Jiu-Jitsu Championship ,2023,Adult,Black,Female,Rooster,2,Jhenifer Diogenes de Aquino,Atos Jiu-Jitsu
World IBJJF Jiu-Jitsu Championship ,2023,Adult,Black,Female,Light-Feather,2,Thamires Diógenes de Aquino,GF Team
World IBJJF Jiu-Jitsu Championship ,2023,Adult,Black,Female,Feather,2,Ana Cristina Araujo Rodrigues,DreamArt
World IBJJF Jiu-Jitsu Championship ,2023,Adult,Black,Female,Light,2,Janaina Maia de Menezes,Gracie Humaita
World IBJJF Jiu-Jitsu Championship ,2023,Adult,Black,Female,Middle,2,Thalyta Stefhane Lima Silva,Fratres Brazilian Jiu-Jitsu
World IBJJF Jiu-Jitsu Championship ,2023,Adult,Black,Female,Medium-Heavy,2,Maria Malgorzata Malyjasiak,Abmar Barbosa Association
World IBJJF Jiu-Jitsu Championship ,2023,Adult,Black,Female,Heavy,2,Larissa Dias de Almeida,R1NG BJJ
World IBJJF Jiu-Jitsu Championship ,2023,Adult,Black,Female,Super-Heavy,2,Mayara Monteiro Custódio,CheckMat
World IBJJF Jiu-Jitsu Championship ,2023,Adult,Black,Female,Open Class,2,Ana Carolina Vieira Srour,Aviv Jiu-Jitsu
World IBJJF Jiu-Jitsu Championship ,2023,Adult,Black,Female,Rooster,3,Brenda Larissa Alves da Silva,Melqui Galvão Jiu-Jitsu
World IBJJF Jiu-Jitsu Championship ,2023,Adult,Black,Female,Rooster,3,Mariana Cabral Rolszt,Gracie Humaita
World IBJJF Jiu-Jitsu Championship ,2023,Adult,Black,Female,Light-Feather,3,Jessica Caroline Coelho Dantas,R1NG BJJ
World IBJJF Jiu-Jitsu Championship ,2023,Adult,Black,Female,Light-Feather,3,Rose-Marie El Sharouni,CheckMat
World IBJJF Jiu-Jitsu Championship ,2023,Adult,Black,Female,Feather,3,Gabriela Andrelevicius Pereira,Qatar BJJ / Vision Brasil
World IBJJF Jiu-Jitsu Championship ,2023,Adult,Black,Female,Feather,3,Margot Ciccarelli,AOJ
World IBJJF Jiu-Jitsu Championship ,2023,Adult,Black,Female,Light,3,Brianna Ste-Marie,Brazilian Top Team
World IBJJF Jiu-Jitsu Championship ,2023,Adult,Black,Female,Light,3,Luciane dos Santos Silva,CheckMat
World IBJJF Jiu-Jitsu Championship ,2023,Adult,Black,Female,Middle,3,Thamara Ferreira Silva,Brasa CTA
World IBJJF Jiu-Jitsu Championship ,2023,Adult,Black,Female,Middle,3,Vannessa Nancy Griffin,Team Lloyd Irvin
World IBJJF Jiu-Jitsu Championship ,2023,Adult,Black,Female,Medium-Heavy,3,Ana Carolina Vieira Srour,Aviv Jiu-Jitsu
World IBJJF Jiu-Jitsu Championship ,2023,Adult,Black,Female,Medium-Heavy,3,Aurélie Le Vern,Six Blades Jiu-Jitsu
World IBJJF Jiu-Jitsu Championship ,2023,Adult,Black,Female,Heavy,3,Nathiely Karoline Melo de Jesus,Rodrigo Pinheiro BJJ
World IBJJF Jiu-Jitsu Championship ,2023,Adult,Black,Female,Heavy,3,Tamiris Fernanda da Silva,DreamArt
World IBJJF Jiu-Jitsu Championship ,2023,Adult,Black,Female,Super-Heavy,3,Amanda Magda de Oliveira,Fratres Brazilian Jiu-Jitsu
World IBJJF Jiu-Jitsu Championship ,2023,Adult,Black,Female,Super-Heavy,3,Claire-France Thevenon,IFT
World IBJJF Jiu-Jitsu Championship ,2023,Adult,Black,Female,Open Class,3,Amy Scot Campo,Zenith BJJ
World IBJJF Jiu-Jitsu Championship ,2023,Adult,Black,Female,Open Class,3,Melissa Stricker Cueto,Alliance
World IBJJF Jiu-Jitsu Championship ,2024,Adult,Black,Male,Rooster,1,Carlos Alberto Oliveira da Silva,GF Team
World IBJJF Jiu-Jitsu Championship ,2024,Adult,Black,Male,Light-Feather,1,Diego Oliveira Batista,AOJ
World IBJJF Jiu-Jitsu Championship ,2024,Adult,Black,Male,Feather,1,Meyram Maquiné Alves,Fratres Brazilian Jiu-Jitsu
World IBJJF Jiu-Jitsu Championship ,2024,Adult,Black,Male,Light,1,Micael Ferreira Galvâo,Melqui Galvão Jiu-jitsu
World IBJJF Jiu-Jitsu Championship ,2024,Adult,Black,Male,Middle,1,Jackson Nagai Hatchwell Junior,CheckMat
World IBJJF Jiu-Jitsu Championship ,2024,Adult,Black,Male,Medium-Heavy,1,Gustavo Espindola Batista,Atos Jiu-Jitsu
World IBJJF Jiu-Jitsu Championship ,2024,Adult,Black,Male,Heavy,1,Adam Wardzinski,CheckMat
World IBJJF Jiu-Jitsu Championship ,2024,Adult,Black,Male,Super-Heavy,1,Anderson Munis dos Santos,Fratres Brazilian Jiu-Jitsu
World IBJJF Jiu-Jitsu Championship ,2024,Adult,Black,Male,Ultra-Heavy,1,Seif-Eddine Houmine,GF Team
World IBJJF Jiu-Jitsu Championship ,2024,Adult,Black,Male,Open Class,1,Erich Munis dos Santos,Fratres Brazilian Jiu-Jitsu
World IBJJF Jiu-Jitsu Championship ,2024,Adult,Black,Male,Rooster,2,Zayed Abdulnaser A A Alkatheeri,Alliance
World IBJJF Jiu-Jitsu Championship ,2024,Adult,Black,Male,Light-Feather,2,Francisco Jonas B. Andrade,Cicero Costha Internacional
World IBJJF Jiu-Jitsu Championship ,2024,Adult,Black,Male,Feather,2,Ademir Barreto de Araújo,GF Team
World IBJJF Jiu-Jitsu Championship ,2024,Adult,Black,Male,Light,2,Andy Tomas Murasaki Pereira,Atos Jiu-Jitsu
World IBJJF Jiu-Jitsu Championship ,2024,Adult,Black,Male,Middle,2,Francisco de Assis Lemos Lo,CheckMat
World IBJJF Jiu-Jitsu Championship ,2024,Adult,Black,Male,Medium-Heavy,2,Jansen Gomes Ramos,CheckMat
World IBJJF Jiu-Jitsu Championship ,2024,Adult,Black,Male,Heavy,2,Vinicius Liberati,Fratres Brazilian Jiu-Jitsu
World IBJJF Jiu-Jitsu Championship ,2024,Adult,Black,Male,Super-Heavy,2,Erich Munis dos Santos,Fratres Brazilian Jiu-Jitsu
World IBJJF Jiu-Jitsu Championship ,2024,Adult,Black,Male,Ultra-Heavy,2,Guilherme Augusto Soares Santos,Alliance
World IBJJF Jiu-Jitsu Championship ,2024,Adult,Black,Male,Open Class,2,Jansen Gomes Ramos,CheckMat
World IBJJF Jiu-Jitsu Championship ,2024,Adult,Black,Male,Rooster,3,Andrew Soares dos Santos,Vision
World IBJJF Jiu-Jitsu Championship ,2024,Adult,Black,Male,Rooster,3,Rodnei Barbosa Gabriel Jr.,CheckMat
World IBJJF Jiu-Jitsu Championship ,2024,Adult,Black,Male,Light-Feather,3,Keven Carrasco,Ares BJJ
World IBJJF Jiu-Jitsu Championship ,2024,Adult,Black,Male,Light-Feather,3,Matheus Rodrigues de Lima,Vision
World IBJJF Jiu-Jitsu Championship ,2024,Adult,Black,Male,Feather,3,Alexssandro Pinto Sodré,Nova União
World IBJJF Jiu-Jitsu Championship ,2024,Adult,Black,Male,Feather,3,Raimundo Diego Pinto Sodre,Nova União
World IBJJF Jiu-Jitsu Championship ,2024,Adult,Black,Male,Light,3,Luiz Paulo Carneiro Medeiros,Alliance
World IBJJF Jiu-Jitsu Championship ,2024,Adult,Black,Male,Light,3,Pedro Henrique Maia Costa,Six Blades Jiu-Jitsu
World IBJJF Jiu-Jitsu Championship ,2024,Adult,Black,Male,Middle,3,Jhonathan Marques Pessanha,Círculo De Jiu-Jitsu
World IBJJF Jiu-Jitsu Championship ,2024,Adult,Black,Male,Middle,3,Yan Lucas Cordeiro Paiva,Six Blades Jiu-Jitsu
World IBJJF Jiu-Jitsu Championship ,2024,Adult,Black,Male,Medium-Heavy,3,Isaque Bahiense Braz,DreamArt
World IBJJF Jiu-Jitsu Championship ,2024,Adult,Black,Male,Medium-Heavy,3,Ronaldo Pereira de Souza Júnior,Atos Jiu-Jitsu
World IBJJF Jiu-Jitsu Championship ,2024,Adult,Black,Male,Heavy,3,Paulo Henrique Merlin,Gracie Barra
World IBJJF Jiu-Jitsu Championship ,2024,Adult,Black,Male,Heavy,3,Rider Zuchi Samelo do Amaral,Fratres Brazilian Jiu-Jitsu
World IBJJF Jiu-Jitsu Championship ,2024,Adult,Black,Male,Super-Heavy,3,Harryson Santana Pereira,Ataque Duplo
World IBJJF Jiu-Jitsu Championship ,2024,Adult,Black,Male,Super-Heavy,3,Marcelo Gomide Oliveira,Syd Trinity Brazilian Jiu-Jitsu
World IBJJF Jiu-Jitsu Championship ,2024,Adult,Black,Male,Ultra-Heavy,3,Helder Jose Rodrigues Júnior,Atos Jiu-Jitsu
World IBJJF Jiu-Jitsu Championship ,2024,Adult,Black,Male,Ultra-Heavy,3,Kjetil Hope Lydvo,Frontline Academy
World IBJJF Jiu-Jitsu Championship ,2024,Adult,Black,Male,Open Class,3,Marcus Vinicius Ribeiro de Siqueira,Alliance
World IBJJF Jiu-Jitsu Championship ,2024,Adult,Black,Male,Open Class,3,Meyram Maquiné Alves,Fratres Brazilian Jiu-Jitsu
World IBJJF Jiu-Jitsu Championship ,2024,Adult,Black,Female,Rooster,1,Mayssa Caldas Pereira Bastos,AOJ
World IBJJF Jiu-Jitsu Championship ,2024,Adult,Black,Female,Light-Feather,1,Thamires Diógenes de Aquino,GF Team
World IBJJF Jiu-Jitsu Championship ,2024,Adult,Black,Female,Feather,1,Nathalie Wan Soares Veras Ribeiro,CheckMat
World IBJJF Jiu-Jitsu Championship ,2024,Adult,Black,Female,Light,1,Luiza Monteiro Moura da Costa,Atos Jiu-Jitsu
World IBJJF Jiu-Jitsu Championship ,2024,Adult,Black,Female,Middle,1,Andressa Mezari Cintra,Gracie Barra
World IBJJF Jiu-Jitsu Championship ,2024,Adult,Black,Female,Medium-Heavy,1,Thamara Ferreira Silva,Fratres Brazilian Jiu-Jitsu
World IBJJF Jiu-Jitsu Championship ,2024,Adult,Black,Female,Heavy,1,Tamiris Fernanda da Silva,DreamArt
World IBJJF Jiu-Jitsu Championship ,2024,Adult,Black,Female,Super-Heavy,1,Gabrieli Pessanha de Souza Marinho,Infight JJ
World IBJJF Jiu-Jitsu Championship ,2024,Adult,Black,Female,Open Class,1,Gabrieli Pessanha de Souza Marinho,Infight JJ
World IBJJF Jiu-Jitsu Championship ,2024,Adult,Black,Female,Rooster,2,Jhenifer Diogenes de Aquino,Atos Jiu-Jitsu
World IBJJF Jiu-Jitsu Championship ,2024,Adult,Black,Female,Light-Feather,2,Amanda Monteiro Canuto,GF Team
World IBJJF Jiu-Jitsu Championship ,2024,Adult,Black,Female,Feather,2,Ana Cristina Araujo Rodrigues,DreamArt
World IBJJF Jiu-Jitsu Championship ,2024,Adult,Black,Female,Light,2,Brianna Ste-Marie,Brazilian Top Team Int.
World IBJJF Jiu-Jitsu Championship ,2024,Adult,Black,Female,Middle,2,Larissa Martins dos Santos,DreamArt
World IBJJF Jiu-Jitsu Championship ,2024,Adult,Black,Female,Medium-Heavy,2,Maria Carolina Barón Vicentini,AOJ
World IBJJF Jiu-Jitsu Championship ,2024,Adult,Black,Female,Heavy,2,Amanda Magda de Oliveira,Fratres Brazilian Jiu-Jitsu
World IBJJF Jiu-Jitsu Championship ,2024,Adult,Black,Female,Super-Heavy,2,Yara Soares do Nascimento,Fratres Brazilian Jiu-Jitsu
World IBJJF Jiu-Jitsu Championship ,2024,Adult,Black,Female,Open Class,2,Yara Soares do Nascimento,Fratres Brazilian Jiu-Jitsu
World IBJJF Jiu-Jitsu Championship ,2024,Adult,Black,Female,Rooster,3,Ana Carolina de Andrade Lima Soares da Silva,AOJ
World IBJJF Jiu-Jitsu Championship ,2024,Adult,Black,Female,Rooster,3,Mariana Cabral Rolszt,Gracie Humaita South Bay
World IBJJF Jiu-Jitsu Championship ,2024,Adult,Black,Female,Light-Feather,3,Emily Rosalynn Nicholson,Art of Jiu Jitsu CM
World IBJJF Jiu-Jitsu Championship ,2024,Adult,Black,Female,Light-Feather,3,Jessica Caroline Coelho Dantas,Fratres Brazilian Jiu-Jitsu
World IBJJF Jiu-Jitsu Championship ,2024,Adult,Black,Female,Feather,3,Larissa Campos Carvalho,AOJ
World IBJJF Jiu-Jitsu Championship ,2024,Adult,Black,Female,Feather,3,Margot Ciccarelli,AOJ
World IBJJF Jiu-Jitsu Championship ,2024,Adult,Black,Female,Light,3,Jaine da Silva Fragoso,Atos JJ International
World IBJJF Jiu-Jitsu Championship ,2024,Adult,Black,Female,Light,3,Stéphanie Caroline Delphine Faure,CheckMat
World IBJJF Jiu-Jitsu Championship ,2024,Adult,Black,Female,Middle,3,Ingridd Alves de Sousa,DreamArt
World IBJJF Jiu-Jitsu Championship ,2024,Adult,Black,Female,Middle,3,Rebeca Ferreira de Lima,GF Team
World IBJJF Jiu-Jitsu Championship ,2024,Adult,Black,Female,Medium-Heavy,3,Amy Scot Campo,Zenith BJJ
World IBJJF Jiu-Jitsu Championship ,2024,Adult,Black,Female,Medium-Heavy,3,Salla Mari Simola,Hilti BJJ Turku
World IBJJF Jiu-Jitsu Championship ,2024,Adult,Black,Female,Heavy,3,Larissa Dias de Almeida,R1NG BJJ
World IBJJF Jiu-Jitsu Championship ,2024,Adult,Black,Female,Heavy,3,Melissa Stricker Cueto,Alliance
World IBJJF Jiu-Jitsu Championship ,2024,Adult,Black,Female,Super-Heavy,3,Maryanna Santos Cardoso,CheckMat
World IBJJF Jiu-Jitsu Championship ,2024,Adult,Black,Female,Super-Heavy,3,Mayara Monteiro Custódio,CheckMat
World IBJJF Jiu-Jitsu Championship ,2024,Adult,Black,Female,Open Class,3,Amy Scot Campo,Zenith BJJ
World IBJJF Jiu-Jitsu Championship ,2024,Adult,Black,Female,Open Class,3,Maria Malgorzata Malyjasiak,Abmar Barbosa Association
World IBJJF Jiu-Jitsu Championship ,2025,Adult,Black,Male,Rooster,1,Michael Jalen B. Fonacier,Alliance
World IBJJF Jiu-Jitsu Championship ,2025,Adult,Black,Male,Light-Feather,1,Diego Oliveira Batista,AOJ
World IBJJF Jiu-Jitsu Championship ,2025,Adult,Black,Male,Feather,1,João Pedro Bueno Mendes,Atos Jiu-Jitsu
World IBJJF Jiu-Jitsu Championship ,2025,Adult,Black,Male,Light,1,Matheus Gabriel Pinheiro Barros,CheckMat
World IBJJF Jiu-Jitsu Championship ,2025,Adult,Black,Male,Middle,1,Tainan Dalpra Costa,AOJ
World IBJJF Jiu-Jitsu Championship ,2025,Adult,Black,Male,Medium-Heavy,1,Jansen Gomes Ramos,CheckMat
World IBJJF Jiu-Jitsu Championship ,2025,Adult,Black,Male,Heavy,1,Adam Piotr Wardzinski,CheckMat
World IBJJF Jiu-Jitsu Championship ,2025,Adult,Black,Male,Super-Heavy,1,Erich Munis dos Santos,Soldiers Jiu-Jitsu
World IBJJF Jiu-Jitsu Championship ,2025,Adult,Black,Male,Ultra-Heavy,1,Roosevelt Pereira Lima de Souza,Cascao Jiu-Jitsu
World IBJJF Jiu-Jitsu Championship ,2025,Adult,Black,Male,Open Class,1,Erich Munis dos Santos,Soldiers Jiu-Jitsu
World IBJJF Jiu-Jitsu Championship ,2025,Adult,Black,Male,Rooster,2,Carlos Alberto Oliveira da Silva,GF Team
World IBJJF Jiu-Jitsu Championship ,2025,Adult,Black,Male,Light-Feather,2,Diogo Pinheiro dos Reis,Melqui Galvão Jiu-Jitsu
World IBJJF Jiu-Jitsu Championship ,2025,Adult,Black,Male,Feather,2,Meyram Maquiné Alves,Soldiers Jiu-Jitsu
World IBJJF Jiu-Jitsu Championship ,2025,Adult,Black,Male,Light,2,Andy Tomas Murasaki Pereira,Atos Jiu-Jitsu
World IBJJF Jiu-Jitsu Championship ,2025,Adult,Black,Male,Middle,2,Rolando Villanueva Samson,Atos Jiu-Jitsu
World IBJJF Jiu-Jitsu Championship ,2025,Adult,Black,Male,Medium-Heavy,2,Gustavo Espindola Batista,Atos Jiu-Jitsu
World IBJJF Jiu-Jitsu Championship ,2025,Adult,Black,Male,Heavy,2,Leonardo Silveira Ferreira,Alliance
World IBJJF Jiu-Jitsu Championship ,2025,Adult,Black,Male,Super-Heavy,2,Nolan Patrick Braga Stuart,Brea Jiu-Jitsu
World IBJJF Jiu-Jitsu Championship ,2025,Adult,Black,Male,Ultra-Heavy,2,Gutemberg de Jesus Santos Pereira,AOJ
World IBJJF Jiu-Jitsu Championship ,2025,Adult,Black,Male,Open Class,2,Gutemberg de Jesus Santos Pereira,AOJ
World IBJJF Jiu-Jitsu Championship ,2025,Adult,Black,Male,Rooster,3,Rodnei Barbosa Gabriel Jr.,CheckMat
World IBJJF Jiu-Jitsu Championship ,2025,Adult,Black,Male,Rooster,3,Thalison Vitorino Soares,AOJ
World IBJJF Jiu-Jitsu Championship ,2025,Adult,Black,Male,Light-Feather,3,Leonardo Mário Pereira Júnior,Alliance
World IBJJF Jiu-Jitsu Championship ,2025,Adult,Black,Male,Light-Feather,3,Shoya Ishiguro,Carpe Diem Mita
World IBJJF Jiu-Jitsu Championship ,2025,Adult,Black,Male,Feather,3,Cole Anthony Abate,AOJ
World IBJJF Jiu-Jitsu Championship ,2025,Adult,Black,Male,Feather,3,Raimundo Diego Pinto Sodre,Melqui Galvão Jiu-Jitsu
World IBJJF Jiu-Jitsu Championship ,2025,Adult,Black,Male,Light,3,Alexandre Joaquim de Jesus,Vision
World IBJJF Jiu-Jitsu Championship ,2025,Adult,Black,Male,Light,3,Leonardo Souza de Oliveira,Six Blades Jiu-Jitsu
World IBJJF Jiu-Jitsu Championship ,2025,Adult,Black,Male,Middle,3,Ronaldo Pereira de Souza Júnior,Atos Jiu-Jitsu
World IBJJF Jiu-Jitsu Championship ,2025,Adult,Black,Male,Middle,3,Yan Lucas Cordeiro Paiva,Six Blades Jiu-Jitsu
World IBJJF Jiu-Jitsu Championship ,2025,Adult,Black,Male,Medium-Heavy,3,Raul Barbosa Basílio,Atos Jiu-Jitsu
World IBJJF Jiu-Jitsu Championship ,2025,Adult,Black,Male,Medium-Heavy,3,Wallisson Oliveira Souza,Campeão United Jiu-Jitsu
World IBJJF Jiu-Jitsu Championship ,2025,Adult,Black,Male,Heavy,3,Pedro Henrique Pinheiro M. de Souza,Atos Jiu-Jitsu
World IBJJF Jiu-Jitsu Championship ,2025,Adult,Black,Male,Heavy,3,Rider Zuchi Samelo do Amaral,Fratres Jiu Jitsu Competition
World IBJJF Jiu-Jitsu Championship ,2025,Adult,Black,Male,Super-Heavy,3,Marcos Carrozzino,GF Team
World IBJJF Jiu-Jitsu Championship ,2025,Adult,Black,Male,Super-Heavy,3,Vinicius Liberati,Fratres Brazilian Jiu-Jitsu
World IBJJF Jiu-Jitsu Championship ,2025,Adult,Black,Male,Ultra-Heavy,3,Luis Fernando de Oliveira,Fratres Brazilian Jiu-Jitsu
World IBJJF Jiu-Jitsu Championship ,2025,Adult,Black,Male,Ultra-Heavy,3,Pedro Lucas Soares Ribeiro,DreamArt
World IBJJF Jiu-Jitsu Championship ,2025,Adult,Black,Male,Open Class,3,Luis Fernando de Oliveira,Fratres Brazilian Jiu-Jitsu
World IBJJF Jiu-Jitsu Championship ,2025,Adult,Black,Male,Open Class,3,Marcus Vinicius Ribeiro de Siqueira,Alliance
World IBJJF Jiu-Jitsu Championship ,2025,Adult,Black,Female,Rooster,1,Mayssa Caldas Pereira Bastos,AOJ
World IBJJF Jiu-Jitsu Championship ,2025,Adult,Black,Female,Light-Feather,1,Mia Funegra,AOJ
World IBJJF Jiu-Jitsu Championship ,2025,Adult,Black,Female,Feather,1,Larissa Campos Carvalho,AOJ
World IBJJF Jiu-Jitsu Championship ,2025,Adult,Black,Female,Light,1,Janaina Maia de Menezes,AOJ
World IBJJF Jiu-Jitsu Championship ,2025,Adult,Black,Female,Middle,1,Thalyta Stefhane Lima Silva,Fratres Brazilian Jiu-Jitsu
World IBJJF Jiu-Jitsu Championship ,2025,Adult,Black,Female,Medium-Heavy,1,Thamara Ferreira Silva,Fratres Brazilian Jiu-Jitsu
World IBJJF Jiu-Jitsu Championship ,2025,Adult,Black,Female,Heavy,1,Larissa Dias de Almeida,R1NG BJJ
World IBJJF Jiu-Jitsu Championship ,2025,Adult,Black,Female,Super-Heavy,1,Gabrieli Pessanha de Souza Marinho,Infight JJ
World IBJJF Jiu-Jitsu Championship ,2025,Adult,Black,Female,Open Class,1,Gabrieli Pessanha de Souza Marinho,Infight JJ
World IBJJF Jiu-Jitsu Championship ,2025,Adult,Black,Female,Rooster,2,Mariana Cabral Rolszt,Gracie Humaita
World IBJJF Jiu-Jitsu Championship ,2025,Adult,Black,Female,Light-Feather,2,Andressa Nogueira Tolentino Guirau,Barreto
World IBJJF Jiu-Jitsu Championship ,2025,Adult,Black,Female,Feather,2,Caroline Brunacio Vinhaes,GF Team
World IBJJF Jiu-Jitsu Championship ,2025,Adult,Black,Female,Light,2,Luiza Monteiro Moura da Costa,Atos Jiu-Jitsu
World IBJJF Jiu-Jitsu Championship ,2025,Adult,Black,Female,Middle,2,Elisabeth Ann Clay,Ares BJJ
World IBJJF Jiu-Jitsu Championship ,2025,Adult,Black,Female,Medium-Heavy,2,Ingridd Alves de Sousa,DreamArt
World IBJJF Jiu-Jitsu Championship ,2025,Adult,Black,Female,Heavy,2,Yara Soares do Nascimento,Fratres Brazilian Jiu-Jitsu
World IBJJF Jiu-Jitsu Championship ,2025,Adult,Black,Female,Super-Heavy,2,Tayane Porfírio de Araújo,Alliance
World IBJJF Jiu-Jitsu Championship ,2025,Adult,Black,Female,Open Class,2,Tayane Porfírio de Araújo,Alliance
World IBJJF Jiu-Jitsu Championship ,2025,Adult,Black,Female,Rooster,3,Amber R Rymarz-Freitas,Atos JJ International
World IBJJF Jiu-Jitsu Championship ,2025,Adult,Black,Female,Rooster,3,Kanae Ikeda,Igloo
World IBJJF Jiu-Jitsu Championship ,2025,Adult,Black,Female,Light-Feather,3,Jessica Caroline Coelho Dantas,Pax Jiu-Jitsu Academy
World IBJJF Jiu-Jitsu Championship ,2025,Adult,Black,Female,Light-Feather,3,Rose-Marie El Sharouni,CheckMat
World IBJJF Jiu-Jitsu Championship ,2025,Adult,Black,Female,Feather,3,Cassia Moura Remesar,LEAD BJJ
World IBJJF Jiu-Jitsu Championship ,2025,Adult,Black,Female,Feather,3,Maria Luiza Nunes Pinto,JFC Almeida JJ
World IBJJF Jiu-Jitsu Championship ,2025,Adult,Black,Female,Light,3,Brianna Ste-Marie,Mizu Studio
World IBJJF Jiu-Jitsu Championship ,2025,Adult,Black,Female,Light,3,Vitoria Carolina Araujo Vieira,GF Team
World IBJJF Jiu-Jitsu Championship ,2025,Adult,Black,Female,Middle,3,Gisele Constante Menezes Tavares,GF Team
World IBJJF Jiu-Jitsu Championship ,2025,Adult,Black,Female,Middle,3,Rebeca Ferreira de Lima,GF Team
World IBJJF Jiu-Jitsu Championship ,2025,Adult,Black,Female,Medium-Heavy,3,Elizabeth Katherine Mitrovic,Alliance
World IBJJF Jiu-Jitsu Championship ,2025,Adult,Black,Female,Medium-Heavy,3,Salla Mari Simola,Hilti BJJ Turku
World IBJJF Jiu-Jitsu Championship ,2025,Adult,Black,Female,Heavy,3,Anabel Lopez Beard,CheckMat
World IBJJF Jiu-Jitsu Championship ,2025,Adult,Black,Female,Heavy,3,Tamiris Fernanda da Silva,DreamArt
World IBJJF Jiu-Jitsu Championship ,2025,Adult,Black,Female,Super-Heavy,3,Bridgett G Brumbaugh,Active Jiu-Jitsu
World IBJJF Jiu-Jitsu Championship ,2025,Adult,Black,Female,Super-Heavy,3,Maria Victoria Barboza de Santiago,Nova União
World IBJJF Jiu-Jitsu Championship ,2025,Adult,Black,Female,Open Class,3,Elisabeth Ann Clay,Ares BJJ
World IBJJF Jiu-Jitsu Championship ,2025,Adult,Black,Female,Open Class,3,Izadora Cristina Silva,DreamArt
World IBJJF Jiu-Jitsu Championship ,2026,Adult,Black,Male,Rooster,1,Michael Jalen B. Fonacier,Alliance
World IBJJF Jiu-Jitsu Championship ,2026,Adult,Black,Male,Light-Feather,1,Diego Oliveira Batista,AOJ
World IBJJF Jiu-Jitsu Championship ,2026,Adult,Black,Male,Feather,1,Cole Anthony Abate,AOJ
World IBJJF Jiu-Jitsu Championship ,2026,Adult,Black,Male,Light,1,Matheus Gabriel Pinheiro Barros,CheckMat
World IBJJF Jiu-Jitsu Championship ,2026,Adult,Black,Male,Middle,1,Tainan Dalpra Costa,AOJ
World IBJJF Jiu-Jitsu Championship ,2026,Adult,Black,Male,Medium-Heavy,1,Jansen Gomes Ramos,CheckMat
World IBJJF Jiu-Jitsu Championship ,2026,Adult,Black,Male,Heavy,1,Rider Zuchi Samelo do Amaral,Team 6 BJJ
World IBJJF Jiu-Jitsu Championship ,2026,Adult,Black,Male,Super-Heavy,1,Vinicius Liberati,Soldiers Jiu-Jitsu
World IBJJF Jiu-Jitsu Championship ,2026,Adult,Black,Male,Ultra-Heavy,1,Seif-Eddine Houmine,GF Team
World IBJJF Jiu-Jitsu Championship ,2026,Adult,Black,Male,Open Class,1,Erich Munis dos Santos,Soldiers Jiu-Jitsu
World IBJJF Jiu-Jitsu Championship ,2026,Adult,Black,Male,Rooster,2,Thalison Vitorino Soares,AOJ
World IBJJF Jiu-Jitsu Championship ,2026,Adult,Black,Male,Light-Feather,2,Khaled Mohammad A. Y. Alshehhi,UAE Jiu-Jitsu Team
World IBJJF Jiu-Jitsu Championship ,2026,Adult,Black,Male,Feather,2,Samuel A. Nagai Hatchwell,CheckMat
World IBJJF Jiu-Jitsu Championship ,2026,Adult,Black,Male,Light,2,Jackson Nagai Hatchwell Junior,CheckMat
World IBJJF Jiu-Jitsu Championship ,2026,Adult,Black,Male,Middle,2,Natan Chueng Freitas,Unity Jiu-jitsu
World IBJJF Jiu-Jitsu Championship ,2026,Adult,Black,Male,Medium-Heavy,2,Enderson Dias de Almeida,Elementum Jiu-Jitsu
World IBJJF Jiu-Jitsu Championship ,2026,Adult,Black,Male,Heavy,2,Nicholas Maglicic,Atos Jiu-Jitsu
World IBJJF Jiu-Jitsu Championship ,2026,Adult,Black,Male,Super-Heavy,2,Erich Munis dos Santos,Soldiers Jiu-Jitsu
World IBJJF Jiu-Jitsu Championship ,2026,Adult,Black,Male,Ultra-Heavy,2,Gutemberg de Jesus Santos Pereira,CheckMat
World IBJJF Jiu-Jitsu Championship ,2026,Adult,Black,Male,Open Class,2,Marcus Vinicius Ribeiro de Siqueira,Alliance
World IBJJF Jiu-Jitsu Championship ,2026,Adult,Black,Male,Rooster,3,Rodnei Barbosa Gabriel Jr.,CheckMat
World IBJJF Jiu-Jitsu Championship ,2026,Adult,Black,Male,Rooster,3,Yuri Hendrex Assunção Soares,NTV Jiu-Jitsu School
World IBJJF Jiu-Jitsu Championship ,2026,Adult,Black,Male,Light-Feather,3,Gustavo Umeoka Ogawa,AOJ
World IBJJF Jiu-Jitsu Championship ,2026,Adult,Black,Male,Light-Feather,3,SeongHyeon Joo,CheckMat
World IBJJF Jiu-Jitsu Championship ,2026,Adult,Black,Male,Feather,3,João Pedro Bueno Mendes,Alliance
World IBJJF Jiu-Jitsu Championship ,2026,Adult,Black,Male,Feather,3,Yuta Shimada,Alliance JJ
World IBJJF Jiu-Jitsu Championship ,2026,Adult,Black,Male,Light,3,Rômulo Elizeu Rocha Diniz,Alliance
World IBJJF Jiu-Jitsu Championship ,2026,Adult,Black,Male,Light,3,Tarcisio Damasceno Santos,Marcio Andre Jiu-Jitsu
World IBJJF Jiu-Jitsu Championship ,2026,Adult,Black,Male,Middle,3,José Matheus Macedo de Lira Luna,CheckMat
World IBJJF Jiu-Jitsu Championship ,2026,Adult,Black,Male,Middle,3,José Steve Nduazulu Ndilu,DreamArt
World IBJJF Jiu-Jitsu Championship ,2026,Adult,Black,Male,Medium-Heavy,3,João Gabriel Galvão da Silva,Soldiers Jiu-Jitsu
World IBJJF Jiu-Jitsu Championship ,2026,Adult,Black,Male,Medium-Heavy,3,Wallisson Oliveira Souza,Campeão United Jiu-Jitsu
World IBJJF Jiu-Jitsu Championship ,2026,Adult,Black,Male,Heavy,3,Leonardo Silveira Ferreira,Alliance
World IBJJF Jiu-Jitsu Championship ,2026,Adult,Black,Male,Heavy,3,Luiz Felipe Assis dos Santos,Alliance
World IBJJF Jiu-Jitsu Championship ,2026,Adult,Black,Male,Super-Heavy,3,Harryson Santana Pereira,Ataque Duplo
World IBJJF Jiu-Jitsu Championship ,2026,Adult,Black,Male,Super-Heavy,3,Windson Alves de Oliveira Torres,Six Blades Jiu-Jitsu
World IBJJF Jiu-Jitsu Championship ,2026,Adult,Black,Male,Ultra-Heavy,3,Anderson Kauan Gomes Marinho,Infight Jiu-Jitsu
World IBJJF Jiu-Jitsu Championship ,2026,Adult,Black,Male,Ultra-Heavy,3,Marcus Vinicius Ribeiro de Siqueira,Alliance
World IBJJF Jiu-Jitsu Championship ,2026,Adult,Black,Male,Open Class,3,Anderson Kauan Gomes Marinho,Infight Jiu-Jitsu
World IBJJF Jiu-Jitsu Championship ,2026,Adult,Black,Male,Open Class,3,Cássio Felipe Sousa Costa,Six Blades Jiu-Jitsu
World IBJJF Jiu-Jitsu Championship ,2026,Adult,Black,Female,Rooster,1,Mayssa Caldas Pereira Bastos,AOJ
World IBJJF Jiu-Jitsu Championship ,2026,Adult,Black,Female,Light-Feather,1,Ashlee Funegra,AOJ
World IBJJF Jiu-Jitsu Championship ,2026,Adult,Black,Female,Feather,1,Sabrina Rogéria Ataide B. Gondim,Fight Sports
World IBJJF Jiu-Jitsu Championship ,2026,Adult,Black,Female,Light,1,Janaina Maia de Menezes,Alliance
World IBJJF Jiu-Jitsu Championship ,2026,Adult,Black,Female,Middle,1,Lillian Jane Marchand,Atos Jiu-Jitsu
World IBJJF Jiu-Jitsu Championship ,2026,Adult,Black,Female,Medium-Heavy,1,Thamara Ferreira Silva,UAE Jiu-Jitsu Team
World IBJJF Jiu-Jitsu Championship ,2026,Adult,Black,Female,Heavy,1,Larissa Dias de Almeida,Elementum Jiu-Jitsu
World IBJJF Jiu-Jitsu Championship ,2026,Adult,Black,Female,Super-Heavy,1,Gabrieli Pessanha de Souza Marinho,Infight Jiu-Jitsu
World IBJJF Jiu-Jitsu Championship ,2026,Adult,Black,Female,Open Class,1,Gabrieli Pessanha de Souza Marinho,Infight Jiu-Jitsu
World IBJJF Jiu-Jitsu Championship ,2026,Adult,Black,Female,Rooster,2,Jessica Caroline Coelho Dantas,Pax Jiu-Jitsu Academy
World IBJJF Jiu-Jitsu Championship ,2026,Adult,Black,Female,Light-Feather,2,Vitória Damiana Silva de Assis,Double Five
World IBJJF Jiu-Jitsu Championship ,2026,Adult,Black,Female,Feather,2,Gabrielle Mc Comb Lima,Logos JJ
World IBJJF Jiu-Jitsu Championship ,2026,Adult,Black,Female,Light,2,Sarah C. Firme Galvao,Atos Jiu-Jitsu
World IBJJF Jiu-Jitsu Championship ,2026,Adult,Black,Female,Middle,2,Elisabeth Ann Clay,Six Blades Jiu-Jitsu
World IBJJF Jiu-Jitsu Championship ,2026,Adult,Black,Female,Medium-Heavy,2,Ingridd Alves de Sousa,Guigo JJ
World IBJJF Jiu-Jitsu Championship ,2026,Adult,Black,Female,Heavy,2,Maria Raniele Alencar Lima,Atos Jiu-Jitsu
World IBJJF Jiu-Jitsu Championship ,2026,Adult,Black,Female,Super-Heavy,2,Tayane Porfírio de Araújo,Alliance
World IBJJF Jiu-Jitsu Championship ,2026,Adult,Black,Female,Open Class,2,Tayane Porfírio de Araújo,Alliance
World IBJJF Jiu-Jitsu Championship ,2026,Adult,Black,Female,Rooster,3,Mariana Cabral Rolszt,Gracie Humaita
World IBJJF Jiu-Jitsu Championship ,2026,Adult,Black,Female,Rooster,3,Thaís Loureiro Felipe,Mekka Jiu-Jitsu
World IBJJF Jiu-Jitsu Championship ,2026,Adult,Black,Female,Light-Feather,3,Andressa Nogueira Tolentino Guirau,Barreto
World IBJJF Jiu-Jitsu Championship ,2026,Adult,Black,Female,Light-Feather,3,Thaynara Victoria Soares da Silva,Aspire To Inspire
World IBJJF Jiu-Jitsu Championship ,2026,Adult,Black,Female,Feather,3,Giovanah Oliveira da Silva,JFC Almeida JJ
World IBJJF Jiu-Jitsu Championship ,2026,Adult,Black,Female,Feather,3,Margot Ciccarelli,AOJ
World IBJJF Jiu-Jitsu Championship ,2026,Adult,Black,Female,Light,3,Beatrice Z Jin,Kogaion Academy
World IBJJF Jiu-Jitsu Championship ,2026,Adult,Black,Female,Light,3,Giovanna Parmisano Leite,Fratres Brazilian Jiu-Jitsu
World IBJJF Jiu-Jitsu Championship ,2026,Adult,Black,Female,Middle,3,Emily Elizabeth Ferreira,LEAD BJJ
World IBJJF Jiu-Jitsu Championship ,2026,Adult,Black,Female,Middle,3,Larissa Martins dos Santos,DreamArt
World IBJJF Jiu-Jitsu Championship ,2026,Adult,Black,Female,Medium-Heavy,3,Izadora Cristina Silva,DreamArt
World IBJJF Jiu-Jitsu Championship ,2026,Adult,Black,Female,Medium-Heavy,3,Maria Carolina Barón Vicentini,AOJ
World IBJJF Jiu-Jitsu Championship ,2026,Adult,Black,Female,Heavy,3,Tamiris Fernanda da Silva,DreamArt
World IBJJF Jiu-Jitsu Championship ,2026,Adult,Black,Female,Heavy,3,Yara Soares do Nascimento,DreamArt
World IBJJF Jiu-Jitsu Championship ,2026,Adult,Black,Female,Super-Heavy,3,Luane Carvalho Correia,CheckMat
World IBJJF Jiu-Jitsu Championship ,2026,Adult,Black,Female,Super-Heavy,3,Simone de Abreu Pinheiro,CheckMat
World IBJJF Jiu-Jitsu Championship ,2026,Adult,Black,Female,Open Class,3,Maria Vitória G. Ruffatto-Gilpin,Canby Jiu-Jitsu
World IBJJF Jiu-Jitsu Championship ,2026,Adult,Black,Female,Open Class,3,Sarah C. Firme Galvao,Atos Jiu-Jitsu
